basis,seed,pair,crossing_index,reference_Tc_K,Tc_error_K,Tc_err_from_dG_K,false_crossings,missed_crossings,sign_accuracy
polynomial,11,sio2:cristobalite_beta_minus_quartz_beta,1,1542.7087047758675,670.5873449628818,2822.086905806523,0,0,0.593086719223772
polynomial,11,sio2:cristobalite_beta_minus_tridymite_p63mmc,,,n/a:no_reference_crossing,n/a:no_reference_crossing,1,0,0.810794420861128
polynomial,11,sio2:quartz_beta_minus_tridymite_p63mmc,1,1582.3215510581538,626.8969082669121,3315.708219468788,0,0,0.6197695573074591
polynomial,23,sio2:cristobalite_beta_minus_quartz_beta,1,1542.7087047758675,668.5176364839774,2839.5837379549866,0,0,0.5942995755003032
polynomial,23,sio2:cristobalite_beta_minus_tridymite_p63mmc,,,n/a:no_reference_crossing,n/a:no_reference_crossing,1,0,0.8089751364463311
polynomial,23,sio2:quartz_beta_minus_tridymite_p63mmc,1,1582.3215510581538,624.5853656187958,3330.5832146248326,0,0,0.6215888417222559
polynomial,37,sio2:cristobalite_beta_minus_quartz_beta,1,1542.7087047758675,667.9772375179639,2845.695775113925,0,0,0.5949060036385688
polynomial,37,sio2:cristobalite_beta_minus_tridymite_p63mmc,,,n/a:no_reference_crossing,n/a:no_reference_crossing,1,0,0.8083687083080655
polynomial,37,sio2:quartz_beta_minus_tridymite_p63mmc,1,1582.3215510581538,624.0972114454355,3336.971936513625,0,0,0.6215888417222559
polynomial,51,sio2:cristobalite_beta_minus_quartz_beta,1,1542.7087047758675,670.4383824788999,2823.6271033163175,0,0,0.593086719223772
polynomial,51,sio2:cristobalite_beta_minus_tridymite_p63mmc,,,n/a:no_reference_crossing,n/a:no_reference_crossing,1,0,0.810794420861128
polynomial,51,sio2:quartz_beta_minus_tridymite_p63mmc,1,1582.3215510581538,626.764990737064,3317.335303966552,0,0,0.6197695573074591
polynomial,67,sio2:cristobalite_beta_minus_quartz_beta,1,1542.7087047758675,669.6660562140812,2834.0027485334294,0,0,0.5936931473620376
polynomial,67,sio2:cristobalite_beta_minus_tridymite_p63mmc,,,n/a:no_reference_crossing,n/a:no_reference_crossing,1,0,0.8101879927228623
polynomial,67,sio2:quartz_beta_minus_tridymite_p63mmc,1,1582.3215510581538,625.9566520423607,3327.7492975504506,0,0,0.6203759854457247
tlog_polynomial,11,sio2:cristobalite_beta_minus_quartz_beta,1,1542.7087047758675,559.4466001493872,1321.4349416393418,0,0,0.6604002425712553
tlog_polynomial,11,sio2:cristobalite_beta_minus_tridymite_p63mmc,,,n/a:no_reference_crossing,n/a:no_reference_crossing,1,0,0.8544572468162522
tlog_polynomial,11,sio2:quartz_beta_minus_tridymite_p63mmc,1,1582.3215510581538,547.4619203431032,1641.0454216891094,0,0,0.6682838083687083
tlog_polynomial,23,sio2:cristobalite_beta_minus_quartz_beta,1,1542.7087047758675,558.9156270893757,1317.6184690325003,0,0,0.6610066707095209
tlog_polynomial,23,sio2:cristobalite_beta_minus_tridymite_p63mmc,,,n/a:no_reference_crossing,n/a:no_reference_crossing,1,0,0.8544572468162522
tlog_polynomial,23,sio2:quartz_beta_minus_tridymite_p63mmc,1,1582.3215510581538,547.0342951641667,1636.9254835222634,0,0,0.6682838083687083
tlog_polynomial,37,sio2:cristobalite_beta_minus_quartz_beta,1,1542.7087047758675,559.3812856453612,1319.9995939483067,0,0,0.6604002425712553
tlog_polynomial,37,sio2:cristobalite_beta_minus_tridymite_p63mmc,,,n/a:no_reference_crossing,n/a:no_reference_crossing,1,0,0.853244390539721
tlog_polynomial,37,sio2:quartz_beta_minus_tridymite_p63mmc,1,1582.3215510581538,547.1582936602638,1638.974513129274,0,0,0.6682838083687083
tlog_polynomial,51,sio2:cristobalite_beta_minus_quartz_beta,1,1542.7087047758675,559.2091777373914,1319.7895675899,0,0,0.6610066707095209
tlog_polynomial,51,sio2:cristobalite_beta_minus_tridymite_p63mmc,,,n/a:no_reference_crossing,n/a:no_reference_crossing,1,0,0.8538508186779866
tlog_polynomial,51,sio2:quartz_beta_minus_tridymite_p63mmc,1,1582.3215510581538,547.211549124974,1639.1899305501202,0,0,0.6682838083687083
tlog_polynomial,67,sio2:cristobalite_beta_minus_quartz_beta,1,1542.7087047758675,558.8474384584449,1317.352945743614,0,0,0.6610066707095209
tlog_polynomial,67,sio2:cristobalite_beta_minus_tridymite_p63mmc,,,n/a:no_reference_crossing,n/a:no_reference_crossing,1,0,0.8538508186779866
tlog_polynomial,67,sio2:quartz_beta_minus_tridymite_p63mmc,1,1582.3215510581538,546.953548995217,1636.7153852410986,0,0,0.6682838083687083
