predictor,subset,fold,pair,crossing_index,field,old_value,new_value,difference,reason
bartel2018,main,hf,hf:hcp_minus_bcc,1,crossing_slope_eV_per_atom_per_K,0.0,2.730316742081386e-05,2.730316742081386e-05,least-squares reference ΔG slope in clipped Tc ±25 K window; Tc_err_from_dG recomputed from fitted slope
bartel2018,main,ti,ti:hcp_minus_bcc,1,crossing_slope_eV_per_atom_per_K,0.0,3.900452488687797e-05,3.900452488687797e-05,least-squares reference ΔG slope in clipped Tc ±25 K window; Tc_err_from_dG recomputed from fitted slope
bartel2018,main,zr,zr:hcp_minus_bcc,1,crossing_slope_eV_per_atom_per_K,4.999999999999449e-05,3.5807923169268024e-05,-1.4192076830726469e-05,least-squares reference ΔG slope in clipped Tc ±25 K window; Tc_err_from_dG recomputed from fitted slope
constant_delta_g,main,hf,hf:hcp_minus_bcc,1,crossing_slope_eV_per_atom_per_K,n/a:no_training_phase,2.730316742081386e-05,,least-squares reference ΔG slope in clipped Tc ±25 K window; Tc_err_from_dG recomputed from fitted slope
constant_delta_g,main,ti,ti:hcp_minus_bcc,1,crossing_slope_eV_per_atom_per_K,n/a:no_training_phase,3.900452488687797e-05,,least-squares reference ΔG slope in clipped Tc ±25 K window; Tc_err_from_dG recomputed from fitted slope
constant_delta_g,main,zr,zr:hcp_minus_bcc,1,crossing_slope_eV_per_atom_per_K,n/a:no_training_phase,3.5807923169268024e-05,,least-squares reference ΔG slope in clipped Tc ±25 K window; Tc_err_from_dG recomputed from fitted slope
constant_offset_0.005,main,hf,hf:hcp_minus_bcc,1,crossing_slope_eV_per_atom_per_K,4.999999999999449e-05,2.730316742081386e-05,-2.2696832579180635e-05,least-squares reference ΔG slope in clipped Tc ±25 K window; Tc_err_from_dG recomputed from fitted slope
global_mean_delta_g,main,hf,hf:hcp_minus_bcc,1,crossing_slope_eV_per_atom_per_K,0.0,2.730316742081386e-05,2.730316742081386e-05,least-squares reference ΔG slope in clipped Tc ±25 K window; Tc_err_from_dG recomputed from fitted slope
global_mean_delta_g,main,ti,ti:hcp_minus_bcc,1,crossing_slope_eV_per_atom_per_K,0.0,3.900452488687797e-05,3.900452488687797e-05,least-squares reference ΔG slope in clipped Tc ±25 K window; Tc_err_from_dG recomputed from fitted slope
global_mean_delta_g,main,zr,zr:hcp_minus_bcc,1,crossing_slope_eV_per_atom_per_K,4.999999999999449e-05,3.5807923169268024e-05,-1.4192076830726469e-05,least-squares reference ΔG slope in clipped Tc ±25 K window; Tc_err_from_dG recomputed from fitted slope
interp_const,main,hf,hf:hcp_minus_bcc,1,crossing_slope_eV_per_atom_per_K,n/a:no_training_phase,2.730316742081386e-05,,least-squares reference ΔG slope in clipped Tc ±25 K window; Tc_err_from_dG recomputed from fitted slope
interp_const,main,ti,ti:hcp_minus_bcc,1,crossing_slope_eV_per_atom_per_K,n/a:no_training_phase,3.900452488687797e-05,,least-squares reference ΔG slope in clipped Tc ±25 K window; Tc_err_from_dG recomputed from fitted slope
interp_const,main,zr,zr:hcp_minus_bcc,1,crossing_slope_eV_per_atom_per_K,n/a:no_training_phase,3.5807923169268024e-05,,least-squares reference ΔG slope in clipped Tc ±25 K window; Tc_err_from_dG recomputed from fitted slope
phase_id_mlp,main,hf,hf:hcp_minus_bcc,1,crossing_slope_eV_per_atom_per_K,n/a:no_training_phase,2.730316742081386e-05,,least-squares reference ΔG slope in clipped Tc ±25 K window; Tc_err_from_dG recomputed from fitted slope
phase_id_mlp,main,ti,ti:hcp_minus_bcc,1,crossing_slope_eV_per_atom_per_K,n/a:no_training_phase,3.900452488687797e-05,,least-squares reference ΔG slope in clipped Tc ±25 K window; Tc_err_from_dG recomputed from fitted slope
phase_id_mlp,main,zr,zr:hcp_minus_bcc,1,crossing_slope_eV_per_atom_per_K,n/a:no_training_phase,3.5807923169268024e-05,,least-squares reference ΔG slope in clipped Tc ±25 K window; Tc_err_from_dG recomputed from fitted slope
reference,main,hf,hf:hcp_minus_bcc,1,crossing_slope_eV_per_atom_per_K,4.999999999999449e-05,2.730316742081386e-05,-2.2696832579180635e-05,least-squares reference ΔG slope in clipped Tc ±25 K window; Tc_err_from_dG recomputed from fitted slope
reference_noise_0.005,main,hf,hf:hcp_minus_bcc,1,crossing_slope_eV_per_atom_per_K,4.999999999999449e-05,2.730316742081386e-05,-2.2696832579180635e-05,least-squares reference ΔG slope in clipped Tc ±25 K window; Tc_err_from_dG recomputed from fitted slope
reference_noise_0.005,main,hf,hf:hcp_minus_bcc,1,Tc_err_from_dG_K,14.478547975251207,26.51441085954787,12.035862884296662,least-squares reference ΔG slope in clipped Tc ±25 K window; Tc_err_from_dG recomputed from fitted slope
root_stability_iid_0.005,main,hf,hf:hcp_minus_bcc,1,crossing_slope_eV_per_atom_per_K,4.999999999999449e-05,2.730316742081386e-05,-2.2696832579180635e-05,least-squares reference ΔG slope in clipped Tc ±25 K window; Tc_err_from_dG recomputed from fitted slope
root_stability_iid_0.005,main,hf,hf:hcp_minus_bcc,1,Tc_err_from_dG_K,49.45578901189064,90.56786022229761,41.112071210406974,least-squares reference ΔG slope in clipped Tc ±25 K window; Tc_err_from_dG recomputed from fitted slope
zero,main,hf,hf:hcp_minus_bcc,1,crossing_slope_eV_per_atom_per_K,n/a:degenerate_prediction,2.730316742081386e-05,,least-squares reference ΔG slope in clipped Tc ±25 K window; Tc_err_from_dG recomputed from fitted slope
zero,main,ti,ti:hcp_minus_bcc,1,crossing_slope_eV_per_atom_per_K,n/a:degenerate_prediction,3.900452488687797e-05,,least-squares reference ΔG slope in clipped Tc ±25 K window; Tc_err_from_dG recomputed from fitted slope
zero,main,zr,zr:hcp_minus_bcc,1,crossing_slope_eV_per_atom_per_K,n/a:degenerate_prediction,3.5807923169268024e-05,,least-squares reference ΔG slope in clipped Tc ±25 K window; Tc_err_from_dG recomputed from fitted slope
