split,fold,pair,predictor,eval_scope,n_evaluation_points,delta_G_MAE_eV_per_atom,delta_G_RMSE_eV_per_atom,sign_accuracy,balanced_sign_accuracy,reference_Tc_K,predicted_Tc_K,Tc_error_K,Tc_err_from_dG_K,false_crossings,missed_crossings
temp_extrap,all,hf:hcp_minus_bcc,constant_sign,test_shared,508,0.004236417937007873,0.005073625981989519,0.19291338582677164,0.5,[1919.0],[],n/a:missed_crossing,n/a:missed_crossing,0,1
temp_extrap,all,sio2:quartz_beta_minus_cristobalite_beta,constant_sign,test_shared,1057,0.00339517109334173,0.004090935908210199,0.0946073793755913,0.5,[1542.7087047758675],[],n/a:missed_crossing,n/a:missed_crossing,0,1
temp_extrap,all,sio2:quartz_beta_minus_tridymite_p63mmc,constant_sign,test_shared,1057,0.0031744994155176636,0.0038774142184636565,0.13245033112582782,0.5,[1582.3215510581538],[],n/a:missed_crossing,n/a:missed_crossing,0,1
temp_extrap,all,sio2:cristobalite_beta_minus_tridymite_p63mmc,constant_sign,test_shared,1057,0.0002858232915698074,0.0002878036719217554,1.0,1.0,[],[],n/a:no_reference_crossing,n/a:no_reference_crossing,0,0
temp_extrap,all,ti:hcp_minus_bcc,constant_sign,test_shared,615,0.006805691738211381,0.007974442668682153,0.15934959349593497,0.5,[1012.0],[],n/a:missed_crossing,n/a:missed_crossing,0,1
temp_extrap,all,zr:hcp_minus_bcc,constant_sign,test_shared,644,0.0066194106304347826,0.007738353076484452,0.15372670807453417,0.5,[975.5],[],n/a:missed_crossing,n/a:missed_crossing,0,1
phase_lopo,hf:bcc,hf:hcp_minus_bcc,constant_sign,test_plus_partner_train,1252,0.01139983991054313,0.014514649411166446,0.6725239616613419,0.5,[1919.0],[],n/a:missed_crossing,n/a:missed_crossing,0,1
phase_lopo,hf:hcp,hf:hcp_minus_bcc,constant_sign,test_plus_partner_train,1252,0.01139983991054313,0.014514649411166446,0.6725239616613419,0.5,[1919.0],[],n/a:missed_crossing,n/a:missed_crossing,0,1
phase_lopo,sio2:cristobalite_beta,sio2:quartz_beta_minus_cristobalite_beta,constant_sign,test_plus_partner_train,1649,0.0032090934035248473,0.0037701966663374986,0.41964827167980595,0.5,[1542.7087047758675],[],n/a:missed_crossing,n/a:missed_crossing,0,1
phase_lopo,sio2:cristobalite_beta,sio2:cristobalite_beta_minus_tridymite_p63mmc,constant_sign,test_plus_partner_train,1649,0.00025388851250628347,0.0002605780148244869,1.0,1.0,[],[],n/a:no_reference_crossing,n/a:no_reference_crossing,0,0
phase_lopo,sio2:quartz_beta,sio2:quartz_beta_minus_cristobalite_beta,constant_sign,test_plus_partner_train,1649,0.0032090934035248473,0.0037701966663374986,0.41964827167980595,0.5,[1542.7087047758675],[],n/a:missed_crossing,n/a:missed_crossing,0,1
phase_lopo,sio2:quartz_beta,sio2:quartz_beta_minus_tridymite_p63mmc,constant_sign,test_plus_partner_train,1649,0.003138321764030327,0.0036745674032874448,0.44390539721043054,0.5,[1582.3215510581538],[],n/a:missed_crossing,n/a:missed_crossing,0,1
phase_lopo,sio2:tridymite_p63mmc,sio2:quartz_beta_minus_tridymite_p63mmc,constant_sign,test_plus_partner_train,1649,0.003138321764030327,0.0036745674032874448,0.44390539721043054,0.5,[1582.3215510581538],[],n/a:missed_crossing,n/a:missed_crossing,0,1
phase_lopo,sio2:tridymite_p63mmc,sio2:cristobalite_beta_minus_tridymite_p63mmc,constant_sign,test_plus_partner_train,1649,0.00025388851250628347,0.0002605780148244869,1.0,1.0,[],[],n/a:no_reference_crossing,n/a:no_reference_crossing,0,0
phase_lopo,ti:bcc,ti:hcp_minus_bcc,constant_sign,test_plus_partner_train,693,0.006696825888888888,0.007771210481127913,0.25396825396825395,0.5,[1012.0],[],n/a:missed_crossing,n/a:missed_crossing,0,1
phase_lopo,ti:hcp,ti:hcp_minus_bcc,constant_sign,test_plus_partner_train,693,0.006696825888888888,0.007771210481127913,0.25396825396825395,0.5,[1012.0],[],n/a:missed_crossing,n/a:missed_crossing,0,1
phase_lopo,zr:bcc,zr:hcp_minus_bcc,constant_sign,test_plus_partner_train,910,0.007598241956043957,0.00868700067522903,0.4010989010989011,0.5,[975.5],[],n/a:missed_crossing,n/a:missed_crossing,0,1
phase_lopo,zr:hcp,zr:hcp_minus_bcc,constant_sign,test_plus_partner_train,910,0.007598241956043957,0.00868700067522903,0.4010989010989011,0.5,[975.5],[],n/a:missed_crossing,n/a:missed_crossing,0,1
system_loso,hf,hf:hcp_minus_bcc,constant_sign,test_shared,1252,0.01139983991054313,0.014514649411166446,0.6725239616613419,0.5,[1919.0],[],n/a:missed_crossing,n/a:missed_crossing,0,1
system_loso,ti,ti:hcp_minus_bcc,constant_sign,test_shared,693,0.006696825888888888,0.007771210481127913,0.25396825396825395,0.5,[1012.0],[],n/a:missed_crossing,n/a:missed_crossing,0,1
system_loso,zr,zr:hcp_minus_bcc,constant_sign,test_shared,910,0.007598241956043957,0.00868700067522903,0.4010989010989011,0.5,[975.5],[],n/a:missed_crossing,n/a:missed_crossing,0,1
system_loso_overlap_T,hf,hf:hcp_minus_bcc,constant_sign,test_shared,452,0.021931414929203544,0.0226393677879106,1.0,1.0,[1919.0],[],n/a:missed_crossing,n/a:missed_crossing,0,1
