system,phase,seed,qh_reliable,predictor,thermo_abs_G_rmse_meV,thermo_QH_residual_rmse_meV,R_QH_over_abs,T_ref_K,n_train,n_test,split_sha256,fqh_source
hf,bcc,11,False,thermo_QH_residual,1.216185181506986,1.2129439989264705,0.9973349596510466,1819.0,744,508,30ede38197139d5e2e7aebb33580f2e050c71d1062b68dbe807abdeba9c9d845,data/processed/hf/bcc/fqh.csv
hf,bcc,23,False,thermo_QH_residual,1.216185181506986,1.2129439989264705,0.9973349596510466,1819.0,744,508,30ede38197139d5e2e7aebb33580f2e050c71d1062b68dbe807abdeba9c9d845,data/processed/hf/bcc/fqh.csv
hf,bcc,37,False,thermo_QH_residual,1.216185181506986,1.2129439989264705,0.9973349596510466,1819.0,744,508,30ede38197139d5e2e7aebb33580f2e050c71d1062b68dbe807abdeba9c9d845,data/processed/hf/bcc/fqh.csv
ti,bcc,11,False,thermo_QH_residual,0.43997357642880686,2.592593407641121,5.8926116170084,912.0,78,615,30ede38197139d5e2e7aebb33580f2e050c71d1062b68dbe807abdeba9c9d845,data/processed/ti/bcc/fqh.csv
ti,bcc,23,False,thermo_QH_residual,0.43997357642880686,2.592593407641121,5.8926116170084,912.0,78,615,30ede38197139d5e2e7aebb33580f2e050c71d1062b68dbe807abdeba9c9d845,data/processed/ti/bcc/fqh.csv
ti,bcc,37,False,thermo_QH_residual,0.43997357642880686,2.592593407641121,5.8926116170084,912.0,78,615,30ede38197139d5e2e7aebb33580f2e050c71d1062b68dbe807abdeba9c9d845,data/processed/ti/bcc/fqh.csv
zr,bcc,11,False,thermo_QH_residual,1.3278458530259434,1.2869068899831078,0.9691688888815352,875.0,266,644,30ede38197139d5e2e7aebb33580f2e050c71d1062b68dbe807abdeba9c9d845,data/processed/zr/bcc/fqh.csv
zr,bcc,23,False,thermo_QH_residual,1.3278458530259434,1.2869068899831078,0.9691688888815352,875.0,266,644,30ede38197139d5e2e7aebb33580f2e050c71d1062b68dbe807abdeba9c9d845,data/processed/zr/bcc/fqh.csv
zr,bcc,37,False,thermo_QH_residual,1.3278458530259434,1.2869068899831078,0.9691688888815352,875.0,266,644,30ede38197139d5e2e7aebb33580f2e050c71d1062b68dbe807abdeba9c9d845,data/processed/zr/bcc/fqh.csv
sio2,cristobalite_beta,11,False,thermo_QH_residual,1.3091549805623945,0.2047229243605169,0.15637791353974823,1442.0,592,1057,30ede38197139d5e2e7aebb33580f2e050c71d1062b68dbe807abdeba9c9d845,data/processed/sio2/cristobalite_beta/fqh.csv
sio2,cristobalite_beta,23,False,thermo_QH_residual,1.3091549805623945,0.2047229243605169,0.15637791353974823,1442.0,592,1057,30ede38197139d5e2e7aebb33580f2e050c71d1062b68dbe807abdeba9c9d845,data/processed/sio2/cristobalite_beta/fqh.csv
sio2,cristobalite_beta,37,False,thermo_QH_residual,1.3091549805623945,0.2047229243605169,0.15637791353974823,1442.0,592,1057,30ede38197139d5e2e7aebb33580f2e050c71d1062b68dbe807abdeba9c9d845,data/processed/sio2/cristobalite_beta/fqh.csv
sio2,tridymite_p63mmc,11,False,thermo_QH_residual,1.439212325519183,0.06691898378189741,0.0464969501687369,1442.0,592,1057,30ede38197139d5e2e7aebb33580f2e050c71d1062b68dbe807abdeba9c9d845,data/processed/sio2/tridymite_p63mmc/fqh.csv
sio2,tridymite_p63mmc,23,False,thermo_QH_residual,1.439212325519183,0.06691898378189741,0.0464969501687369,1442.0,592,1057,30ede38197139d5e2e7aebb33580f2e050c71d1062b68dbe807abdeba9c9d845,data/processed/sio2/tridymite_p63mmc/fqh.csv
sio2,tridymite_p63mmc,37,False,thermo_QH_residual,1.439212325519183,0.06691898378189741,0.0464969501687369,1442.0,592,1057,30ede38197139d5e2e7aebb33580f2e050c71d1062b68dbe807abdeba9c9d845,data/processed/sio2/tridymite_p63mmc/fqh.csv
