pair,system,low_phase,high_phase,seed,predictor,gauge_alignment_meV,split_sha256,delta_G_MAE_eV_per_atom,delta_G_RMSE_eV_per_atom,sign_accuracy,reference_Tc_K,predicted_Tc_K,Tc_error_K,Tc_err_from_dG_K,false_crossings,missed_crossings
hf:hcp_minus_bcc,hf,hcp,bcc,11,T3_absolute_both,,30ede38197139d5e2e7aebb33580f2e050c71d1062b68dbe807abdeba9c9d845,0.10268870083256063,0.10727726438531546,0.8011811023622047,[1919.0],[],n/a:missed_crossing,n/a:missed_crossing,0,1
hf:hcp_minus_bcc,hf,hcp,bcc,11,single_side_QH_combo,5645.694979131591,30ede38197139d5e2e7aebb33580f2e050c71d1062b68dbe807abdeba9c9d845,0.4816521563903204,0.5529878945623106,0.8011811023622047,[1919.0],[],n/a:missed_crossing,n/a:missed_crossing,0,1
hf:hcp_minus_bcc,hf,hcp,bcc,23,T3_absolute_both,,30ede38197139d5e2e7aebb33580f2e050c71d1062b68dbe807abdeba9c9d845,0.10506008925626524,0.10959205105261548,0.8011811023622047,[1919.0],[],n/a:missed_crossing,n/a:missed_crossing,0,1
hf:hcp_minus_bcc,hf,hcp,bcc,23,single_side_QH_combo,5643.9446387075,30ede38197139d5e2e7aebb33580f2e050c71d1062b68dbe807abdeba9c9d845,0.48419733827914296,0.5553302963048758,0.8011811023622047,[1919.0],[],n/a:missed_crossing,n/a:missed_crossing,0,1
hf:hcp_minus_bcc,hf,hcp,bcc,37,T3_absolute_both,,30ede38197139d5e2e7aebb33580f2e050c71d1062b68dbe807abdeba9c9d845,0.10805564250362436,0.11263823135202733,0.8011811023622047,[1919.0],[],n/a:missed_crossing,n/a:missed_crossing,0,1
hf:hcp_minus_bcc,hf,hcp,bcc,37,single_side_QH_combo,5642.464143404228,30ede38197139d5e2e7aebb33580f2e050c71d1062b68dbe807abdeba9c9d845,0.4880907819463954,0.5592919706200263,0.8011811023622047,[1919.0],[],n/a:missed_crossing,n/a:missed_crossing,0,1
hf:hcp_minus_bcc,hf,hcp,bcc,none,thermo_form_fit,,30ede38197139d5e2e7aebb33580f2e050c71d1062b68dbe807abdeba9c9d845,0.0005258396541605354,0.0006292188914754289,0.984251968503937,[1919.0],[1912.8915810471858],[-6.108418952814191],[None],0,0
ti:hcp_minus_bcc,ti,hcp,bcc,11,T3_absolute_both,,30ede38197139d5e2e7aebb33580f2e050c71d1062b68dbe807abdeba9c9d845,0.018980227310925236,0.022663929421973053,0.8910569105691057,[1012.0],[946.369025149968],-65.63097485003198,135.35041788907097,0,0
ti:hcp_minus_bcc,ti,hcp,bcc,11,single_side_QH_combo,5761.275350097662,30ede38197139d5e2e7aebb33580f2e050c71d1062b68dbe807abdeba9c9d845,0.23816249380318139,0.2895480872827742,0.8439024390243902,[1012.0],[917.0628488158354],-94.93715118416458,1431.2262196340457,0,0
ti:hcp_minus_bcc,ti,hcp,bcc,23,T3_absolute_both,,30ede38197139d5e2e7aebb33580f2e050c71d1062b68dbe807abdeba9c9d845,0.01897839464853184,0.022661929582491365,0.8910569105691057,[1012.0],[946.3760783755437],-65.62392162445633,135.34202221766122,0,0
ti:hcp_minus_bcc,ti,hcp,bcc,23,single_side_QH_combo,5760.973286939365,30ede38197139d5e2e7aebb33580f2e050c71d1062b68dbe807abdeba9c9d845,0.23823826669764037,0.28963591564245533,0.8439024390243902,[1012.0],[917.0617362123228],-94.93826378767722,1431.8378834359587,0,0
ti:hcp_minus_bcc,ti,hcp,bcc,37,T3_absolute_both,,30ede38197139d5e2e7aebb33580f2e050c71d1062b68dbe807abdeba9c9d845,0.018980662000508294,0.02266446881559505,0.8910569105691057,[1012.0],[946.3672591607849],-65.6327408392151,135.35042434018717,0,0
ti:hcp_minus_bcc,ti,hcp,bcc,37,single_side_QH_combo,5760.648041310042,30ede38197139d5e2e7aebb33580f2e050c71d1062b68dbe807abdeba9c9d845,0.23802172374902247,0.28937944659048087,0.8439024390243902,[1012.0],[917.0666902901921],-94.93330970980787,1430.3102839159,0,0
ti:hcp_minus_bcc,ti,hcp,bcc,none,thermo_form_fit,,30ede38197139d5e2e7aebb33580f2e050c71d1062b68dbe807abdeba9c9d845,0.0010327818607683964,0.0013503515162476322,0.991869918699187,[1012.0],[1008.8048276855745],[-3.195172314425463],[None],0,0
zr:hcp_minus_bcc,zr,hcp,bcc,11,T3_absolute_both,,30ede38197139d5e2e7aebb33580f2e050c71d1062b68dbe807abdeba9c9d845,0.006100044736801901,0.008449463145015603,0.9875776397515528,[975.5],[982.6750116177785],7.175011617778523,-8.964164616524608,0,0
zr:hcp_minus_bcc,zr,hcp,bcc,11,single_side_QH_combo,6886.986397582115,30ede38197139d5e2e7aebb33580f2e050c71d1062b68dbe807abdeba9c9d845,0.14412587969514562,0.1848642846957587,0.8788819875776398,[975.5],[898.1205998432],-77.37940015679999,565.7957906121517,0,0
zr:hcp_minus_bcc,zr,hcp,bcc,23,T3_absolute_both,,30ede38197139d5e2e7aebb33580f2e050c71d1062b68dbe807abdeba9c9d845,0.006098532653850213,0.008447623678731895,0.9875776397515528,[975.5],[982.6881648160421],7.188164816042104,-8.97524163893394,0,0
zr:hcp_minus_bcc,zr,hcp,bcc,23,single_side_QH_combo,6887.084779201333,30ede38197139d5e2e7aebb33580f2e050c71d1062b68dbe807abdeba9c9d845,0.1442559757724655,0.18501832444432809,0.8788819875776398,[975.5],[898.0849263089478],-77.41507369105216,566.7106665431265,0,0
zr:hcp_minus_bcc,zr,hcp,bcc,37,T3_absolute_both,,30ede38197139d5e2e7aebb33580f2e050c71d1062b68dbe807abdeba9c9d845,0.00609936968496939,0.008448638450749092,0.9875776397515528,[975.5],[982.6798825356357],7.17988253563567,-8.973062183689645,0,0
zr:hcp_minus_bcc,zr,hcp,bcc,37,single_side_QH_combo,6887.067428547619,30ede38197139d5e2e7aebb33580f2e050c71d1062b68dbe807abdeba9c9d845,0.14437174747259918,0.18515415041453648,0.8788819875776398,[975.5],[898.05219340733],-77.44780659266996,567.5718975275961,0,0
zr:hcp_minus_bcc,zr,hcp,bcc,none,thermo_form_fit,,30ede38197139d5e2e7aebb33580f2e050c71d1062b68dbe807abdeba9c9d845,0.0006924741828403645,0.0009065611707025532,0.9953416149068323,[975.5],[973.5947140617146],[-1.905285938285374],[1.412222271995489],0,0
sio2:quartz_beta_minus_cristobalite_beta,sio2,quartz_beta,cristobalite_beta,11,T3_absolute_both,,30ede38197139d5e2e7aebb33580f2e050c71d1062b68dbe807abdeba9c9d845,0.02994908233253477,0.03211187365330647,0.0946073793755913,[1542.7087047758675],[],n/a:missed_crossing,n/a:missed_crossing,0,1
sio2:quartz_beta_minus_cristobalite_beta,sio2,quartz_beta,cristobalite_beta,11,single_side_QH_combo,2980.3507471371695,30ede38197139d5e2e7aebb33580f2e050c71d1062b68dbe807abdeba9c9d845,1.1738805714698235,1.4109303880618207,0.9110690633869442,[1542.7087047758675],[1448.5188145983277],-94.18989017753984,21406.27664039855,0,0
sio2:quartz_beta_minus_cristobalite_beta,sio2,quartz_beta,cristobalite_beta,23,T3_absolute_both,,30ede38197139d5e2e7aebb33580f2e050c71d1062b68dbe807abdeba9c9d845,0.030302898375896774,0.03246733563310409,0.0946073793755913,[1542.7087047758675],[],n/a:missed_crossing,n/a:missed_crossing,0,1
sio2:quartz_beta_minus_cristobalite_beta,sio2,quartz_beta,cristobalite_beta,23,single_side_QH_combo,2979.4151630349807,30ede38197139d5e2e7aebb33580f2e050c71d1062b68dbe807abdeba9c9d845,1.173831141973105,1.4109079012596422,0.9110690633869442,[1542.7087047758675],[1448.6580883745878],-94.05061640127974,21384.3216848884,0,0
sio2:quartz_beta_minus_cristobalite_beta,sio2,quartz_beta,cristobalite_beta,37,T3_absolute_both,,30ede38197139d5e2e7aebb33580f2e050c71d1062b68dbe807abdeba9c9d845,0.03010575136529621,0.03226850671469924,0.0946073793755913,[1542.7087047758675],[],n/a:missed_crossing,n/a:missed_crossing,0,1
sio2:quartz_beta_minus_cristobalite_beta,sio2,quartz_beta,cristobalite_beta,37,single_side_QH_combo,2980.5036849668804,30ede38197139d5e2e7aebb33580f2e050c71d1062b68dbe807abdeba9c9d845,1.173692583525099,1.410733922782795,0.9110690633869442,[1542.7087047758675],[1448.5837345949676],-94.12497018089994,21391.527145650023,0,0
sio2:quartz_beta_minus_cristobalite_beta,sio2,quartz_beta,cristobalite_beta,none,thermo_form_fit,,30ede38197139d5e2e7aebb33580f2e050c71d1062b68dbe807abdeba9c9d845,0.00014890201965457305,0.00019020406223050693,0.9981078524124882,[1542.7087047758675],[1540.9083095095534],[-1.8003952663141263],[1.829647203209443],0,0
sio2:quartz_beta_minus_tridymite_p63mmc,sio2,quartz_beta,tridymite_p63mmc,11,T3_absolute_both,,30ede38197139d5e2e7aebb33580f2e050c71d1062b68dbe807abdeba9c9d845,0.02033749241508215,0.021535965484698202,0.13245033112582782,[1582.3215510581538],[],n/a:missed_crossing,n/a:missed_crossing,0,1
sio2:quartz_beta_minus_tridymite_p63mmc,sio2,quartz_beta,tridymite_p63mmc,11,single_side_QH_combo,2980.3507471371695,30ede38197139d5e2e7aebb33580f2e050c71d1062b68dbe807abdeba9c9d845,1.1834696427005518,1.4214338209025168,0.8722800378429517,[1582.3215510581538],[1447.1408769970742],-135.18067406107957,31945.684557706903,0,0
sio2:quartz_beta_minus_tridymite_p63mmc,sio2,quartz_beta,tridymite_p63mmc,23,T3_absolute_both,,30ede38197139d5e2e7aebb33580f2e050c71d1062b68dbe807abdeba9c9d845,0.020461859831872653,0.0216602203467851,0.13245033112582782,[1582.3215510581538],[],n/a:missed_crossing,n/a:missed_crossing,0,1
sio2:quartz_beta_minus_tridymite_p63mmc,sio2,quartz_beta,tridymite_p63mmc,23,single_side_QH_combo,2979.4151630349807,30ede38197139d5e2e7aebb33580f2e050c71d1062b68dbe807abdeba9c9d845,1.1836476758449883,1.421629904341188,0.8722800378429517,[1582.3215510581538],[1447.189662453161],-135.1318886049928,31949.090359017,0,0
sio2:quartz_beta_minus_tridymite_p63mmc,sio2,quartz_beta,tridymite_p63mmc,37,T3_absolute_both,,30ede38197139d5e2e7aebb33580f2e050c71d1062b68dbe807abdeba9c9d845,0.02038999051242889,0.021587887350530417,0.13245033112582782,[1582.3215510581538],[],n/a:missed_crossing,n/a:missed_crossing,0,1
sio2:quartz_beta_minus_tridymite_p63mmc,sio2,quartz_beta,tridymite_p63mmc,37,single_side_QH_combo,2980.5036849668804,30ede38197139d5e2e7aebb33580f2e050c71d1062b68dbe807abdeba9c9d845,1.183384908497532,1.4213362313671722,0.8722800378429517,[1582.3215510581538],[1447.163945126217],-135.1576059319368,31940.668364729932,0,0
sio2:quartz_beta_minus_tridymite_p63mmc,sio2,quartz_beta,tridymite_p63mmc,none,thermo_form_fit,,30ede38197139d5e2e7aebb33580f2e050c71d1062b68dbe807abdeba9c9d845,4.707894897410401e-05,5.841618364363016e-05,0.9990539262062441,[1582.3215510581538],[1581.3499908661647],[-0.971560191989056],[0.9784636188313459],0,0
sio2:cristobalite_beta_minus_tridymite_p63mmc,sio2,cristobalite_beta,tridymite_p63mmc,11,T3_absolute_both,,30ede38197139d5e2e7aebb33580f2e050c71d1062b68dbe807abdeba9c9d845,0.00961158991745262,0.010620878177198334,0.0,[],[],n/a:no_reference_crossing,n/a:no_reference_crossing,0,0
sio2:cristobalite_beta_minus_tridymite_p63mmc,sio2,cristobalite_beta,tridymite_p63mmc,11,single_side_QH_combo,,30ede38197139d5e2e7aebb33580f2e050c71d1062b68dbe807abdeba9c9d845,n/a:no_qh_low_side,n/a:no_qh_low_side,n/a:no_qh_low_side,[],[],n/a:no_qh_low_side,n/a:no_qh_low_side,n/a:no_qh_low_side,n/a:no_qh_low_side
sio2:cristobalite_beta_minus_tridymite_p63mmc,sio2,cristobalite_beta,tridymite_p63mmc,23,T3_absolute_both,,30ede38197139d5e2e7aebb33580f2e050c71d1062b68dbe807abdeba9c9d845,0.009841038544024122,0.010849873948456459,0.0,[],[],n/a:no_reference_crossing,n/a:no_reference_crossing,0,0
sio2:cristobalite_beta_minus_tridymite_p63mmc,sio2,cristobalite_beta,tridymite_p63mmc,23,single_side_QH_combo,,30ede38197139d5e2e7aebb33580f2e050c71d1062b68dbe807abdeba9c9d845,n/a:no_qh_low_side,n/a:no_qh_low_side,n/a:no_qh_low_side,[],[],n/a:no_qh_low_side,n/a:no_qh_low_side,n/a:no_qh_low_side,n/a:no_qh_low_side
sio2:cristobalite_beta_minus_tridymite_p63mmc,sio2,cristobalite_beta,tridymite_p63mmc,37,T3_absolute_both,,30ede38197139d5e2e7aebb33580f2e050c71d1062b68dbe807abdeba9c9d845,0.009715760852867317,0.01072455731160085,0.0,[],[],n/a:no_reference_crossing,n/a:no_reference_crossing,0,0
sio2:cristobalite_beta_minus_tridymite_p63mmc,sio2,cristobalite_beta,tridymite_p63mmc,37,single_side_QH_combo,,30ede38197139d5e2e7aebb33580f2e050c71d1062b68dbe807abdeba9c9d845,n/a:no_qh_low_side,n/a:no_qh_low_side,n/a:no_qh_low_side,[],[],n/a:no_qh_low_side,n/a:no_qh_low_side,n/a:no_qh_low_side,n/a:no_qh_low_side
sio2:cristobalite_beta_minus_tridymite_p63mmc,sio2,cristobalite_beta,tridymite_p63mmc,none,thermo_form_fit,,30ede38197139d5e2e7aebb33580f2e050c71d1062b68dbe807abdeba9c9d845,0.00010182307068044406,0.00013189878130430598,1.0,[],[],[],[],0,0
