system,phase,seed,predictor,region,T_ref_K,n_train,n_test,raw_train_mae_meV,raw_test_mae_meV,raw_test_rmse_meV,raw_offset_at_Tref_meV,anchored_train_mae_meV,anchored_test_mae_meV,anchored_train_rmse_meV,anchored_test_rmse_meV,residual_slope_meV_per_K,residual_slope_u_eV_per_K,source_file,config,checkpoint,checkpoint_sha256,head,git_commit,split_sha256
hf,hcp,11,absolute_G,train,1819.0,744,508,8236.786274900054,,,-8524.662519895663,287.87624499560866,,316.63834897795437,,,,result/experiments/single_side_qh/predictions/t3_tlog/hf_hcp_seed11_train.csv,configs/predictors/t3_temp_extrap_tlog.yaml,external/checkpoints/t3_temp_extrap_v2/tlog/hf/seed_11/model.ckpt-3000.pt,d80ae51839dacba0d7cdb0a7f9c241cd4aa05ee5fffe2ad19756d1c0ae51ce05,Domains_Alloy,debe1f9,30ede38197139d5e2e7aebb33580f2e050c71d1062b68dbe807abdeba9c9d845
hf,hcp,11,absolute_G,test,1819.0,744,508,,8880.374655179847,8883.22309140247,,,355.7121352841839,,420.86767332964286,-1.5304383951384286,-1530.4383951384286,result/experiments/single_side_qh/predictions/t3_tlog/hf_hcp_seed11_test.csv,configs/predictors/t3_temp_extrap_tlog.yaml,external/checkpoints/t3_temp_extrap_v2/tlog/hf/seed_11/model.ckpt-3000.pt,d80ae51839dacba0d7cdb0a7f9c241cd4aa05ee5fffe2ad19756d1c0ae51ce05,Domains_Alloy,debe1f9,30ede38197139d5e2e7aebb33580f2e050c71d1062b68dbe807abdeba9c9d845
hf,hcp,11,oracle,train,1819.0,744,508,0.0,,,0.0,0.0,,0.0,,,,data/processed/hf/hcp/reference_G.csv,,,,,624dadc843d4b75b98b5e7e52d69944075bca723,30ede38197139d5e2e7aebb33580f2e050c71d1062b68dbe807abdeba9c9d845
hf,hcp,11,oracle,test,1819.0,744,508,,0.0,0.0,,,0.0,,0.0,0.0,0.0,data/processed/hf/hcp/reference_G.csv,,,,,624dadc843d4b75b98b5e7e52d69944075bca723,30ede38197139d5e2e7aebb33580f2e050c71d1062b68dbe807abdeba9c9d845
ti,hcp,11,absolute_G,train,912.0,78,615,7512.191164102096,,,-7523.813700290674,11.622536188575541,,13.311681854540907,,,,result/experiments/single_side_qh/predictions/t3_tlog/ti_hcp_seed11_train.csv,configs/predictors/t3_temp_extrap_tlog.yaml,external/checkpoints/t3_temp_extrap_v2/tlog/ti/seed_11/model.ckpt-3000.pt,5e4f95e6a0aeed625118774a373581cc0fc22e8e892bdec253282f4e491b2005,Domains_Alloy,debe1f9,30ede38197139d5e2e7aebb33580f2e050c71d1062b68dbe807abdeba9c9d845
ti,hcp,11,absolute_G,test,912.0,78,615,,7698.692623152821,7699.694032183158,,,174.8789228621477,,214.48244942346824,-0.6924946555490262,-692.4946555490262,result/experiments/single_side_qh/predictions/t3_tlog/ti_hcp_seed11_test.csv,configs/predictors/t3_temp_extrap_tlog.yaml,external/checkpoints/t3_temp_extrap_v2/tlog/ti/seed_11/model.ckpt-3000.pt,5e4f95e6a0aeed625118774a373581cc0fc22e8e892bdec253282f4e491b2005,Domains_Alloy,debe1f9,30ede38197139d5e2e7aebb33580f2e050c71d1062b68dbe807abdeba9c9d845
ti,hcp,11,oracle,train,912.0,78,615,0.0,,,0.0,0.0,,0.0,,,,data/processed/ti/hcp/reference_G.csv,,,,,624dadc843d4b75b98b5e7e52d69944075bca723,30ede38197139d5e2e7aebb33580f2e050c71d1062b68dbe807abdeba9c9d845
ti,hcp,11,oracle,test,912.0,78,615,,0.0,0.0,,,0.0,,0.0,0.0,0.0,data/processed/ti/hcp/reference_G.csv,,,,,624dadc843d4b75b98b5e7e52d69944075bca723,30ede38197139d5e2e7aebb33580f2e050c71d1062b68dbe807abdeba9c9d845
zr,hcp,11,absolute_G,train,875.0,266,644,8103.508677668621,,,-8094.497863739907,9.048083704609379,,12.587778009553723,,,,result/experiments/single_side_qh/predictions/t3_tlog/zr_hcp_seed11_train.csv,configs/predictors/t3_temp_extrap_tlog.yaml,external/checkpoints/t3_temp_extrap_v2/tlog/zr/seed_11/model.ckpt-3000.pt,dc005cb17436379144ecc5d9ceb4228d35e56023a43b26e2e46b7dacb23e0d80,Domains_Alloy,debe1f9,30ede38197139d5e2e7aebb33580f2e050c71d1062b68dbe807abdeba9c9d845
zr,hcp,11,absolute_G,test,875.0,266,644,,8183.433727684349,8183.812748667659,,,88.93586394444456,,118.79864371727724,-0.41001611987683406,-410.01611987683407,result/experiments/single_side_qh/predictions/t3_tlog/zr_hcp_seed11_test.csv,configs/predictors/t3_temp_extrap_tlog.yaml,external/checkpoints/t3_temp_extrap_v2/tlog/zr/seed_11/model.ckpt-3000.pt,dc005cb17436379144ecc5d9ceb4228d35e56023a43b26e2e46b7dacb23e0d80,Domains_Alloy,debe1f9,30ede38197139d5e2e7aebb33580f2e050c71d1062b68dbe807abdeba9c9d845
zr,hcp,11,oracle,train,875.0,266,644,0.0,,,0.0,0.0,,0.0,,,,data/processed/zr/hcp/reference_G.csv,,,,,624dadc843d4b75b98b5e7e52d69944075bca723,30ede38197139d5e2e7aebb33580f2e050c71d1062b68dbe807abdeba9c9d845
zr,hcp,11,oracle,test,875.0,266,644,,0.0,0.0,,,0.0,,0.0,0.0,0.0,data/processed/zr/hcp/reference_G.csv,,,,,624dadc843d4b75b98b5e7e52d69944075bca723,30ede38197139d5e2e7aebb33580f2e050c71d1062b68dbe807abdeba9c9d845
sio2,quartz_beta,11,absolute_G,train,1442.0,592,1057,2201.771293395088,,,1830.4541956693736,371.3170977257148,,416.904452942584,,,,result/experiments/single_side_qh/predictions/t3_tlog/sio2_quartz_beta_seed11_train.csv,configs/predictors/t3_temp_extrap_tlog.yaml,external/checkpoints/t3_temp_extrap_v2/tlog/sio2/seed_11/model.ckpt-3000.pt,ae47442235cad76addd0c8f881df8eaf9ab797415b2d5a5a4d7eaa9db2ced359,Domains_SSE_PBE,debe1f9,30ede38197139d5e2e7aebb33580f2e050c71d1062b68dbe807abdeba9c9d845
sio2,quartz_beta,11,absolute_G,test,1442.0,592,1057,,863.785892282445,1020.5782079731538,,,1152.9610292473012,,1382.7154526525276,-2.4896754991437673,-2489.6754991437674,result/experiments/single_side_qh/predictions/t3_tlog/sio2_quartz_beta_seed11_test.csv,configs/predictors/t3_temp_extrap_tlog.yaml,external/checkpoints/t3_temp_extrap_v2/tlog/sio2/seed_11/model.ckpt-3000.pt,ae47442235cad76addd0c8f881df8eaf9ab797415b2d5a5a4d7eaa9db2ced359,Domains_SSE_PBE,debe1f9,30ede38197139d5e2e7aebb33580f2e050c71d1062b68dbe807abdeba9c9d845
sio2,quartz_beta,11,oracle,train,1442.0,592,1057,0.0,,,0.0,0.0,,0.0,,,,data/processed/sio2/quartz_beta/reference_G.csv,,,,,624dadc843d4b75b98b5e7e52d69944075bca723,30ede38197139d5e2e7aebb33580f2e050c71d1062b68dbe807abdeba9c9d845
sio2,quartz_beta,11,oracle,test,1442.0,592,1057,,0.0,0.0,,,0.0,,0.0,0.0,0.0,data/processed/sio2/quartz_beta/reference_G.csv,,,,,624dadc843d4b75b98b5e7e52d69944075bca723,30ede38197139d5e2e7aebb33580f2e050c71d1062b68dbe807abdeba9c9d845
hf,hcp,23,absolute_G,train,1819.0,744,508,8238.326370706392,,,-8526.415780947345,288.0894102409528,,316.8804136000541,,,,result/experiments/single_side_qh/predictions/t3_tlog/hf_hcp_seed23_train.csv,configs/predictors/t3_temp_extrap_tlog.yaml,external/checkpoints/t3_temp_extrap_v2/tlog/hf/seed_23/model.ckpt-3000.pt,09e0b380ca6e31f92623dfdc01e1bcf688ee2b647dfdf6bdfb97b04d6b87d325,Domains_Alloy,debe1f9,30ede38197139d5e2e7aebb33580f2e050c71d1062b68dbe807abdeba9c9d845
hf,hcp,23,absolute_G,test,1819.0,744,508,,8882.299877264482,8885.150289638366,,,355.8840963171369,,421.0677496787867,-1.5311371125988376,-1531.1371125988376,result/experiments/single_side_qh/predictions/t3_tlog/hf_hcp_seed23_test.csv,configs/predictors/t3_temp_extrap_tlog.yaml,external/checkpoints/t3_temp_extrap_v2/tlog/hf/seed_23/model.ckpt-3000.pt,09e0b380ca6e31f92623dfdc01e1bcf688ee2b647dfdf6bdfb97b04d6b87d325,Domains_Alloy,debe1f9,30ede38197139d5e2e7aebb33580f2e050c71d1062b68dbe807abdeba9c9d845
hf,hcp,23,oracle,train,1819.0,744,508,0.0,,,0.0,0.0,,0.0,,,,data/processed/hf/hcp/reference_G.csv,,,,,624dadc843d4b75b98b5e7e52d69944075bca723,30ede38197139d5e2e7aebb33580f2e050c71d1062b68dbe807abdeba9c9d845
hf,hcp,23,oracle,test,1819.0,744,508,,0.0,0.0,,,0.0,,0.0,0.0,0.0,data/processed/hf/hcp/reference_G.csv,,,,,624dadc843d4b75b98b5e7e52d69944075bca723,30ede38197139d5e2e7aebb33580f2e050c71d1062b68dbe807abdeba9c9d845
ti,hcp,23,absolute_G,train,912.0,78,615,7512.477173097989,,,-7524.108595990438,11.631422892448821,,13.32198055054335,,,,result/experiments/single_side_qh/predictions/t3_tlog/ti_hcp_seed23_train.csv,configs/predictors/t3_temp_extrap_tlog.yaml,external/checkpoints/t3_temp_extrap_v2/tlog/ti/seed_23/model.ckpt-3000.pt,4c98a500cc27e4bcee698418eaef1d1ab57a5e25759e297b2e0d4200e5da9c19,Domains_Alloy,debe1f9,30ede38197139d5e2e7aebb33580f2e050c71d1062b68dbe807abdeba9c9d845
ti,hcp,23,absolute_G,test,912.0,78,615,,7699.065256096935,7700.0673565930665,,,174.9566601064978,,214.57239185601625,-0.6927547791512294,-692.7547791512294,result/experiments/single_side_qh/predictions/t3_tlog/ti_hcp_seed23_test.csv,configs/predictors/t3_temp_extrap_tlog.yaml,external/checkpoints/t3_temp_extrap_v2/tlog/ti/seed_23/model.ckpt-3000.pt,4c98a500cc27e4bcee698418eaef1d1ab57a5e25759e297b2e0d4200e5da9c19,Domains_Alloy,debe1f9,30ede38197139d5e2e7aebb33580f2e050c71d1062b68dbe807abdeba9c9d845
ti,hcp,23,oracle,train,912.0,78,615,0.0,,,0.0,0.0,,0.0,,,,data/processed/ti/hcp/reference_G.csv,,,,,624dadc843d4b75b98b5e7e52d69944075bca723,30ede38197139d5e2e7aebb33580f2e050c71d1062b68dbe807abdeba9c9d845
ti,hcp,23,oracle,test,912.0,78,615,,0.0,0.0,,,0.0,,0.0,0.0,0.0,data/processed/ti/hcp/reference_G.csv,,,,,624dadc843d4b75b98b5e7e52d69944075bca723,30ede38197139d5e2e7aebb33580f2e050c71d1062b68dbe807abdeba9c9d845
zr,hcp,23,absolute_G,train,875.0,266,644,8103.374446067738,,,-8094.3979920045695,9.015303810739008,,12.550918820148258,,,,result/experiments/single_side_qh/predictions/t3_tlog/zr_hcp_seed23_train.csv,configs/predictors/t3_temp_extrap_tlog.yaml,external/checkpoints/t3_temp_extrap_v2/tlog/zr/seed_23/model.ckpt-3000.pt,ac2e522a8302109fb6a0ba647957563c6d65cf1b51ec3bcdb585e4cdc3cf8fc6,Domains_Alloy,debe1f9,30ede38197139d5e2e7aebb33580f2e050c71d1062b68dbe807abdeba9c9d845
zr,hcp,23,absolute_G,test,875.0,266,644,,8183.465831852505,8183.84566431296,,,89.06783984793542,,118.9534206813987,-0.4104750805960605,-410.47508059606054,result/experiments/single_side_qh/predictions/t3_tlog/zr_hcp_seed23_test.csv,configs/predictors/t3_temp_extrap_tlog.yaml,external/checkpoints/t3_temp_extrap_v2/tlog/zr/seed_23/model.ckpt-3000.pt,ac2e522a8302109fb6a0ba647957563c6d65cf1b51ec3bcdb585e4cdc3cf8fc6,Domains_Alloy,debe1f9,30ede38197139d5e2e7aebb33580f2e050c71d1062b68dbe807abdeba9c9d845
zr,hcp,23,oracle,train,875.0,266,644,0.0,,,0.0,0.0,,0.0,,,,data/processed/zr/hcp/reference_G.csv,,,,,624dadc843d4b75b98b5e7e52d69944075bca723,30ede38197139d5e2e7aebb33580f2e050c71d1062b68dbe807abdeba9c9d845
zr,hcp,23,oracle,test,875.0,266,644,,0.0,0.0,,,0.0,,0.0,0.0,0.0,data/processed/zr/hcp/reference_G.csv,,,,,624dadc843d4b75b98b5e7e52d69944075bca723,30ede38197139d5e2e7aebb33580f2e050c71d1062b68dbe807abdeba9c9d845
sio2,quartz_beta,23,absolute_G,train,1442.0,592,1057,2201.389798633973,,,1829.7683484060556,371.6214502279175,,417.2581449884864,,,,result/experiments/single_side_qh/predictions/t3_tlog/sio2_quartz_beta_seed23_train.csv,configs/predictors/t3_temp_extrap_tlog.yaml,external/checkpoints/t3_temp_extrap_v2/tlog/sio2/seed_23/model.ckpt-3000.pt,cbdd246bdbf1c686b66c8d56ee5cf9f34fb92746feb9f00536b06a006aa59309,Domains_SSE_PBE,debe1f9,30ede38197139d5e2e7aebb33580f2e050c71d1062b68dbe807abdeba9c9d845
sio2,quartz_beta,23,absolute_G,test,1442.0,592,1057,,863.3171387013115,1020.0045312616593,,,1153.2576703235936,,1383.020535059016,-2.4900359286132097,-2490.0359286132098,result/experiments/single_side_qh/predictions/t3_tlog/sio2_quartz_beta_seed23_test.csv,configs/predictors/t3_temp_extrap_tlog.yaml,external/checkpoints/t3_temp_extrap_v2/tlog/sio2/seed_23/model.ckpt-3000.pt,cbdd246bdbf1c686b66c8d56ee5cf9f34fb92746feb9f00536b06a006aa59309,Domains_SSE_PBE,debe1f9,30ede38197139d5e2e7aebb33580f2e050c71d1062b68dbe807abdeba9c9d845
sio2,quartz_beta,23,oracle,train,1442.0,592,1057,0.0,,,0.0,0.0,,0.0,,,,data/processed/sio2/quartz_beta/reference_G.csv,,,,,624dadc843d4b75b98b5e7e52d69944075bca723,30ede38197139d5e2e7aebb33580f2e050c71d1062b68dbe807abdeba9c9d845
sio2,quartz_beta,23,oracle,test,1442.0,592,1057,,0.0,0.0,,,0.0,,0.0,0.0,0.0,data/processed/sio2/quartz_beta/reference_G.csv,,,,,624dadc843d4b75b98b5e7e52d69944075bca723,30ede38197139d5e2e7aebb33580f2e050c71d1062b68dbe807abdeba9c9d845
hf,hcp,37,absolute_G,train,1819.0,744,508,8238.823640513361,,,-8527.895799413462,289.0721589000987,,317.9862748089096,,,,result/experiments/single_side_qh/predictions/t3_tlog/hf_hcp_seed37_train.csv,configs/predictors/t3_temp_extrap_tlog.yaml,external/checkpoints/t3_temp_extrap_v2/tlog/hf/seed_37/model.ckpt-3000.pt,0039333c11c08301b74798b036c30a0df6d2460da02d03d0344d8d14dbca973d,Domains_Alloy,debe1f9,30ede38197139d5e2e7aebb33580f2e050c71d1062b68dbe807abdeba9c9d845
hf,hcp,37,absolute_G,test,1819.0,744,508,,8884.677809968884,8887.541267308405,,,356.78201055542166,,422.11774922693235,-1.5348498715362315,-1534.8498715362316,result/experiments/single_side_qh/predictions/t3_tlog/hf_hcp_seed37_test.csv,configs/predictors/t3_temp_extrap_tlog.yaml,external/checkpoints/t3_temp_extrap_v2/tlog/hf/seed_37/model.ckpt-3000.pt,0039333c11c08301b74798b036c30a0df6d2460da02d03d0344d8d14dbca973d,Domains_Alloy,debe1f9,30ede38197139d5e2e7aebb33580f2e050c71d1062b68dbe807abdeba9c9d845
hf,hcp,37,oracle,train,1819.0,744,508,0.0,,,0.0,0.0,,0.0,,,,data/processed/hf/hcp/reference_G.csv,,,,,624dadc843d4b75b98b5e7e52d69944075bca723,30ede38197139d5e2e7aebb33580f2e050c71d1062b68dbe807abdeba9c9d845
hf,hcp,37,oracle,test,1819.0,744,508,,0.0,0.0,,,0.0,,0.0,0.0,0.0,data/processed/hf/hcp/reference_G.csv,,,,,624dadc843d4b75b98b5e7e52d69944075bca723,30ede38197139d5e2e7aebb33580f2e050c71d1062b68dbe807abdeba9c9d845
ti,hcp,37,absolute_G,train,912.0,78,615,7512.832663018934,,,-7524.4429760315725,11.610313012637636,,13.297665623569584,,,,result/experiments/single_side_qh/predictions/t3_tlog/ti_hcp_seed37_train.csv,configs/predictors/t3_temp_extrap_tlog.yaml,external/checkpoints/t3_temp_extrap_v2/tlog/ti/seed_37/model.ckpt-3000.pt,ff572a675b38420d0ff702833c6f37167d67ecc80222286647500a2b9a5ad91e,Domains_Alloy,debe1f9,30ede38197139d5e2e7aebb33580f2e050c71d1062b68dbe807abdeba9c9d845
ti,hcp,37,absolute_G,test,912.0,78,615,,7699.181216514425,7700.181064014993,,,174.7382404828515,,214.3139439551032,-0.6919730173847403,-691.9730173847403,result/experiments/single_side_qh/predictions/t3_tlog/ti_hcp_seed37_test.csv,configs/predictors/t3_temp_extrap_tlog.yaml,external/checkpoints/t3_temp_extrap_v2/tlog/ti/seed_37/model.ckpt-3000.pt,ff572a675b38420d0ff702833c6f37167d67ecc80222286647500a2b9a5ad91e,Domains_Alloy,debe1f9,30ede38197139d5e2e7aebb33580f2e050c71d1062b68dbe807abdeba9c9d845
ti,hcp,37,oracle,train,912.0,78,615,0.0,,,0.0,0.0,,0.0,,,,data/processed/ti/hcp/reference_G.csv,,,,,624dadc843d4b75b98b5e7e52d69944075bca723,30ede38197139d5e2e7aebb33580f2e050c71d1062b68dbe807abdeba9c9d845
ti,hcp,37,oracle,test,912.0,78,615,,0.0,0.0,,,0.0,,0.0,0.0,0.0,data/processed/ti/hcp/reference_G.csv,,,,,624dadc843d4b75b98b5e7e52d69944075bca723,30ede38197139d5e2e7aebb33580f2e050c71d1062b68dbe807abdeba9c9d845
zr,hcp,37,absolute_G,train,875.0,266,644,8103.3564785331955,,,-8094.414627402546,8.982374633646955,,12.513563448892494,,,,result/experiments/single_side_qh/predictions/t3_tlog/zr_hcp_seed37_train.csv,configs/predictors/t3_temp_extrap_tlog.yaml,external/checkpoints/t3_temp_extrap_v2/tlog/zr/seed_37/model.ckpt-3000.pt,147cd33e6370394a97668322ecc664b4844a8d7937c7bcce2db053ed5cd503a2,Domains_Alloy,debe1f9,30ede38197139d5e2e7aebb33580f2e050c71d1062b68dbe807abdeba9c9d845
zr,hcp,37,absolute_G,test,875.0,266,644,,8183.597697159694,8183.978215818412,,,89.18306975714806,,119.08731235607793,-0.4108671767946503,-410.8671767946503,result/experiments/single_side_qh/predictions/t3_tlog/zr_hcp_seed37_test.csv,configs/predictors/t3_temp_extrap_tlog.yaml,external/checkpoints/t3_temp_extrap_v2/tlog/zr/seed_37/model.ckpt-3000.pt,147cd33e6370394a97668322ecc664b4844a8d7937c7bcce2db053ed5cd503a2,Domains_Alloy,debe1f9,30ede38197139d5e2e7aebb33580f2e050c71d1062b68dbe807abdeba9c9d845
zr,hcp,37,oracle,train,875.0,266,644,0.0,,,0.0,0.0,,0.0,,,,data/processed/zr/hcp/reference_G.csv,,,,,624dadc843d4b75b98b5e7e52d69944075bca723,30ede38197139d5e2e7aebb33580f2e050c71d1062b68dbe807abdeba9c9d845
zr,hcp,37,oracle,test,875.0,266,644,,0.0,0.0,,,0.0,,0.0,0.0,0.0,data/processed/zr/hcp/reference_G.csv,,,,,624dadc843d4b75b98b5e7e52d69944075bca723,30ede38197139d5e2e7aebb33580f2e050c71d1062b68dbe807abdeba9c9d845
sio2,quartz_beta,37,absolute_G,train,1442.0,592,1057,2202.061226990211,,,1830.7235446816997,371.33768230851086,,416.92819765290074,,,,result/experiments/single_side_qh/predictions/t3_tlog/sio2_quartz_beta_seed37_train.csv,configs/predictors/t3_temp_extrap_tlog.yaml,external/checkpoints/t3_temp_extrap_v2/tlog/sio2/seed_37/model.ckpt-3000.pt,c7f142480e9f56aad10c9492358e568d67fc1f643ad7601d9cb8601819dd6927,Domains_SSE_PBE,debe1f9,30ede38197139d5e2e7aebb33580f2e050c71d1062b68dbe807abdeba9c9d845
sio2,quartz_beta,37,absolute_G,test,1442.0,592,1057,,863.9121155451074,1020.7475460181803,,,1152.9286399965913,,1382.6655665089193,-2.4895448007370793,-2489.544800737079,result/experiments/single_side_qh/predictions/t3_tlog/sio2_quartz_beta_seed37_test.csv,configs/predictors/t3_temp_extrap_tlog.yaml,external/checkpoints/t3_temp_extrap_v2/tlog/sio2/seed_37/model.ckpt-3000.pt,c7f142480e9f56aad10c9492358e568d67fc1f643ad7601d9cb8601819dd6927,Domains_SSE_PBE,debe1f9,30ede38197139d5e2e7aebb33580f2e050c71d1062b68dbe807abdeba9c9d845
sio2,quartz_beta,37,oracle,train,1442.0,592,1057,0.0,,,0.0,0.0,,0.0,,,,data/processed/sio2/quartz_beta/reference_G.csv,,,,,624dadc843d4b75b98b5e7e52d69944075bca723,30ede38197139d5e2e7aebb33580f2e050c71d1062b68dbe807abdeba9c9d845
sio2,quartz_beta,37,oracle,test,1442.0,592,1057,,0.0,0.0,,,0.0,,0.0,0.0,0.0,data/processed/sio2/quartz_beta/reference_G.csv,,,,,624dadc843d4b75b98b5e7e52d69944075bca723,30ede38197139d5e2e7aebb33580f2e050c71d1062b68dbe807abdeba9c9d845
hf,hcp,11,one_sided_QH,train,1819.0,744,508,14183.11894602314,,,-14170.357499027252,12.761446995888896,,13.796471839134135,,,,result/experiments/single_side_qh/predictions/t2_qh/hf_hcp_seed11_train.csv,configs/predictors/t2_temp_extrap.yaml,external/checkpoints/t3_temp_extrap_v2/t2/hf/seed_11/model.ckpt-3000.pt,120d5bde639a1862a384aefdcd033ab57301f577391524ab3b6282fdc05329b1,Domains_Alloy,ed6b7ec,30ede38197139d5e2e7aebb33580f2e050c71d1062b68dbe807abdeba9c9d845
hf,hcp,11,one_sided_QH,test,1819.0,744,508,,14147.106178753676,14147.114914616182,,,23.251320273575903,,28.067745183115417,0.10650807470570599,106.508074705706,result/experiments/single_side_qh/predictions/t2_qh/hf_hcp_seed11_test.csv,configs/predictors/t2_temp_extrap.yaml,external/checkpoints/t3_temp_extrap_v2/t2/hf/seed_11/model.ckpt-3000.pt,120d5bde639a1862a384aefdcd033ab57301f577391524ab3b6282fdc05329b1,Domains_Alloy,ed6b7ec,30ede38197139d5e2e7aebb33580f2e050c71d1062b68dbe807abdeba9c9d845
ti,hcp,11,one_sided_QH,train,912.0,78,615,13289.337078385475,,,-13285.089050388337,4.248027997139144,,4.906477344754573,,,,result/experiments/single_side_qh/predictions/t2_qh/ti_hcp_seed11_train.csv,configs/predictors/t2_temp_extrap.yaml,external/checkpoints/t3_temp_extrap_v2/t2/ti/seed_11/model.ckpt-3000.pt,a8b5692597b6da8328b4df8a50f71772fd596f6c2dd827366c2d5cdc4d2b96c1,Domains_Alloy,ed6b7ec,30ede38197139d5e2e7aebb33580f2e050c71d1062b68dbe807abdeba9c9d845
ti,hcp,11,one_sided_QH,test,912.0,78,615,,13240.785706758226,13240.815665246195,,,44.303343630108444,,52.49890468256517,0.15826064296164752,158.2606429616475,result/experiments/single_side_qh/predictions/t2_qh/ti_hcp_seed11_test.csv,configs/predictors/t2_temp_extrap.yaml,external/checkpoints/t3_temp_extrap_v2/t2/ti/seed_11/model.ckpt-3000.pt,a8b5692597b6da8328b4df8a50f71772fd596f6c2dd827366c2d5cdc4d2b96c1,Domains_Alloy,ed6b7ec,30ede38197139d5e2e7aebb33580f2e050c71d1062b68dbe807abdeba9c9d845
zr,hcp,11,one_sided_QH,train,875.0,266,644,14995.757481674862,,,-14981.484261322023,14.273220352839695,,16.243391857014903,,,,result/experiments/single_side_qh/predictions/t2_qh/zr_hcp_seed11_train.csv,configs/predictors/t2_temp_extrap.yaml,external/checkpoints/t3_temp_extrap_v2/t2/zr/seed_11/model.ckpt-3000.pt,517126bfdc0cf186d894bf224ce94586eeb702b8465b1d27cbbd872adace5129,Domains_Alloy,ed6b7ec,30ede38197139d5e2e7aebb33580f2e050c71d1062b68dbe807abdeba9c9d845
zr,hcp,11,one_sided_QH,test,875.0,266,644,,14932.206002451172,14932.238942087428,,,49.27825887084749,,58.41293307791166,0.16829934220667223,168.29934220667224,result/experiments/single_side_qh/predictions/t2_qh/zr_hcp_seed11_test.csv,configs/predictors/t2_temp_extrap.yaml,external/checkpoints/t3_temp_extrap_v2/t2/zr/seed_11/model.ckpt-3000.pt,517126bfdc0cf186d894bf224ce94586eeb702b8465b1d27cbbd872adace5129,Domains_Alloy,ed6b7ec,30ede38197139d5e2e7aebb33580f2e050c71d1062b68dbe807abdeba9c9d845
sio2,quartz_beta,11,one_sided_QH,train,1442.0,592,1057,1171.067966442385,,,-1149.896551467796,21.171414974589112,,24.001189024480656,,,,result/experiments/single_side_qh/predictions/t2_qh/sio2_quartz_beta_seed11_train.csv,configs/predictors/t2_temp_extrap.yaml,external/checkpoints/t3_temp_extrap_v2/t2/sio2/seed_11/model.ckpt-3000.pt,a5fc1243d4cd5577d7f1403138cffaca3cd93d8f4f59c236ec76c6ab074e0ce4,Domains_SSE_PBE,ed6b7ec,30ede38197139d5e2e7aebb33580f2e050c71d1062b68dbe807abdeba9c9d845
sio2,quartz_beta,11,one_sided_QH,test,1442.0,592,1057,,1099.0755769656837,1099.5169038078761,,,50.82097450211223,,59.607628086948054,0.10200424912465439,102.0042491246544,result/experiments/single_side_qh/predictions/t2_qh/sio2_quartz_beta_seed11_test.csv,configs/predictors/t2_temp_extrap.yaml,external/checkpoints/t3_temp_extrap_v2/t2/sio2/seed_11/model.ckpt-3000.pt,a5fc1243d4cd5577d7f1403138cffaca3cd93d8f4f59c236ec76c6ab074e0ce4,Domains_SSE_PBE,ed6b7ec,30ede38197139d5e2e7aebb33580f2e050c71d1062b68dbe807abdeba9c9d845
hf,hcp,23,one_sided_QH,train,1819.0,744,508,14183.12488726031,,,-14170.360419654846,12.764467605467676,,13.799864905423203,,,,result/experiments/single_side_qh/predictions/t2_qh/hf_hcp_seed23_train.csv,configs/predictors/t2_temp_extrap.yaml,external/checkpoints/t3_temp_extrap_v2/t2/hf/seed_23/model.ckpt-3000.pt,082f277e6043dbff5602fa4c1ad38c1efbb12d00577acf01986d6cf44620aadc,Domains_Alloy,ed6b7ec,30ede38197139d5e2e7aebb33580f2e050c71d1062b68dbe807abdeba9c9d845
hf,hcp,23,one_sided_QH,test,1819.0,744,508,,14147.107266949106,14147.116004000136,,,23.253152705740828,,28.069862546009038,0.10651543553765849,106.51543553765849,result/experiments/single_side_qh/predictions/t2_qh/hf_hcp_seed23_test.csv,configs/predictors/t2_temp_extrap.yaml,external/checkpoints/t3_temp_extrap_v2/t2/hf/seed_23/model.ckpt-3000.pt,082f277e6043dbff5602fa4c1ad38c1efbb12d00577acf01986d6cf44620aadc,Domains_Alloy,ed6b7ec,30ede38197139d5e2e7aebb33580f2e050c71d1062b68dbe807abdeba9c9d845
ti,hcp,23,one_sided_QH,train,912.0,78,615,13289.329596474232,,,-13285.081882929802,4.247713544429849,,4.906177513039436,,,,result/experiments/single_side_qh/predictions/t2_qh/ti_hcp_seed23_train.csv,configs/predictors/t2_temp_extrap.yaml,external/checkpoints/t3_temp_extrap_v2/t2/ti/seed_23/model.ckpt-3000.pt,513cf2d2368af098576f8afdbf8c49cff515c5aab920abde6e8488394037e695,Domains_Alloy,ed6b7ec,30ede38197139d5e2e7aebb33580f2e050c71d1062b68dbe807abdeba9c9d845
ti,hcp,23,one_sided_QH,test,912.0,78,615,,13240.77867098719,13240.808628970964,,,44.303211942610744,,52.49866237378478,0.1582592658635417,158.25926586354169,result/experiments/single_side_qh/predictions/t2_qh/ti_hcp_seed23_test.csv,configs/predictors/t2_temp_extrap.yaml,external/checkpoints/t3_temp_extrap_v2/t2/ti/seed_23/model.ckpt-3000.pt,513cf2d2368af098576f8afdbf8c49cff515c5aab920abde6e8488394037e695,Domains_Alloy,ed6b7ec,30ede38197139d5e2e7aebb33580f2e050c71d1062b68dbe807abdeba9c9d845
zr,hcp,23,one_sided_QH,train,875.0,266,644,14995.756052059696,,,-14981.482771205903,14.273280853794919,,16.24343085770453,,,,result/experiments/single_side_qh/predictions/t2_qh/zr_hcp_seed23_train.csv,configs/predictors/t2_temp_extrap.yaml,external/checkpoints/t3_temp_extrap_v2/t2/zr/seed_23/model.ckpt-3000.pt,f939a933b03609d2af385f35e53a28ea3626b27dffc79965ab9c580aa4b01c9a,Domains_Alloy,ed6b7ec,30ede38197139d5e2e7aebb33580f2e050c71d1062b68dbe807abdeba9c9d845
zr,hcp,23,one_sided_QH,test,875.0,266,644,,14932.204705633656,14932.237645094126,,,49.27806557224405,,58.41272433930156,0.168298888461092,168.29888846109202,result/experiments/single_side_qh/predictions/t2_qh/zr_hcp_seed23_test.csv,configs/predictors/t2_temp_extrap.yaml,external/checkpoints/t3_temp_extrap_v2/t2/zr/seed_23/model.ckpt-3000.pt,f939a933b03609d2af385f35e53a28ea3626b27dffc79965ab9c580aa4b01c9a,Domains_Alloy,ed6b7ec,30ede38197139d5e2e7aebb33580f2e050c71d1062b68dbe807abdeba9c9d845
sio2,quartz_beta,23,one_sided_QH,train,1442.0,592,1057,1170.820237920939,,,-1149.6468146289249,21.1734232920139,,24.003504584133236,,,,result/experiments/single_side_qh/predictions/t2_qh/sio2_quartz_beta_seed23_train.csv,configs/predictors/t2_temp_extrap.yaml,external/checkpoints/t3_temp_extrap_v2/t2/sio2/seed_23/model.ckpt-3000.pt,22dd42e8cbf819168aa4b1e020ad2d5f61b5fccaa3a41aeff546485e1fae1048,Domains_SSE_PBE,ed6b7ec,30ede38197139d5e2e7aebb33580f2e050c71d1062b68dbe807abdeba9c9d845
sio2,quartz_beta,23,one_sided_QH,test,1442.0,592,1057,,1098.8207054777026,1099.2622202638831,,,50.826109151222155,,59.61358473047236,0.10201414763525099,102.01414763525099,result/experiments/single_side_qh/predictions/t2_qh/sio2_quartz_beta_seed23_test.csv,configs/predictors/t2_temp_extrap.yaml,external/checkpoints/t3_temp_extrap_v2/t2/sio2/seed_23/model.ckpt-3000.pt,22dd42e8cbf819168aa4b1e020ad2d5f61b5fccaa3a41aeff546485e1fae1048,Domains_SSE_PBE,ed6b7ec,30ede38197139d5e2e7aebb33580f2e050c71d1062b68dbe807abdeba9c9d845
hf,hcp,37,one_sided_QH,train,1819.0,744,508,14183.124350778451,,,-14170.359942817688,12.764407960766016,,13.799803659092976,,,,result/experiments/single_side_qh/predictions/t2_qh/hf_hcp_seed37_train.csv,configs/predictors/t2_temp_extrap.yaml,external/checkpoints/t3_temp_extrap_v2/t2/hf/seed_37/model.ckpt-3000.pt,8d0e20c8d77c549c5d0f7d02d844290eabcd2a7b0c98f0fa04a4b4618652f38f,Domains_Alloy,ed6b7ec,30ede38197139d5e2e7aebb33580f2e050c71d1062b68dbe807abdeba9c9d845
hf,hcp,37,one_sided_QH,test,1819.0,744,508,,14147.106813930339,14147.11555096381,,,23.25312888734931,,28.069833824832866,0.10651532882436031,106.51532882436031,result/experiments/single_side_qh/predictions/t2_qh/hf_hcp_seed37_test.csv,configs/predictors/t2_temp_extrap.yaml,external/checkpoints/t3_temp_extrap_v2/t2/hf/seed_37/model.ckpt-3000.pt,8d0e20c8d77c549c5d0f7d02d844290eabcd2a7b0c98f0fa04a4b4618652f38f,Domains_Alloy,ed6b7ec,30ede38197139d5e2e7aebb33580f2e050c71d1062b68dbe807abdeba9c9d845
ti,hcp,37,one_sided_QH,train,912.0,78,615,13289.339006557526,,,-13285.091017341614,4.247989215911935,,4.9064265459189444,,,,result/experiments/single_side_qh/predictions/t2_qh/ti_hcp_seed37_train.csv,configs/predictors/t2_temp_extrap.yaml,external/checkpoints/t3_temp_extrap_v2/t2/ti/seed_37/model.ckpt-3000.pt,1f4813307a88e8cba9438d0b9ecc349efc6ab8c6f7c5f3fcc1cd96b2b73d344e,Domains_Alloy,ed6b7ec,30ede38197139d5e2e7aebb33580f2e050c71d1062b68dbe807abdeba9c9d845
ti,hcp,37,one_sided_QH,test,912.0,78,615,,13240.788196075948,13240.818153954673,,,44.30282126566262,,52.49831162583709,0.15825904761634646,158.25904761634646,result/experiments/single_side_qh/predictions/t2_qh/ti_hcp_seed37_test.csv,configs/predictors/t2_temp_extrap.yaml,external/checkpoints/t3_temp_extrap_v2/t2/ti/seed_37/model.ckpt-3000.pt,1f4813307a88e8cba9438d0b9ecc349efc6ab8c6f7c5f3fcc1cd96b2b73d344e,Domains_Alloy,ed6b7ec,30ede38197139d5e2e7aebb33580f2e050c71d1062b68dbe807abdeba9c9d845
zr,hcp,37,one_sided_QH,train,875.0,266,644,14995.755169193906,,,-14981.482055950166,14.27311324374119,,16.243255068745487,,,,result/experiments/single_side_qh/predictions/t2_qh/zr_hcp_seed37_train.csv,configs/predictors/t2_temp_extrap.yaml,external/checkpoints/t3_temp_extrap_v2/t2/zr/seed_37/model.ckpt-3000.pt,211f769864634d352890ed9758399ef5f4536f0376c2a498e8bb2c7c05a1e604,Domains_Alloy,ed6b7ec,30ede38197139d5e2e7aebb33580f2e050c71d1062b68dbe807abdeba9c9d845
zr,hcp,37,one_sided_QH,test,875.0,266,644,,14932.204328662045,14932.237267682527,,,49.27772728811881,,58.412326268408705,0.1682977601088367,168.2977601088367,result/experiments/single_side_qh/predictions/t2_qh/zr_hcp_seed37_test.csv,configs/predictors/t2_temp_extrap.yaml,external/checkpoints/t3_temp_extrap_v2/t2/zr/seed_37/model.ckpt-3000.pt,211f769864634d352890ed9758399ef5f4536f0376c2a498e8bb2c7c05a1e604,Domains_Alloy,ed6b7ec,30ede38197139d5e2e7aebb33580f2e050c71d1062b68dbe807abdeba9c9d845
sio2,quartz_beta,37,one_sided_QH,train,1442.0,592,1057,1170.9515068030278,,,-1149.7801402851806,21.17136651784742,,24.001115485806032,,,,result/experiments/single_side_qh/predictions/t2_qh/sio2_quartz_beta_seed37_train.csv,configs/predictors/t2_temp_extrap.yaml,external/checkpoints/t3_temp_extrap_v2/t2/sio2/seed_37/model.ckpt-3000.pt,0f3116bed94da18cf2d74d621eaeaf975297158f1df9b4de48a060f1e068db67,Domains_SSE_PBE,ed6b7ec,30ede38197139d5e2e7aebb33580f2e050c71d1062b68dbe807abdeba9c9d845
sio2,quartz_beta,37,one_sided_QH,test,1442.0,592,1057,,1098.9592996256647,1099.4006725357374,,,50.82084065951606,,59.60750274621981,0.10200417590872174,102.00417590872173,result/experiments/single_side_qh/predictions/t2_qh/sio2_quartz_beta_seed37_test.csv,configs/predictors/t2_temp_extrap.yaml,external/checkpoints/t3_temp_extrap_v2/t2/sio2/seed_37/model.ckpt-3000.pt,0f3116bed94da18cf2d74d621eaeaf975297158f1df9b4de48a060f1e068db67,Domains_SSE_PBE,ed6b7ec,30ede38197139d5e2e7aebb33580f2e050c71d1062b68dbe807abdeba9c9d845
