system,phase,status,source,calculator,head,energy_before_eV_per_atom,energy_after_eV_per_atom,max_displacement_A,converged
hf,hcp,source_standardized,external/data/raw/hf/unpacked/Hf_hcp_PBE/e.effective_QH_potentials/a.20K_4Shells_mediumCell_writeForceConstPot/POSCAR_supercell_1st_alat.vasp,,,,,,
hf,bcc,source_standardized,external/data/raw/hf/unpacked/Hf_bcc_PBE/e.effective_QH_potentials/b.melting_T_5Shells_mediumCell_writeForceConstPot/POSCAR_supercell_1st_alat.vasp,,,,,,
sio2,quartz_beta,relaxed,,deepmd.calculator.DP,,-7.735202646712364,-8.032564200592777,1.4951516189982728,True
sio2,cristobalite_beta,relaxed,,deepmd.calculator.DP,,-7.776183450675627,-8.030370044215019,1.7801667758482647,True
sio2,tridymite_p63mmc,relaxed,,deepmd.calculator.DP,,-7.770496028634155,-8.026050554436688,1.4357733891137427,True
ti,hcp,relaxed,structure.source.extxyz,deepmd.calculator.DP,Domains_Alloy,-6.431460529565811,-6.432060956954956,0.008734596485374608,True
ti,bcc,relaxed,structure.source.extxyz,deepmd.calculator.DP,Domains_Alloy,-6.336663573980331,-6.338312238454819,0.016408167525125344,True
zr,hcp,relaxed,structure.source.extxyz,deepmd.calculator.DP,Domains_Alloy,-7.151518642902374,-7.152492448687553,0.020458049764399015,True
zr,bcc,relaxed,structure.source.extxyz,deepmd.calculator.DP,Domains_Alloy,-7.086752966046333,-7.087005600333214,0.006449233814773738,True
