basis,seed,window,reported_G_MAE_eV_per_atom,pair_delta_G_MAE_eV_per_atom,n_test_frames,pair_count,reported_over_pair_ratio,interpretation
polynomial,11,full_range,4.125924719330497,0.012788526838885027,4947,3,322.6270524596418,phase-level scalar G MAE; not the pair-level ΔG MAE
polynomial,11,temp_extrap,6.1351856980348485,0.012788526838885027,3171,3,479.74139440205823,phase-level scalar G MAE; not the pair-level ΔG MAE
polynomial,23,full_range,4.156236169391487,0.012843443753285671,4947,3,323.6076125087727,phase-level scalar G MAE; not the pair-level ΔG MAE
polynomial,23,temp_extrap,6.179600149247405,0.012843443753285671,3171,3,481.14822379056324,phase-level scalar G MAE; not the pair-level ΔG MAE
polynomial,37,full_range,4.14544108063875,0.012868076343072202,4947,3,322.149245164413,phase-level scalar G MAE; not the pair-level ΔG MAE
polynomial,37,temp_extrap,6.163721644272313,0.012868076343072202,3171,3,478.99324498417985,phase-level scalar G MAE; not the pair-level ΔG MAE
polynomial,51,full_range,4.130858540558697,0.012795003783421466,4947,3,322.84934107726224,phase-level scalar G MAE; not the pair-level ΔG MAE
polynomial,51,temp_extrap,6.142581821302738,0.012795003783421466,3171,3,480.0765928073975,phase-level scalar G MAE; not the pair-level ΔG MAE
polynomial,67,full_range,4.124103333061844,0.012834996784261673,4947,3,321.317052304901,phase-level scalar G MAE; not the pair-level ΔG MAE
polynomial,67,temp_extrap,6.132506900141759,0.012834996784261673,3171,3,477.79574885920226,phase-level scalar G MAE; not the pair-level ΔG MAE
tlog_polynomial,11,full_range,1.358548668359845,0.006525123917093794,4947,3,208.2027384646091,phase-level scalar G MAE; not the pair-level ΔG MAE
tlog_polynomial,11,temp_extrap,1.98139080103808,0.006525123917093794,3171,3,303.65565868373056,phase-level scalar G MAE; not the pair-level ΔG MAE
tlog_polynomial,23,full_range,1.3604886419487758,0.006507676899974796,4947,3,209.05903333247,phase-level scalar G MAE; not the pair-level ΔG MAE
tlog_polynomial,23,temp_extrap,1.9841932857838969,0.006507676899974796,3171,3,304.9003993716378,phase-level scalar G MAE; not the pair-level ΔG MAE
tlog_polynomial,37,full_range,1.3772070604893176,0.006515814794355038,4947,3,211.36375172640848,phase-level scalar G MAE; not the pair-level ΔG MAE
tlog_polynomial,37,temp_extrap,2.0083570881469237,0.006515814794355038,3171,3,308.22808068253556,phase-level scalar G MAE; not the pair-level ΔG MAE
tlog_polynomial,51,full_range,1.3718198849809684,0.006517237397924493,4947,3,210.4910104115348,phase-level scalar G MAE; not the pair-level ΔG MAE
tlog_polynomial,51,temp_extrap,2.00050854663662,0.006517237397924493,3171,3,306.9565253636012,phase-level scalar G MAE; not the pair-level ΔG MAE
tlog_polynomial,67,full_range,1.3723880695044652,0.006506890926962845,4947,3,210.91302818949217,phase-level scalar G MAE; not the pair-level ΔG MAE
tlog_polynomial,67,temp_extrap,2.0012981733053405,0.006506890926962845,3171,3,307.5659628798275,phase-level scalar G MAE; not the pair-level ΔG MAE
polynomial,all,aggregate_full_range,,0.012826009500585208,,3,,equal-weight mean of three pair-level ΔG MAEs across five checkpoints; reproduces E1 aggregate
tlog_polynomial,all,aggregate_full_range,,0.006514548787262193,,3,,equal-weight mean of three pair-level ΔG MAEs across five checkpoints; reproduces E1 aggregate
