system,phase,E_DPA_eV_per_atom,E_DPA_in_F_QH_eV_per_atom,E_DFT_eV_per_atom,E_DFT_minus_E_DPA_meV_per_atom,E_DPA_in_F_QH_min_eV_per_atom,E_DPA_in_F_QH_max_eV_per_atom,source,source_sha256,static_term_source,static_term_consistency,F_QH_minus_F_vib_max_abs_minus_E_DPA_eV_per_atom
hf,hcp,-7.19450256228447,-7.193446710705757,-9.926452385,-2731.9498227155295,-7.193446710705757,-7.193446710705757,final-adopted-converged/hf/hcp/final_static/k242424_encut2.000/OUTCAR,dd4716aad3416665590e7ba8ac94b8aa854b9fde22a747521c0075c2d2838d18,F_QH_eV_per_atom - F_vib_eV_per_atom,rowwise_qh_static_differs,0.0010558515787124634
hf,bcc,-7.042352735996246,-7.041414201259613,-9.74414213,-2701.789394003754,-7.041414201259613,-7.041414201259613,final-adopted-converged/hf/bcc/final_static/k242424_encut2.000/OUTCAR,849f5b4636b1b665297514b5097c65f86b62b9f695efeeb989a0295d39375176,F_QH_eV_per_atom - F_vib_eV_per_atom,rowwise_qh_static_differs,0.0009385347366333008
ti,hcp,-6.432060956954956,-6.429423451423645,-7.80412897,-1372.0680130450437,-6.429423451423645,-6.429423451423645,final-adopted-converged/ti/hcp/final_static/k242424_encut2.000/OUTCAR,3636de7e9abfdd0f0b676ae20fba0014faa4dc39b955becebafd04b0228b089e,E_static_eV_per_atom,rowwise_qh_static_differs,0.002637505531311035
ti,bcc,-6.338312238454819,-6.336648171727275,-7.69405448,-1355.7422415451815,-6.338312178850174,-6.336090296506882,final-adopted-converged/ti/bcc/final_static/k242424_encut2.000/OUTCAR,ca2995aa129b9e84481bbf41f066920122100e9ff11484bbb65bb96cda13b012,E_static_eV_per_atom,rowwise_qh_static_differs,0.0022219419479370117
zr,hcp,-7.152492448687553,-7.149894490838051,-8.52150345,-1369.0110013124474,-7.149894490838051,-7.149894490838051,final-adopted-converged/zr/hcp/final_static/k242424_encut2.000/OUTCAR,3f9d926a6a5cca693b44bd139388e13bc4f82fcd590c5995b93cff38848560d5,E_static_eV_per_atom,rowwise_qh_static_differs,0.0025979578495025635
zr,bcc,-7.087005600333214,-7.084239602088928,-8.43685018,-1349.8445796667866,-7.084239602088928,-7.084239602088928,final-adopted-converged/zr/bcc/final_static/k242424_encut2.000/OUTCAR,37331266261dd23a323d00a177c91759106b5284b1fabe96a9f367c092366fa5,E_static_eV_per_atom,rowwise_qh_static_differs,0.0027659982442855835
sio2,quartz_beta,-4.09950738814142,-4.099507447746064,-8.03141288,-3931.9054918585794,-4.099507447746065,-4.099507447746065,final-adopted-converged/sio2/quartz_beta/final_static/k555_encut1.000/OUTCAR,194db370878cd0daa4d9b0e721a8eba4784980f8c8386c879feb12558890314e,F_QH_eV_per_atom - F_vib_eV_per_atom,match,5.960464477539063e-08
sio2,cristobalite_beta,-4.109503240634997,-4.106309541811546,-8.003126715833334,-3893.6234751983366,-4.106309541811545,-4.106309541811545,final-adopted-converged/sio2/cristobalite_beta/final_static/k555_encut1.000/OUTCAR,ba1c67d2a467986709e23e095e6e09f1e7951caee0042d105763303ea6ae28c1,F_QH_eV_per_atom - F_vib_eV_per_atom,rowwise_qh_static_differs,0.003193698823451996
sio2,tridymite_p63mmc,-4.10686831176281,-4.103704646229744,-8.004119081666667,-3897.250769903858,-4.103704646229744,-4.103704646229744,final-adopted-converged/sio2/tridymite_p63mmc/final_static/k555_encut1.000/OUTCAR,b4e2cd8c03e4bd2635118727f5eceb8c9653c722e2819b57ce7d3e35513326ba,F_QH_eV_per_atom - F_vib_eV_per_atom,rowwise_qh_static_differs,0.003163665533065796
