split,fold,pair,old_delta_G_MAE_eV_per_atom,new_delta_G_MAE_eV_per_atom,change_eV_per_atom,old_formula,new_formula
temp_extrap,all,hf:bcc_minus_hcp,0.5714184090171185,0.4192685827288953,-0.1521498262882232,E_DPA + F_QH (double static term),F_QH (static term included once)
temp_extrap,all,sio2:cristobalite_beta_minus_quartz_beta,0.02541163603725908,0.015415783543682013,-0.009995852493577066,E_DPA + F_QH (double static term),F_QH (static term included once)
temp_extrap,all,sio2:quartz_beta_minus_tridymite_p63mmc,0.029547658448848227,0.02218673482745883,-0.007360923621389397,E_DPA + F_QH (double static term),F_QH (static term included once)
temp_extrap,all,ti:bcc_minus_hcp,0.26954639218600657,0.17579767368586927,-0.0937487185001373,E_DPA + F_QH (double static term),F_QH (static term included once)
temp_extrap,all,zr:bcc_minus_hcp,0.179985521214028,0.11449867285968844,-0.06548684835433956,E_DPA + F_QH (double static term),F_QH (static term included once)
phase_lopo,hf:bcc,hf:bcc_minus_hcp,0.49451373373485624,0.342363907446633,-0.15214982628822327,E_DPA + F_QH (double static term),F_QH (static term included once)
phase_lopo,hf:hcp,hf:bcc_minus_hcp,0.49451373373485624,0.342363907446633,-0.15214982628822327,E_DPA + F_QH (double static term),F_QH (static term included once)
phase_lopo,sio2:cristobalite_beta,sio2:cristobalite_beta_minus_quartz_beta,0.025755499875603084,0.015759647382026024,-0.00999585249357706,E_DPA + F_QH (double static term),F_QH (static term included once)
phase_lopo,sio2:quartz_beta,sio2:cristobalite_beta_minus_quartz_beta,0.025755499875603084,0.015759647382026024,-0.00999585249357706,E_DPA + F_QH (double static term),F_QH (static term included once)
phase_lopo,sio2:quartz_beta,sio2:quartz_beta_minus_tridymite_p63mmc,0.028544981692708055,0.02118405807131864,-0.007360923621389414,E_DPA + F_QH (double static term),F_QH (static term included once)
phase_lopo,sio2:tridymite_p63mmc,sio2:quartz_beta_minus_tridymite_p63mmc,0.028544981692708055,0.02118405807131864,-0.007360923621389414,E_DPA + F_QH (double static term),F_QH (static term included once)
phase_lopo,ti:bcc,ti:bcc_minus_hcp,0.2634575253188126,0.16970880681867526,-0.09374871850013736,E_DPA + F_QH (double static term),F_QH (static term included once)
phase_lopo,ti:hcp,ti:bcc_minus_hcp,0.2634575253188126,0.16970880681867526,-0.09374871850013736,E_DPA + F_QH (double static term),F_QH (static term included once)
phase_lopo,zr:bcc,zr:bcc_minus_hcp,0.16628189886769257,0.100795050513353,-0.06548684835433957,E_DPA + F_QH (double static term),F_QH (static term included once)
phase_lopo,zr:hcp,zr:bcc_minus_hcp,0.16628189886769257,0.100795050513353,-0.06548684835433957,E_DPA + F_QH (double static term),F_QH (static term included once)
