category,system,pair,low_phase,high_phase,baseline,residual_form,parameter_count,threshold_T_K,training_n,test_n,training_RMSE_meV_per_atom,test_MAE_meV_per_atom,test_sign_accuracy,predicted_Tc_K,Tc_error_K,predicted_crossings_n,false_crossings_n,missed_crossings_n,residual_RMS_full_meV_per_atom,residual_max_abs_full_meV_per_atom,reference_Tc_K
baseline_control,hf,bcc/hcp,bcc,hcp,B0,none,0,1819,744,508,,4.23641732283,0.00590551181102,,,0,0,1,14.514649975,32,1919
oracle_fit,hf,bcc/hcp,bcc,hcp,B0,R2,2,1819,744,508,0.527157522239,4.62730197517,0.883858267717,1861.94687496,-57.0531250405,1,0,0,14.514649975,32,1919
oracle_fit,hf,bcc/hcp,bcc,hcp,B0,R3,3,1819,744,508,0.0497515963889,0.525839654161,0.984251968504,1912.89158105,-6.10841895282,1,0,0,14.514649975,32,1919
baseline_control,hf,bcc/hcp,bcc,hcp,B1,none,0,1819,744,508,,396.523630148,0.801181102362,,,0,0,1,349.854565775,436.193050272,1919
oracle_fit,hf,bcc/hcp,bcc,hcp,B1,R2,2,1819,744,508,1.32320990909,10.8617849607,0.801181102362,1818.98720907,-100.012790931,1,0,0,349.854565775,436.193050272,1919
oracle_fit,hf,bcc/hcp,bcc,hcp,B1,R3,3,1819,744,508,0.0498112051344,0.52788603372,0.984251968504,1912.86842765,-6.13157235094,1,0,0,349.854565775,436.193050272,1919
baseline_control,hf,bcc/hcp,bcc,hcp,B2,none,0,1819,744,508,,942.064655808,0.801181102362,,,0,0,1,807.473780229,1048.02139498,1919
oracle_fit,hf,bcc/hcp,bcc,hcp,B2,R2,2,1819,744,508,1.32644370767,10.8817431304,0.801181102362,1818.86866569,-100.131334309,1,0,0,807.473780229,1048.02139498,1919
oracle_fit,hf,bcc/hcp,bcc,hcp,B2,R3,3,1819,744,508,0.0496550619356,0.52251326117,0.984251968504,1912.92923674,-6.07076326483,1,0,0,807.473780229,1048.02139498,1919
reference_control,hf,bcc/hcp,bcc,hcp,reference,R3,3,1819,1252,,0.0889945988727,,,,,,,,,,1919
baseline_control,ti,bcc/hcp,bcc,hcp,B0,none,0,912,78,615,,6.80569105691,0.00487804878049,,,0,0,1,7.77120986344,13.4,1012
oracle_fit,ti,bcc/hcp,bcc,hcp,B0,R2,2,912,78,615,0.038260326751,3.94394787882,0.978861788618,1000.48011551,-11.5198844884,1,0,0,7.77120986344,13.4,1012
oracle_fit,ti,bcc/hcp,bcc,hcp,B0,R3,3,912,78,615,0.0368679785963,1.03278186077,0.991869918699,1008.80482769,-3.19517231444,1,0,0,7.77120986344,13.4,1012
baseline_control,ti,bcc/hcp,bcc,hcp,B1,none,0,912,78,615,,162.984786619,0.835772357724,,,0,0,1,160.736789714,197.27250822,1012
oracle_fit,ti,bcc/hcp,bcc,hcp,B1,R2,2,912,78,615,0.0464087009642,8.98452409795,0.960975609756,989.719096724,-22.2809032765,1,0,0,160.736789714,197.27250822,1012
oracle_fit,ti,bcc/hcp,bcc,hcp,B1,R3,3,912,78,615,0.0368686084159,0.961453801145,0.991869918699,1008.78308544,-3.21691455803,1,0,0,160.736789714,197.27250822,1012
baseline_control,ti,bcc/hcp,bcc,hcp,B2,none,0,912,78,615,,668.431810416,0.835772357724,,,0,0,1,656.883022808,829.446795365,1012
oracle_fit,ti,bcc/hcp,bcc,hcp,B2,R2,2,912,78,615,0.0467109622685,9.09161615166,0.960975609756,989.489086486,-22.5109135144,1,0,0,656.883022808,829.446795365,1012
oracle_fit,ti,bcc/hcp,bcc,hcp,B2,R3,3,912,78,615,0.036867428878,0.92723111752,0.991869918699,1008.82382648,-3.17617351975,1,0,0,656.883022808,829.446795365,1012
reference_control,ti,bcc/hcp,bcc,hcp,reference,R3,3,912,693,,0.0571129582937,,,,,,,,,,1012
baseline_control,zr,bcc/hcp,bcc,hcp,B0,none,0,875.5,266,644,,6.61940993789,0.00310559006211,,,0,0,1,8.68700051928,16.7,975.5
oracle_fit,zr,bcc/hcp,bcc,hcp,B0,R2,2,875.5,266,644,0.15225082314,6.01534561475,0.95652173913,948.517649772,-26.9823502281,1,0,0,8.68700051928,16.7,975.5
oracle_fit,zr,bcc/hcp,bcc,hcp,B0,R3,3,875.5,266,644,0.0400801098126,0.69247418284,0.995341614907,973.594714062,-1.90528593829,1,0,0,8.68700051928,16.7,975.5
baseline_control,zr,bcc/hcp,bcc,hcp,B1,none,0,875.5,266,644,,132.618479095,0.843167701863,,,0,0,1,125.142301057,163.05713656,975.5
oracle_fit,zr,bcc/hcp,bcc,hcp,B1,R2,2,875.5,266,644,0.318581479966,12.1663914961,0.928571428571,930.287310917,-45.2126890825,1,0,0,125.142301057,163.05713656,975.5
oracle_fit,zr,bcc/hcp,bcc,hcp,B1,R3,3,875.5,266,644,0.0400868044712,0.711096295795,0.995341614907,973.537254234,-1.96274576611,1,0,0,125.142301057,163.05713656,975.5
baseline_control,zr,bcc/hcp,bcc,hcp,B2,none,0,875.5,266,644,,514.673641131,0.843167701863,,,0,0,1,474.919524386,646.267074742,975.5
oracle_fit,zr,bcc/hcp,bcc,hcp,B2,R2,2,875.5,266,644,0.323249573042,12.2856907373,0.92701863354,929.924951001,-45.5750489994,1,0,0,474.919524386,646.267074742,975.5
oracle_fit,zr,bcc/hcp,bcc,hcp,B2,R3,3,875.5,266,644,0.0400690223093,0.659852933578,0.995341614907,973.695644801,-1.80435519857,1,0,0,474.919524386,646.267074742,975.5
reference_control,zr,bcc/hcp,bcc,hcp,reference,R3,3,875.5,910,,0.0593174231327,,,,,,,,,,975.5
baseline_control,sio2,quartz_beta/cristobalite_beta,quartz_beta,cristobalite_beta,B0,none,0,1442.70870478,592,1057,,3.39517028256,0,,,0,0,1,3.77019637519,7.49434702599,1542.70870478
oracle_fit,sio2,quartz_beta/cristobalite_beta,quartz_beta,cristobalite_beta,B0,R2,2,1442.70870478,592,1057,0.0252520127199,0.419933272194,0.986754966887,1556.8294779,14.1207731199,1,0,0,3.77019637519,7.49434702599,1542.70870478
oracle_fit,sio2,quartz_beta/cristobalite_beta,quartz_beta,cristobalite_beta,B0,R3,3,1442.70870478,592,1057,0.00173228185339,0.148902019655,0.998107852412,1540.90830951,-1.80039526631,1,0,0,3.77019637519,7.49434702599,1542.70870478
baseline_control,sio2,quartz_beta/cristobalite_beta,quartz_beta,cristobalite_beta,B1,none,0,1442.70870478,592,1057,,28.5483523438,0.0946073793756,,,0,0,1,24.7253288809,38.437372304,1542.70870478
oracle_fit,sio2,quartz_beta/cristobalite_beta,quartz_beta,cristobalite_beta,B1,R2,2,1442.70870478,592,1057,0.026460469786,0.445096363117,0.985808893094,1557.6178036,14.9090988255,1,0,0,24.7253288809,38.437372304,1542.70870478
oracle_fit,sio2,quartz_beta/cristobalite_beta,quartz_beta,cristobalite_beta,B1,R3,3,1442.70870478,592,1057,0.00178919003336,0.151001101746,0.998107852412,1540.86677387,-1.84193090805,1,0,0,24.7253288809,38.437372304,1542.70870478
baseline_control,sio2,quartz_beta/cristobalite_beta,quartz_beta,cristobalite_beta,B2,none,0,1442.70870478,592,1057,,1291.96979147,0.0946073793756,,,0,0,1,1142.20774002,1636.95603528,1542.70870478
oracle_fit,sio2,quartz_beta/cristobalite_beta,quartz_beta,cristobalite_beta,B2,R2,2,1442.70870478,592,1057,0.200161506165,3.15823475932,0.736991485336,1820.66034569,277.95164091,1,0,0,1142.20774002,1636.95603528,1542.70870478
oracle_fit,sio2,quartz_beta/cristobalite_beta,quartz_beta,cristobalite_beta,B2,R3,3,1442.70870478,592,1057,0.0158090862436,1.3471984496,0.986754966887,1528.22210205,-14.4866027232,1,0,0,1142.20774002,1636.95603528,1542.70870478
reference_control,sio2,quartz_beta/cristobalite_beta,quartz_beta,cristobalite_beta,reference,R3,3,1442.70870478,1649,,0.0114207236971,,,,,,,,,,1542.70870478
baseline_control,sio2,quartz_beta/tridymite_p63mmc,quartz_beta,tridymite_p63mmc,B0,none,0,1442.70870478,592,1057,,3.17449868042,0,,,0,0,1,3.67456717366,7.30354798888,1582.32155106
oracle_fit,sio2,quartz_beta/tridymite_p63mmc,quartz_beta,tridymite_p63mmc,B0,R2,2,1442.70870478,592,1057,0.0273942435448,0.571250034225,0.980132450331,1603.9219487,21.6003976427,1,0,0,3.67456717366,7.30354798888,1582.32155106
oracle_fit,sio2,quartz_beta/tridymite_p63mmc,quartz_beta,tridymite_p63mmc,B0,R3,3,1442.70870478,592,1057,0.000730661020224,0.0470789489741,0.999053926206,1581.34999087,-0.97156019199,1,0,0,3.67456717366,7.30354798888,1582.32155106
baseline_control,sio2,quartz_beta/tridymite_p63mmc,quartz_beta,tridymite_p63mmc,B1,none,0,1442.70870478,592,1057,,28.2625280523,0.132450331126,,,0,0,1,24.4768501708,38.2465732668,1582.32155106
oracle_fit,sio2,quartz_beta/tridymite_p63mmc,quartz_beta,tridymite_p63mmc,B1,R2,2,1442.70870478,592,1057,0.0286027362481,0.596413125148,0.979186376537,1604.96706791,22.645516848,1,0,0,24.4768501708,38.2465732668,1582.32155106
oracle_fit,sio2,quartz_beta/tridymite_p63mmc,quartz_beta,tridymite_p63mmc,B1,R3,3,1442.70870478,592,1057,0.000787899628312,0.0491780310653,0.999053926206,1581.29305597,-1.02849508548,1,0,0,24.4768501708,38.2465732668,1582.32155106
baseline_control,sio2,quartz_beta/tridymite_p63mmc,quartz_beta,tridymite_p63mmc,B2,none,0,1442.70870478,592,1057,,1291.68396718,0.132450331126,,,0,0,1,1141.95472377,1636.76523625,1582.32155106
oracle_fit,sio2,quartz_beta/tridymite_p63mmc,quartz_beta,tridymite_p63mmc,B2,R2,2,1442.70870478,592,1057,0.202270889437,3.30955152135,0.532639545885,2076.50930602,494.187754964,1,0,0,1141.95472377,1636.76523625,1582.32155106
oracle_fit,sio2,quartz_beta/tridymite_p63mmc,quartz_beta,tridymite_p63mmc,B2,R3,3,1442.70870478,592,1057,0.014807126542,1.24537537892,0.982024597919,1563.58702037,-18.734530693,1,0,0,1141.95472377,1636.76523625,1582.32155106
reference_control,sio2,quartz_beta/tridymite_p63mmc,quartz_beta,tridymite_p63mmc,reference,R3,3,1442.70870478,1649,,0.00229374751276,,,,,,,,,,1582.32155106
