system,phase,seed,region,T_K,pred_G_eV_per_atom,natoms,source_run
zr,hcp,23,train,610.0,-15.220110654830933,2,/dev/shm/t3_batch_v2/t2/runs/continuous_tlog_polynomial/zr/seed_23
zr,hcp,23,train,611.0,-15.220660328865051,2,/dev/shm/t3_batch_v2/t2/runs/continuous_tlog_polynomial/zr/seed_23
zr,hcp,23,train,612.0,-15.221210241317749,2,/dev/shm/t3_batch_v2/t2/runs/continuous_tlog_polynomial/zr/seed_23
zr,hcp,23,train,613.0,-15.221759915351868,2,/dev/shm/t3_batch_v2/t2/runs/continuous_tlog_polynomial/zr/seed_23
zr,hcp,23,train,614.0,-15.222310572862625,2,/dev/shm/t3_batch_v2/t2/runs/continuous_tlog_polynomial/zr/seed_23
zr,hcp,23,train,615.0,-15.222861468791962,2,/dev/shm/t3_batch_v2/t2/runs/continuous_tlog_polynomial/zr/seed_23
zr,hcp,23,train,616.0,-15.2234126329422,2,/dev/shm/t3_batch_v2/t2/runs/continuous_tlog_polynomial/zr/seed_23
zr,hcp,23,train,617.0,-15.223963499069214,2,/dev/shm/t3_batch_v2/t2/runs/continuous_tlog_polynomial/zr/seed_23
zr,hcp,23,train,618.0,-15.224515318870544,2,/dev/shm/t3_batch_v2/t2/runs/continuous_tlog_polynomial/zr/seed_23
zr,hcp,23,train,619.0,-15.225067526102066,2,/dev/shm/t3_batch_v2/t2/runs/continuous_tlog_polynomial/zr/seed_23
zr,hcp,23,train,620.0,-15.225619912147522,2,/dev/shm/t3_batch_v2/t2/runs/continuous_tlog_polynomial/zr/seed_23
zr,hcp,23,train,621.0,-15.226172804832458,2,/dev/shm/t3_batch_v2/t2/runs/continuous_tlog_polynomial/zr/seed_23
zr,hcp,23,train,622.0,-15.22672563791275,2,/dev/shm/t3_batch_v2/t2/runs/continuous_tlog_polynomial/zr/seed_23
zr,hcp,23,train,623.0,-15.227279037237167,2,/dev/shm/t3_batch_v2/t2/runs/continuous_tlog_polynomial/zr/seed_23
zr,hcp,23,train,624.0,-15.227832913398743,2,/dev/shm/t3_batch_v2/t2/runs/continuous_tlog_polynomial/zr/seed_23
zr,hcp,23,train,625.0,-15.228386878967285,2,/dev/shm/t3_batch_v2/t2/runs/continuous_tlog_polynomial/zr/seed_23
zr,hcp,23,train,626.0,-15.228941321372986,2,/dev/shm/t3_batch_v2/t2/runs/continuous_tlog_polynomial/zr/seed_23
zr,hcp,23,train,627.0,-15.229495644569397,2,/dev/shm/t3_batch_v2/t2/runs/continuous_tlog_polynomial/zr/seed_23
zr,hcp,23,train,628.0,-15.230050563812256,2,/dev/shm/t3_batch_v2/t2/runs/continuous_tlog_polynomial/zr/seed_23
zr,hcp,23,train,629.0,-15.230605721473694,2,/dev/shm/t3_batch_v2/t2/runs/continuous_tlog_polynomial/zr/seed_23
zr,hcp,23,train,630.0,-15.231161385774612,2,/dev/shm/t3_batch_v2/t2/runs/continuous_tlog_polynomial/zr/seed_23
zr,hcp,23,train,631.0,-15.231717646121979,2,/dev/shm/t3_batch_v2/t2/runs/continuous_tlog_polynomial/zr/seed_23
zr,hcp,23,train,632.0,-15.232273906469345,2,/dev/shm/t3_batch_v2/t2/runs/continuous_tlog_polynomial/zr/seed_23
zr,hcp,23,train,633.0,-15.232830494642258,2,/dev/shm/t3_batch_v2/t2/runs/continuous_tlog_polynomial/zr/seed_23
zr,hcp,23,train,634.0,-15.233386933803558,2,/dev/shm/t3_batch_v2/t2/runs/continuous_tlog_polynomial/zr/seed_23
zr,hcp,23,train,635.0,-15.23394450545311,2,/dev/shm/t3_batch_v2/t2/runs/continuous_tlog_polynomial/zr/seed_23
zr,hcp,23,train,636.0,-15.234502077102661,2,/dev/shm/t3_batch_v2/t2/runs/continuous_tlog_polynomial/zr/seed_23
zr,hcp,23,train,637.0,-15.235059976577759,2,/dev/shm/t3_batch_v2/t2/runs/continuous_tlog_polynomial/zr/seed_23
zr,hcp,23,train,638.0,-15.23561778664589,2,/dev/shm/t3_batch_v2/t2/runs/continuous_tlog_polynomial/zr/seed_23
zr,hcp,23,train,639.0,-15.236176490783691,2,/dev/shm/t3_batch_v2/t2/runs/continuous_tlog_polynomial/zr/seed_23
zr,hcp,23,train,640.0,-15.236735075712204,2,/dev/shm/t3_batch_v2/t2/runs/continuous_tlog_polynomial/zr/seed_23
zr,hcp,23,train,641.0,-15.237293928861618,2,/dev/shm/t3_batch_v2/t2/runs/continuous_tlog_polynomial/zr/seed_23
zr,hcp,23,train,642.0,-15.23785412311554,2,/dev/shm/t3_batch_v2/t2/runs/continuous_tlog_polynomial/zr/seed_23
zr,hcp,23,train,643.0,-15.238413631916046,2,/dev/shm/t3_batch_v2/t2/runs/continuous_tlog_polynomial/zr/seed_23
zr,hcp,23,train,644.0,-15.238973498344421,2,/dev/shm/t3_batch_v2/t2/runs/continuous_tlog_polynomial/zr/seed_23
zr,hcp,23,train,645.0,-15.239533692598343,2,/dev/shm/t3_batch_v2/t2/runs/continuous_tlog_polynomial/zr/seed_23
zr,hcp,23,train,646.0,-15.240094184875488,2,/dev/shm/t3_batch_v2/t2/runs/continuous_tlog_polynomial/zr/seed_23
zr,hcp,23,train,647.0,-15.240655422210693,2,/dev/shm/t3_batch_v2/t2/runs/continuous_tlog_polynomial/zr/seed_23
zr,hcp,23,train,648.0,-15.241216778755188,2,/dev/shm/t3_batch_v2/t2/runs/continuous_tlog_polynomial/zr/seed_23
zr,hcp,23,train,649.0,-15.241778373718262,2,/dev/shm/t3_batch_v2/t2/runs/continuous_tlog_polynomial/zr/seed_23
zr,hcp,23,train,650.0,-15.242339819669724,2,/dev/shm/t3_batch_v2/t2/runs/continuous_tlog_polynomial/zr/seed_23
zr,hcp,23,train,651.0,-15.242902487516403,2,/dev/shm/t3_batch_v2/t2/runs/continuous_tlog_polynomial/zr/seed_23
zr,hcp,23,train,652.0,-15.243464529514313,2,/dev/shm/t3_batch_v2/t2/runs/continuous_tlog_polynomial/zr/seed_23
zr,hcp,23,train,653.0,-15.244028180837631,2,/dev/shm/t3_batch_v2/t2/runs/continuous_tlog_polynomial/zr/seed_23
zr,hcp,23,train,654.0,-15.244590789079666,2,/dev/shm/t3_batch_v2/t2/runs/continuous_tlog_polynomial/zr/seed_23
zr,hcp,23,train,655.0,-15.245154231786728,2,/dev/shm/t3_batch_v2/t2/runs/continuous_tlog_polynomial/zr/seed_23
zr,hcp,23,train,656.0,-15.24571779370308,2,/dev/shm/t3_batch_v2/t2/runs/continuous_tlog_polynomial/zr/seed_23
zr,hcp,23,train,657.0,-15.246281892061234,2,/dev/shm/t3_batch_v2/t2/runs/continuous_tlog_polynomial/zr/seed_23
zr,hcp,23,train,658.0,-15.24684602022171,2,/dev/shm/t3_batch_v2/t2/runs/continuous_tlog_polynomial/zr/seed_23
zr,hcp,23,train,659.0,-15.247410774230957,2,/dev/shm/t3_batch_v2/t2/runs/continuous_tlog_polynomial/zr/seed_23
zr,hcp,23,train,660.0,-15.247975945472717,2,/dev/shm/t3_batch_v2/t2/runs/continuous_tlog_polynomial/zr/seed_23
zr,hcp,23,train,661.0,-15.248540848493576,2,/dev/shm/t3_batch_v2/t2/runs/continuous_tlog_polynomial/zr/seed_23
zr,hcp,23,train,662.0,-15.249106526374817,2,/dev/shm/t3_batch_v2/t2/runs/continuous_tlog_polynomial/zr/seed_23
zr,hcp,23,train,663.0,-15.24967211484909,2,/dev/shm/t3_batch_v2/t2/runs/continuous_tlog_polynomial/zr/seed_23
zr,hcp,23,train,664.0,-15.250238120555878,2,/dev/shm/t3_batch_v2/t2/runs/continuous_tlog_polynomial/zr/seed_23
zr,hcp,23,train,665.0,-15.250804662704468,2,/dev/shm/t3_batch_v2/t2/runs/continuous_tlog_polynomial/zr/seed_23
zr,hcp,23,train,666.0,-15.251371443271637,2,/dev/shm/t3_batch_v2/t2/runs/continuous_tlog_polynomial/zr/seed_23
zr,hcp,23,train,667.0,-15.251938581466675,2,/dev/shm/t3_batch_v2/t2/runs/continuous_tlog_polynomial/zr/seed_23
zr,hcp,23,train,668.0,-15.252506136894226,2,/dev/shm/t3_batch_v2/t2/runs/continuous_tlog_polynomial/zr/seed_23
zr,hcp,23,train,669.0,-15.253073662519455,2,/dev/shm/t3_batch_v2/t2/runs/continuous_tlog_polynomial/zr/seed_23
zr,hcp,23,train,670.0,-15.253641724586487,2,/dev/shm/t3_batch_v2/t2/runs/continuous_tlog_polynomial/zr/seed_23
zr,hcp,23,train,671.0,-15.254209816455841,2,/dev/shm/t3_batch_v2/t2/runs/continuous_tlog_polynomial/zr/seed_23
zr,hcp,23,train,672.0,-15.25477847456932,2,/dev/shm/t3_batch_v2/t2/runs/continuous_tlog_polynomial/zr/seed_23
zr,hcp,23,train,673.0,-15.255347311496735,2,/dev/shm/t3_batch_v2/t2/runs/continuous_tlog_polynomial/zr/seed_23
zr,hcp,23,train,674.0,-15.255915999412537,2,/dev/shm/t3_batch_v2/t2/runs/continuous_tlog_polynomial/zr/seed_23
zr,hcp,23,train,675.0,-15.256485670804977,2,/dev/shm/t3_batch_v2/t2/runs/continuous_tlog_polynomial/zr/seed_23
zr,hcp,23,train,676.0,-15.257055163383484,2,/dev/shm/t3_batch_v2/t2/runs/continuous_tlog_polynomial/zr/seed_23
zr,hcp,23,train,677.0,-15.257625252008438,2,/dev/shm/t3_batch_v2/t2/runs/continuous_tlog_polynomial/zr/seed_23
zr,hcp,23,train,678.0,-15.25819581747055,2,/dev/shm/t3_batch_v2/t2/runs/continuous_tlog_polynomial/zr/seed_23
zr,hcp,23,train,679.0,-15.258766144514084,2,/dev/shm/t3_batch_v2/t2/runs/continuous_tlog_polynomial/zr/seed_23
zr,hcp,23,train,680.0,-15.259337216615677,2,/dev/shm/t3_batch_v2/t2/runs/continuous_tlog_polynomial/zr/seed_23
zr,hcp,23,train,681.0,-15.259908586740494,2,/dev/shm/t3_batch_v2/t2/runs/continuous_tlog_polynomial/zr/seed_23
zr,hcp,23,train,682.0,-15.260479807853699,2,/dev/shm/t3_batch_v2/t2/runs/continuous_tlog_polynomial/zr/seed_23
zr,hcp,23,train,683.0,-15.261051416397095,2,/dev/shm/t3_batch_v2/t2/runs/continuous_tlog_polynomial/zr/seed_23
zr,hcp,23,train,684.0,-15.26162326335907,2,/dev/shm/t3_batch_v2/t2/runs/continuous_tlog_polynomial/zr/seed_23
zr,hcp,23,train,685.0,-15.262195736169815,2,/dev/shm/t3_batch_v2/t2/runs/continuous_tlog_polynomial/zr/seed_23
zr,hcp,23,train,686.0,-15.262768357992172,2,/dev/shm/t3_batch_v2/t2/runs/continuous_tlog_polynomial/zr/seed_23
zr,hcp,23,train,687.0,-15.263341635465622,2,/dev/shm/t3_batch_v2/t2/runs/continuous_tlog_polynomial/zr/seed_23
zr,hcp,23,train,688.0,-15.263914436101913,2,/dev/shm/t3_batch_v2/t2/runs/continuous_tlog_polynomial/zr/seed_23
zr,hcp,23,train,689.0,-15.264487832784653,2,/dev/shm/t3_batch_v2/t2/runs/continuous_tlog_polynomial/zr/seed_23
zr,hcp,23,train,690.0,-15.265061676502228,2,/dev/shm/t3_batch_v2/t2/runs/continuous_tlog_polynomial/zr/seed_23
zr,hcp,23,train,691.0,-15.265635788440704,2,/dev/shm/t3_batch_v2/t2/runs/continuous_tlog_polynomial/zr/seed_23
zr,hcp,23,train,692.0,-15.266210436820984,2,/dev/shm/t3_batch_v2/t2/runs/continuous_tlog_polynomial/zr/seed_23
zr,hcp,23,train,693.0,-15.266784995794296,2,/dev/shm/t3_batch_v2/t2/runs/continuous_tlog_polynomial/zr/seed_23
zr,hcp,23,train,694.0,-15.267359793186188,2,/dev/shm/t3_batch_v2/t2/runs/continuous_tlog_polynomial/zr/seed_23
zr,hcp,23,train,695.0,-15.267934918403625,2,/dev/shm/t3_batch_v2/t2/runs/continuous_tlog_polynomial/zr/seed_23
zr,hcp,23,train,696.0,-15.268510103225708,2,/dev/shm/t3_batch_v2/t2/runs/continuous_tlog_polynomial/zr/seed_23
zr,hcp,23,train,697.0,-15.269086420536041,2,/dev/shm/t3_batch_v2/t2/runs/continuous_tlog_polynomial/zr/seed_23
zr,hcp,23,train,698.0,-15.269662350416183,2,/dev/shm/t3_batch_v2/t2/runs/continuous_tlog_polynomial/zr/seed_23
zr,hcp,23,train,699.0,-15.27023857831955,2,/dev/shm/t3_batch_v2/t2/runs/continuous_tlog_polynomial/zr/seed_23
zr,hcp,23,train,700.0,-15.270815551280975,2,/dev/shm/t3_batch_v2/t2/runs/continuous_tlog_polynomial/zr/seed_23
zr,hcp,23,train,701.0,-15.271391898393631,2,/dev/shm/t3_batch_v2/t2/runs/continuous_tlog_polynomial/zr/seed_23
zr,hcp,23,train,702.0,-15.271968960762024,2,/dev/shm/t3_batch_v2/t2/runs/continuous_tlog_polynomial/zr/seed_23
zr,hcp,23,train,703.0,-15.272546857595444,2,/dev/shm/t3_batch_v2/t2/runs/continuous_tlog_polynomial/zr/seed_23
zr,hcp,23,train,704.0,-15.273124486207962,2,/dev/shm/t3_batch_v2/t2/runs/continuous_tlog_polynomial/zr/seed_23
zr,hcp,23,train,705.0,-15.273702532052994,2,/dev/shm/t3_batch_v2/t2/runs/continuous_tlog_polynomial/zr/seed_23
zr,hcp,23,train,706.0,-15.27428063750267,2,/dev/shm/t3_batch_v2/t2/runs/continuous_tlog_polynomial/zr/seed_23
zr,hcp,23,train,707.0,-15.274859488010406,2,/dev/shm/t3_batch_v2/t2/runs/continuous_tlog_polynomial/zr/seed_23
zr,hcp,23,train,708.0,-15.27543830871582,2,/dev/shm/t3_batch_v2/t2/runs/continuous_tlog_polynomial/zr/seed_23
zr,hcp,23,train,709.0,-15.276017367839813,2,/dev/shm/t3_batch_v2/t2/runs/continuous_tlog_polynomial/zr/seed_23
zr,hcp,23,train,710.0,-15.276596814393997,2,/dev/shm/t3_batch_v2/t2/runs/continuous_tlog_polynomial/zr/seed_23
zr,hcp,23,train,711.0,-15.277176171541214,2,/dev/shm/t3_batch_v2/t2/runs/continuous_tlog_polynomial/zr/seed_23
zr,hcp,23,train,712.0,-15.27775627374649,2,/dev/shm/t3_batch_v2/t2/runs/continuous_tlog_polynomial/zr/seed_23
zr,hcp,23,train,713.0,-15.278337001800537,2,/dev/shm/t3_batch_v2/t2/runs/continuous_tlog_polynomial/zr/seed_23
zr,hcp,23,train,714.0,-15.278917253017426,2,/dev/shm/t3_batch_v2/t2/runs/continuous_tlog_polynomial/zr/seed_23
zr,hcp,23,train,715.0,-15.27949771285057,2,/dev/shm/t3_batch_v2/t2/runs/continuous_tlog_polynomial/zr/seed_23
zr,hcp,23,train,716.0,-15.280078798532486,2,/dev/shm/t3_batch_v2/t2/runs/continuous_tlog_polynomial/zr/seed_23
zr,hcp,23,train,717.0,-15.280660182237625,2,/dev/shm/t3_batch_v2/t2/runs/continuous_tlog_polynomial/zr/seed_23
zr,hcp,23,train,718.0,-15.28124189376831,2,/dev/shm/t3_batch_v2/t2/runs/continuous_tlog_polynomial/zr/seed_23
zr,hcp,23,train,719.0,-15.281823992729187,2,/dev/shm/t3_batch_v2/t2/runs/continuous_tlog_polynomial/zr/seed_23
zr,hcp,23,train,720.0,-15.282406449317932,2,/dev/shm/t3_batch_v2/t2/runs/continuous_tlog_polynomial/zr/seed_23
zr,hcp,23,train,721.0,-15.282988369464874,2,/dev/shm/t3_batch_v2/t2/runs/continuous_tlog_polynomial/zr/seed_23
zr,hcp,23,train,722.0,-15.283571541309357,2,/dev/shm/t3_batch_v2/t2/runs/continuous_tlog_polynomial/zr/seed_23
zr,hcp,23,train,723.0,-15.28415435552597,2,/dev/shm/t3_batch_v2/t2/runs/continuous_tlog_polynomial/zr/seed_23
zr,hcp,23,train,724.0,-15.284737586975098,2,/dev/shm/t3_batch_v2/t2/runs/continuous_tlog_polynomial/zr/seed_23
zr,hcp,23,train,725.0,-15.285320848226547,2,/dev/shm/t3_batch_v2/t2/runs/continuous_tlog_polynomial/zr/seed_23
zr,hcp,23,train,726.0,-15.28590476512909,2,/dev/shm/t3_batch_v2/t2/runs/continuous_tlog_polynomial/zr/seed_23
zr,hcp,23,train,727.0,-15.286489218473434,2,/dev/shm/t3_batch_v2/t2/runs/continuous_tlog_polynomial/zr/seed_23
zr,hcp,23,train,728.0,-15.287073373794556,2,/dev/shm/t3_batch_v2/t2/runs/continuous_tlog_polynomial/zr/seed_23
zr,hcp,23,train,729.0,-15.287657886743546,2,/dev/shm/t3_batch_v2/t2/runs/continuous_tlog_polynomial/zr/seed_23
zr,hcp,23,train,730.0,-15.288242518901825,2,/dev/shm/t3_batch_v2/t2/runs/continuous_tlog_polynomial/zr/seed_23
zr,hcp,23,train,731.0,-15.288827657699585,2,/dev/shm/t3_batch_v2/t2/runs/continuous_tlog_polynomial/zr/seed_23
zr,hcp,23,train,732.0,-15.289413124322891,2,/dev/shm/t3_batch_v2/t2/runs/continuous_tlog_polynomial/zr/seed_23
zr,hcp,23,train,733.0,-15.289998769760132,2,/dev/shm/t3_batch_v2/t2/runs/continuous_tlog_polynomial/zr/seed_23
zr,hcp,23,train,734.0,-15.290584772825241,2,/dev/shm/t3_batch_v2/t2/runs/continuous_tlog_polynomial/zr/seed_23
zr,hcp,23,train,735.0,-15.291170984506607,2,/dev/shm/t3_batch_v2/t2/runs/continuous_tlog_polynomial/zr/seed_23
zr,hcp,23,train,736.0,-15.291757494211197,2,/dev/shm/t3_batch_v2/t2/runs/continuous_tlog_polynomial/zr/seed_23
zr,hcp,23,train,737.0,-15.292344450950623,2,/dev/shm/t3_batch_v2/t2/runs/continuous_tlog_polynomial/zr/seed_23
zr,hcp,23,train,738.0,-15.292930901050568,2,/dev/shm/t3_batch_v2/t2/runs/continuous_tlog_polynomial/zr/seed_23
zr,hcp,23,train,739.0,-15.293518364429474,2,/dev/shm/t3_batch_v2/t2/runs/continuous_tlog_polynomial/zr/seed_23
zr,hcp,23,train,740.0,-15.294105768203735,2,/dev/shm/t3_batch_v2/t2/runs/continuous_tlog_polynomial/zr/seed_23
zr,hcp,23,train,741.0,-15.294694066047668,2,/dev/shm/t3_batch_v2/t2/runs/continuous_tlog_polynomial/zr/seed_23
zr,hcp,23,train,742.0,-15.295281946659088,2,/dev/shm/t3_batch_v2/t2/runs/continuous_tlog_polynomial/zr/seed_23
zr,hcp,23,train,743.0,-15.295870274305344,2,/dev/shm/t3_batch_v2/t2/runs/continuous_tlog_polynomial/zr/seed_23
zr,hcp,23,train,744.0,-15.296458542346954,2,/dev/shm/t3_batch_v2/t2/runs/continuous_tlog_polynomial/zr/seed_23
zr,hcp,23,train,745.0,-15.297047674655914,2,/dev/shm/t3_batch_v2/t2/runs/continuous_tlog_polynomial/zr/seed_23
zr,hcp,23,train,746.0,-15.297636717557907,2,/dev/shm/t3_batch_v2/t2/runs/continuous_tlog_polynomial/zr/seed_23
zr,hcp,23,train,747.0,-15.298226237297058,2,/dev/shm/t3_batch_v2/t2/runs/continuous_tlog_polynomial/zr/seed_23
zr,hcp,23,train,748.0,-15.29881563782692,2,/dev/shm/t3_batch_v2/t2/runs/continuous_tlog_polynomial/zr/seed_23
zr,hcp,23,train,749.0,-15.29940539598465,2,/dev/shm/t3_batch_v2/t2/runs/continuous_tlog_polynomial/zr/seed_23
zr,hcp,23,train,750.0,-15.299995481967926,2,/dev/shm/t3_batch_v2/t2/runs/continuous_tlog_polynomial/zr/seed_23
zr,hcp,23,train,751.0,-15.300586074590683,2,/dev/shm/t3_batch_v2/t2/runs/continuous_tlog_polynomial/zr/seed_23
zr,hcp,23,train,752.0,-15.30117642879486,2,/dev/shm/t3_batch_v2/t2/runs/continuous_tlog_polynomial/zr/seed_23
zr,hcp,23,train,753.0,-15.301767468452454,2,/dev/shm/t3_batch_v2/t2/runs/continuous_tlog_polynomial/zr/seed_23
zr,hcp,23,train,754.0,-15.302358627319336,2,/dev/shm/t3_batch_v2/t2/runs/continuous_tlog_polynomial/zr/seed_23
zr,hcp,23,train,755.0,-15.302950292825699,2,/dev/shm/t3_batch_v2/t2/runs/continuous_tlog_polynomial/zr/seed_23
zr,hcp,23,train,756.0,-15.303541898727417,2,/dev/shm/t3_batch_v2/t2/runs/continuous_tlog_polynomial/zr/seed_23
zr,hcp,23,train,757.0,-15.304133951663971,2,/dev/shm/t3_batch_v2/t2/runs/continuous_tlog_polynomial/zr/seed_23
zr,hcp,23,train,758.0,-15.304726511240005,2,/dev/shm/t3_batch_v2/t2/runs/continuous_tlog_polynomial/zr/seed_23
zr,hcp,23,train,759.0,-15.305318713188171,2,/dev/shm/t3_batch_v2/t2/runs/continuous_tlog_polynomial/zr/seed_23
zr,hcp,23,train,760.0,-15.305911183357239,2,/dev/shm/t3_batch_v2/t2/runs/continuous_tlog_polynomial/zr/seed_23
zr,hcp,23,train,761.0,-15.30650418996811,2,/dev/shm/t3_batch_v2/t2/runs/continuous_tlog_polynomial/zr/seed_23
zr,hcp,23,train,762.0,-15.307097852230072,2,/dev/shm/t3_batch_v2/t2/runs/continuous_tlog_polynomial/zr/seed_23
zr,hcp,23,train,763.0,-15.307691305875778,2,/dev/shm/t3_batch_v2/t2/runs/continuous_tlog_polynomial/zr/seed_23
zr,hcp,23,train,764.0,-15.30828508734703,2,/dev/shm/t3_batch_v2/t2/runs/continuous_tlog_polynomial/zr/seed_23
zr,hcp,23,train,765.0,-15.308878988027573,2,/dev/shm/t3_batch_v2/t2/runs/continuous_tlog_polynomial/zr/seed_23
zr,hcp,23,train,766.0,-15.309473305940628,2,/dev/shm/t3_batch_v2/t2/runs/continuous_tlog_polynomial/zr/seed_23
zr,hcp,23,train,767.0,-15.310067534446716,2,/dev/shm/t3_batch_v2/t2/runs/continuous_tlog_polynomial/zr/seed_23
zr,hcp,23,train,768.0,-15.310662686824799,2,/dev/shm/t3_batch_v2/t2/runs/continuous_tlog_polynomial/zr/seed_23
zr,hcp,23,train,769.0,-15.311257362365723,2,/dev/shm/t3_batch_v2/t2/runs/continuous_tlog_polynomial/zr/seed_23
zr,hcp,23,train,770.0,-15.31185233592987,2,/dev/shm/t3_batch_v2/t2/runs/continuous_tlog_polynomial/zr/seed_23
zr,hcp,23,train,771.0,-15.312448173761368,2,/dev/shm/t3_batch_v2/t2/runs/continuous_tlog_polynomial/zr/seed_23
zr,hcp,23,train,772.0,-15.313043981790543,2,/dev/shm/t3_batch_v2/t2/runs/continuous_tlog_polynomial/zr/seed_23
zr,hcp,23,train,773.0,-15.313639849424362,2,/dev/shm/t3_batch_v2/t2/runs/continuous_tlog_polynomial/zr/seed_23
zr,hcp,23,train,774.0,-15.31423631310463,2,/dev/shm/t3_batch_v2/t2/runs/continuous_tlog_polynomial/zr/seed_23
zr,hcp,23,train,775.0,-15.314832657575607,2,/dev/shm/t3_batch_v2/t2/runs/continuous_tlog_polynomial/zr/seed_23
zr,hcp,23,train,776.0,-15.315429776906967,2,/dev/shm/t3_batch_v2/t2/runs/continuous_tlog_polynomial/zr/seed_23
zr,hcp,23,train,777.0,-15.316026329994202,2,/dev/shm/t3_batch_v2/t2/runs/continuous_tlog_polynomial/zr/seed_23
zr,hcp,23,train,778.0,-15.316623717546463,2,/dev/shm/t3_batch_v2/t2/runs/continuous_tlog_polynomial/zr/seed_23
zr,hcp,23,train,779.0,-15.317220956087112,2,/dev/shm/t3_batch_v2/t2/runs/continuous_tlog_polynomial/zr/seed_23
zr,hcp,23,train,780.0,-15.317818969488144,2,/dev/shm/t3_batch_v2/t2/runs/continuous_tlog_polynomial/zr/seed_23
zr,hcp,23,train,781.0,-15.318416804075241,2,/dev/shm/t3_batch_v2/t2/runs/continuous_tlog_polynomial/zr/seed_23
zr,hcp,23,train,782.0,-15.31901529431343,2,/dev/shm/t3_batch_v2/t2/runs/continuous_tlog_polynomial/zr/seed_23
zr,hcp,23,train,783.0,-15.319613844156265,2,/dev/shm/t3_batch_v2/t2/runs/continuous_tlog_polynomial/zr/seed_23
zr,hcp,23,train,784.0,-15.320212453603745,2,/dev/shm/t3_batch_v2/t2/runs/continuous_tlog_polynomial/zr/seed_23
zr,hcp,23,train,785.0,-15.32081162929535,2,/dev/shm/t3_batch_v2/t2/runs/continuous_tlog_polynomial/zr/seed_23
zr,hcp,23,train,786.0,-15.321410745382309,2,/dev/shm/t3_batch_v2/t2/runs/continuous_tlog_polynomial/zr/seed_23
zr,hcp,23,train,787.0,-15.322010159492493,2,/dev/shm/t3_batch_v2/t2/runs/continuous_tlog_polynomial/zr/seed_23
zr,hcp,23,train,788.0,-15.322609812021255,2,/dev/shm/t3_batch_v2/t2/runs/continuous_tlog_polynomial/zr/seed_23
zr,hcp,23,train,789.0,-15.323210000991821,2,/dev/shm/t3_batch_v2/t2/runs/continuous_tlog_polynomial/zr/seed_23
zr,hcp,23,train,790.0,-15.323810160160065,2,/dev/shm/t3_batch_v2/t2/runs/continuous_tlog_polynomial/zr/seed_23
zr,hcp,23,train,791.0,-15.324410647153854,2,/dev/shm/t3_batch_v2/t2/runs/continuous_tlog_polynomial/zr/seed_23
zr,hcp,23,train,792.0,-15.325011491775513,2,/dev/shm/t3_batch_v2/t2/runs/continuous_tlog_polynomial/zr/seed_23
zr,hcp,23,train,793.0,-15.325612306594849,2,/dev/shm/t3_batch_v2/t2/runs/continuous_tlog_polynomial/zr/seed_23
zr,hcp,23,train,794.0,-15.326213419437408,2,/dev/shm/t3_batch_v2/t2/runs/continuous_tlog_polynomial/zr/seed_23
zr,hcp,23,train,795.0,-15.32681491971016,2,/dev/shm/t3_batch_v2/t2/runs/continuous_tlog_polynomial/zr/seed_23
zr,hcp,23,train,796.0,-15.327416360378265,2,/dev/shm/t3_batch_v2/t2/runs/continuous_tlog_polynomial/zr/seed_23
zr,hcp,23,train,797.0,-15.32801827788353,2,/dev/shm/t3_batch_v2/t2/runs/continuous_tlog_polynomial/zr/seed_23
zr,hcp,23,train,798.0,-15.328620702028275,2,/dev/shm/t3_batch_v2/t2/runs/continuous_tlog_polynomial/zr/seed_23
zr,hcp,23,train,799.0,-15.329223036766052,2,/dev/shm/t3_batch_v2/t2/runs/continuous_tlog_polynomial/zr/seed_23
zr,hcp,23,train,800.0,-15.329825788736343,2,/dev/shm/t3_batch_v2/t2/runs/continuous_tlog_polynomial/zr/seed_23
zr,hcp,23,train,801.0,-15.3304283618927,2,/dev/shm/t3_batch_v2/t2/runs/continuous_tlog_polynomial/zr/seed_23
zr,hcp,23,train,802.0,-15.331031441688538,2,/dev/shm/t3_batch_v2/t2/runs/continuous_tlog_polynomial/zr/seed_23
zr,hcp,23,train,803.0,-15.3316350877285,2,/dev/shm/t3_batch_v2/t2/runs/continuous_tlog_polynomial/zr/seed_23
zr,hcp,23,train,804.0,-15.332238674163818,2,/dev/shm/t3_batch_v2/t2/runs/continuous_tlog_polynomial/zr/seed_23
zr,hcp,23,train,805.0,-15.332842648029327,2,/dev/shm/t3_batch_v2/t2/runs/continuous_tlog_polynomial/zr/seed_23
zr,hcp,23,train,806.0,-15.333446621894836,2,/dev/shm/t3_batch_v2/t2/runs/continuous_tlog_polynomial/zr/seed_23
zr,hcp,23,train,807.0,-15.33405077457428,2,/dev/shm/t3_batch_v2/t2/runs/continuous_tlog_polynomial/zr/seed_23
zr,hcp,23,train,808.0,-15.334655106067657,2,/dev/shm/t3_batch_v2/t2/runs/continuous_tlog_polynomial/zr/seed_23
zr,hcp,23,train,809.0,-15.335259914398193,2,/dev/shm/t3_batch_v2/t2/runs/continuous_tlog_polynomial/zr/seed_23
zr,hcp,23,train,810.0,-15.335865199565887,2,/dev/shm/t3_batch_v2/t2/runs/continuous_tlog_polynomial/zr/seed_23
zr,hcp,23,train,811.0,-15.336470365524292,2,/dev/shm/t3_batch_v2/t2/runs/continuous_tlog_polynomial/zr/seed_23
zr,hcp,23,train,812.0,-15.337076127529144,2,/dev/shm/t3_batch_v2/t2/runs/continuous_tlog_polynomial/zr/seed_23
zr,hcp,23,train,813.0,-15.337681412696838,2,/dev/shm/t3_batch_v2/t2/runs/continuous_tlog_polynomial/zr/seed_23
zr,hcp,23,train,814.0,-15.338287472724915,2,/dev/shm/t3_batch_v2/t2/runs/continuous_tlog_polynomial/zr/seed_23
zr,hcp,23,train,815.0,-15.338893711566925,2,/dev/shm/t3_batch_v2/t2/runs/continuous_tlog_polynomial/zr/seed_23
zr,hcp,23,train,816.0,-15.339500397443771,2,/dev/shm/t3_batch_v2/t2/runs/continuous_tlog_polynomial/zr/seed_23
zr,hcp,23,train,817.0,-15.340106755495071,2,/dev/shm/t3_batch_v2/t2/runs/continuous_tlog_polynomial/zr/seed_23
zr,hcp,23,train,818.0,-15.34071397781372,2,/dev/shm/t3_batch_v2/t2/runs/continuous_tlog_polynomial/zr/seed_23
zr,hcp,23,train,819.0,-15.341320544481277,2,/dev/shm/t3_batch_v2/t2/runs/continuous_tlog_polynomial/zr/seed_23
zr,hcp,23,train,820.0,-15.34192818403244,2,/dev/shm/t3_batch_v2/t2/runs/continuous_tlog_polynomial/zr/seed_23
zr,hcp,23,train,821.0,-15.34253591299057,2,/dev/shm/t3_batch_v2/t2/runs/continuous_tlog_polynomial/zr/seed_23
zr,hcp,23,train,822.0,-15.343143969774246,2,/dev/shm/t3_batch_v2/t2/runs/continuous_tlog_polynomial/zr/seed_23
zr,hcp,23,train,823.0,-15.343751817941666,2,/dev/shm/t3_batch_v2/t2/runs/continuous_tlog_polynomial/zr/seed_23
zr,hcp,23,train,824.0,-15.344360202550888,2,/dev/shm/t3_batch_v2/t2/runs/continuous_tlog_polynomial/zr/seed_23
zr,hcp,23,train,825.0,-15.344968497753143,2,/dev/shm/t3_batch_v2/t2/runs/continuous_tlog_polynomial/zr/seed_23
zr,hcp,23,train,826.0,-15.345577239990234,2,/dev/shm/t3_batch_v2/t2/runs/continuous_tlog_polynomial/zr/seed_23
zr,hcp,23,train,827.0,-15.346186488866806,2,/dev/shm/t3_batch_v2/t2/runs/continuous_tlog_polynomial/zr/seed_23
zr,hcp,23,train,828.0,-15.346795350313187,2,/dev/shm/t3_batch_v2/t2/runs/continuous_tlog_polynomial/zr/seed_23
zr,hcp,23,train,829.0,-15.347404778003693,2,/dev/shm/t3_batch_v2/t2/runs/continuous_tlog_polynomial/zr/seed_23
zr,hcp,23,train,830.0,-15.348014533519745,2,/dev/shm/t3_batch_v2/t2/runs/continuous_tlog_polynomial/zr/seed_23
zr,hcp,23,train,831.0,-15.348624557256699,2,/dev/shm/t3_batch_v2/t2/runs/continuous_tlog_polynomial/zr/seed_23
zr,hcp,23,train,832.0,-15.349234908819199,2,/dev/shm/t3_batch_v2/t2/runs/continuous_tlog_polynomial/zr/seed_23
zr,hcp,23,train,833.0,-15.34984540939331,2,/dev/shm/t3_batch_v2/t2/runs/continuous_tlog_polynomial/zr/seed_23
zr,hcp,23,train,834.0,-15.350455343723297,2,/dev/shm/t3_batch_v2/t2/runs/continuous_tlog_polynomial/zr/seed_23
zr,hcp,23,train,835.0,-15.351066291332245,2,/dev/shm/t3_batch_v2/t2/runs/continuous_tlog_polynomial/zr/seed_23
zr,hcp,23,train,836.0,-15.35167771577835,2,/dev/shm/t3_batch_v2/t2/runs/continuous_tlog_polynomial/zr/seed_23
zr,hcp,23,train,837.0,-15.352288782596588,2,/dev/shm/t3_batch_v2/t2/runs/continuous_tlog_polynomial/zr/seed_23
zr,hcp,23,train,838.0,-15.352900236845016,2,/dev/shm/t3_batch_v2/t2/runs/continuous_tlog_polynomial/zr/seed_23
zr,hcp,23,train,839.0,-15.353512227535248,2,/dev/shm/t3_batch_v2/t2/runs/continuous_tlog_polynomial/zr/seed_23
zr,hcp,23,train,840.0,-15.354124337434769,2,/dev/shm/t3_batch_v2/t2/runs/continuous_tlog_polynomial/zr/seed_23
zr,hcp,23,train,841.0,-15.354736387729645,2,/dev/shm/t3_batch_v2/t2/runs/continuous_tlog_polynomial/zr/seed_23
zr,hcp,23,train,842.0,-15.355348646640778,2,/dev/shm/t3_batch_v2/t2/runs/continuous_tlog_polynomial/zr/seed_23
zr,hcp,23,train,843.0,-15.355961084365845,2,/dev/shm/t3_batch_v2/t2/runs/continuous_tlog_polynomial/zr/seed_23
zr,hcp,23,train,844.0,-15.356574386358261,2,/dev/shm/t3_batch_v2/t2/runs/continuous_tlog_polynomial/zr/seed_23
zr,hcp,23,train,845.0,-15.357187300920486,2,/dev/shm/t3_batch_v2/t2/runs/continuous_tlog_polynomial/zr/seed_23
zr,hcp,23,train,846.0,-15.357800304889679,2,/dev/shm/t3_batch_v2/t2/runs/continuous_tlog_polynomial/zr/seed_23
zr,hcp,23,train,847.0,-15.358413994312286,2,/dev/shm/t3_batch_v2/t2/runs/continuous_tlog_polynomial/zr/seed_23
zr,hcp,23,train,848.0,-15.359027624130249,2,/dev/shm/t3_batch_v2/t2/runs/continuous_tlog_polynomial/zr/seed_23
zr,hcp,23,train,849.0,-15.359641641378403,2,/dev/shm/t3_batch_v2/t2/runs/continuous_tlog_polynomial/zr/seed_23
zr,hcp,23,train,850.0,-15.360256016254425,2,/dev/shm/t3_batch_v2/t2/runs/continuous_tlog_polynomial/zr/seed_23
zr,hcp,23,train,851.0,-15.360870361328125,2,/dev/shm/t3_batch_v2/t2/runs/continuous_tlog_polynomial/zr/seed_23
zr,hcp,23,train,852.0,-15.361485570669174,2,/dev/shm/t3_batch_v2/t2/runs/continuous_tlog_polynomial/zr/seed_23
zr,hcp,23,train,853.0,-15.362099945545197,2,/dev/shm/t3_batch_v2/t2/runs/continuous_tlog_polynomial/zr/seed_23
zr,hcp,23,train,854.0,-15.362715274095535,2,/dev/shm/t3_batch_v2/t2/runs/continuous_tlog_polynomial/zr/seed_23
zr,hcp,23,train,855.0,-15.363330394029617,2,/dev/shm/t3_batch_v2/t2/runs/continuous_tlog_polynomial/zr/seed_23
zr,hcp,23,train,856.0,-15.363946110010147,2,/dev/shm/t3_batch_v2/t2/runs/continuous_tlog_polynomial/zr/seed_23
zr,hcp,23,train,857.0,-15.364561825990677,2,/dev/shm/t3_batch_v2/t2/runs/continuous_tlog_polynomial/zr/seed_23
zr,hcp,23,train,858.0,-15.365177571773529,2,/dev/shm/t3_batch_v2/t2/runs/continuous_tlog_polynomial/zr/seed_23
zr,hcp,23,train,859.0,-15.365794062614441,2,/dev/shm/t3_batch_v2/t2/runs/continuous_tlog_polynomial/zr/seed_23
zr,hcp,23,train,860.0,-15.366410255432129,2,/dev/shm/t3_batch_v2/t2/runs/continuous_tlog_polynomial/zr/seed_23
zr,hcp,23,train,861.0,-15.36702686548233,2,/dev/shm/t3_batch_v2/t2/runs/continuous_tlog_polynomial/zr/seed_23
zr,hcp,23,train,862.0,-15.367644011974335,2,/dev/shm/t3_batch_v2/t2/runs/continuous_tlog_polynomial/zr/seed_23
zr,hcp,23,train,863.0,-15.368260860443115,2,/dev/shm/t3_batch_v2/t2/runs/continuous_tlog_polynomial/zr/seed_23
zr,hcp,23,train,864.0,-15.368878215551376,2,/dev/shm/t3_batch_v2/t2/runs/continuous_tlog_polynomial/zr/seed_23
zr,hcp,23,train,865.0,-15.36949571967125,2,/dev/shm/t3_batch_v2/t2/runs/continuous_tlog_polynomial/zr/seed_23
zr,hcp,23,train,866.0,-15.370113372802734,2,/dev/shm/t3_batch_v2/t2/runs/continuous_tlog_polynomial/zr/seed_23
zr,hcp,23,train,867.0,-15.370731174945831,2,/dev/shm/t3_batch_v2/t2/runs/continuous_tlog_polynomial/zr/seed_23
zr,hcp,23,train,868.0,-15.371349513530731,2,/dev/shm/t3_batch_v2/t2/runs/continuous_tlog_polynomial/zr/seed_23
zr,hcp,23,train,869.0,-15.37196832895279,2,/dev/shm/t3_batch_v2/t2/runs/continuous_tlog_polynomial/zr/seed_23
zr,hcp,23,train,870.0,-15.3725865483284,2,/dev/shm/t3_batch_v2/t2/runs/continuous_tlog_polynomial/zr/seed_23
zr,hcp,23,train,871.0,-15.373205602169037,2,/dev/shm/t3_batch_v2/t2/runs/continuous_tlog_polynomial/zr/seed_23
zr,hcp,23,train,872.0,-15.373824387788773,2,/dev/shm/t3_batch_v2/t2/runs/continuous_tlog_polynomial/zr/seed_23
zr,hcp,23,train,873.0,-15.374443501234055,2,/dev/shm/t3_batch_v2/t2/runs/continuous_tlog_polynomial/zr/seed_23
zr,hcp,23,train,874.0,-15.375063300132751,2,/dev/shm/t3_batch_v2/t2/runs/continuous_tlog_polynomial/zr/seed_23
zr,hcp,23,train,875.0,-15.375682771205902,2,/dev/shm/t3_batch_v2/t2/runs/continuous_tlog_polynomial/zr/seed_23
