split,fold,subset,system,pair,n_frames,temperature_range_K,mean_eV_per_atom,std_eV_per_atom,min_eV_per_atom,max_eV_per_atom
phase_lopo,hf:bcc,train,sio2,cristobalite_beta_minus_quartz_beta,1649,"[851.0, 2499.0]",-0.0010976793370246856,0.003606865783553882,-0.007494347025991388,0.0048843133660820826
phase_lopo,hf:bcc,train,sio2,cristobalite_beta_minus_tridymite_p63mmc,1649,"[851.0, 2499.0]",-0.00025388951250628343,5.866451250302246e-05,-0.00031739949463904793,-0.00010851928712263259
phase_lopo,hf:bcc,train,sio2,quartz_beta_minus_tridymite_p63mmc,1649,"[851.0, 2499.0]",0.0008437898245184022,0.0035763756298466736,-0.004992832653204715,0.007303547988877668
phase_lopo,hf:bcc,test_plus_train_partner,hf,bcc_minus_hcp,1252,"[1076.0, 2327.0]",0.008184345047923322,0.011987141445494691,-0.009300000000000086,0.03200000000000003
phase_lopo,hf:bcc,test_plus_train_partner,sio2,cristobalite_beta_minus_quartz_beta,1649,"[851.0, 2499.0]",-0.0010976793370246856,0.003606865783553882,-0.007494347025991388,0.0048843133660820826
phase_lopo,hf:bcc,test_plus_train_partner,sio2,cristobalite_beta_minus_tridymite_p63mmc,1649,"[851.0, 2499.0]",-0.00025388951250628343,5.866451250302246e-05,-0.00031739949463904793,-0.00010851928712263259
phase_lopo,hf:bcc,test_plus_train_partner,sio2,quartz_beta_minus_tridymite_p63mmc,1649,"[851.0, 2499.0]",0.0008437898245184022,0.0035763756298466736,-0.004992832653204715,0.007303547988877668
phase_lopo,hf:hcp,train,sio2,cristobalite_beta_minus_quartz_beta,1649,"[851.0, 2499.0]",-0.0010976793370246856,0.003606865783553882,-0.007494347025991388,0.0048843133660820826
phase_lopo,hf:hcp,train,sio2,cristobalite_beta_minus_tridymite_p63mmc,1649,"[851.0, 2499.0]",-0.00025388951250628343,5.866451250302246e-05,-0.00031739949463904793,-0.00010851928712263259
phase_lopo,hf:hcp,train,sio2,quartz_beta_minus_tridymite_p63mmc,1649,"[851.0, 2499.0]",0.0008437898245184022,0.0035763756298466736,-0.004992832653204715,0.007303547988877668
phase_lopo,hf:hcp,test_plus_train_partner,hf,bcc_minus_hcp,1252,"[1076.0, 2327.0]",0.008184345047923322,0.011987141445494691,-0.009300000000000086,0.03200000000000003
phase_lopo,hf:hcp,test_plus_train_partner,sio2,cristobalite_beta_minus_quartz_beta,1649,"[851.0, 2499.0]",-0.0010976793370246856,0.003606865783553882,-0.007494347025991388,0.0048843133660820826
phase_lopo,hf:hcp,test_plus_train_partner,sio2,cristobalite_beta_minus_tridymite_p63mmc,1649,"[851.0, 2499.0]",-0.00025388951250628343,5.866451250302246e-05,-0.00031739949463904793,-0.00010851928712263259
phase_lopo,hf:hcp,test_plus_train_partner,sio2,quartz_beta_minus_tridymite_p63mmc,1649,"[851.0, 2499.0]",0.0008437898245184022,0.0035763756298466736,-0.004992832653204715,0.007303547988877668
phase_lopo,sio2:cristobalite_beta,train,hf,bcc_minus_hcp,1252,"[1076.0, 2327.0]",0.008184345047923322,0.011987141445494691,-0.009300000000000086,0.03200000000000003
phase_lopo,sio2:cristobalite_beta,train,sio2,quartz_beta_minus_tridymite_p63mmc,1649,"[851.0, 2499.0]",0.0008437898245184022,0.0035763756298466736,-0.004992832653204715,0.007303547988877668
phase_lopo,sio2:cristobalite_beta,test_plus_train_partner,hf,bcc_minus_hcp,1252,"[1076.0, 2327.0]",0.008184345047923322,0.011987141445494691,-0.009300000000000086,0.03200000000000003
phase_lopo,sio2:cristobalite_beta,test_plus_train_partner,sio2,cristobalite_beta_minus_quartz_beta,1649,"[851.0, 2499.0]",-0.0010976793370246856,0.003606865783553882,-0.007494347025991388,0.0048843133660820826
phase_lopo,sio2:cristobalite_beta,test_plus_train_partner,sio2,cristobalite_beta_minus_tridymite_p63mmc,1649,"[851.0, 2499.0]",-0.00025388951250628343,5.866451250302246e-05,-0.00031739949463904793,-0.00010851928712263259
phase_lopo,sio2:cristobalite_beta,test_plus_train_partner,sio2,quartz_beta_minus_tridymite_p63mmc,1649,"[851.0, 2499.0]",0.0008437898245184022,0.0035763756298466736,-0.004992832653204715,0.007303547988877668
phase_lopo,sio2:quartz_beta,train,hf,bcc_minus_hcp,1252,"[1076.0, 2327.0]",0.008184345047923322,0.011987141445494691,-0.009300000000000086,0.03200000000000003
phase_lopo,sio2:quartz_beta,train,sio2,cristobalite_beta_minus_tridymite_p63mmc,1649,"[851.0, 2499.0]",-0.00025388951250628343,5.866451250302246e-05,-0.00031739949463904793,-0.00010851928712263259
phase_lopo,sio2:quartz_beta,test_plus_train_partner,hf,bcc_minus_hcp,1252,"[1076.0, 2327.0]",0.008184345047923322,0.011987141445494691,-0.009300000000000086,0.03200000000000003
phase_lopo,sio2:quartz_beta,test_plus_train_partner,sio2,cristobalite_beta_minus_quartz_beta,1649,"[851.0, 2499.0]",-0.0010976793370246856,0.003606865783553882,-0.007494347025991388,0.0048843133660820826
phase_lopo,sio2:quartz_beta,test_plus_train_partner,sio2,cristobalite_beta_minus_tridymite_p63mmc,1649,"[851.0, 2499.0]",-0.00025388951250628343,5.866451250302246e-05,-0.00031739949463904793,-0.00010851928712263259
phase_lopo,sio2:quartz_beta,test_plus_train_partner,sio2,quartz_beta_minus_tridymite_p63mmc,1649,"[851.0, 2499.0]",0.0008437898245184022,0.0035763756298466736,-0.004992832653204715,0.007303547988877668
phase_lopo,sio2:tridymite_p63mmc,train,hf,bcc_minus_hcp,1252,"[1076.0, 2327.0]",0.008184345047923322,0.011987141445494691,-0.009300000000000086,0.03200000000000003
phase_lopo,sio2:tridymite_p63mmc,train,sio2,cristobalite_beta_minus_quartz_beta,1649,"[851.0, 2499.0]",-0.0010976793370246856,0.003606865783553882,-0.007494347025991388,0.0048843133660820826
phase_lopo,sio2:tridymite_p63mmc,test_plus_train_partner,hf,bcc_minus_hcp,1252,"[1076.0, 2327.0]",0.008184345047923322,0.011987141445494691,-0.009300000000000086,0.03200000000000003
phase_lopo,sio2:tridymite_p63mmc,test_plus_train_partner,sio2,cristobalite_beta_minus_quartz_beta,1649,"[851.0, 2499.0]",-0.0010976793370246856,0.003606865783553882,-0.007494347025991388,0.0048843133660820826
phase_lopo,sio2:tridymite_p63mmc,test_plus_train_partner,sio2,cristobalite_beta_minus_tridymite_p63mmc,1649,"[851.0, 2499.0]",-0.00025388951250628343,5.866451250302246e-05,-0.00031739949463904793,-0.00010851928712263259
phase_lopo,sio2:tridymite_p63mmc,test_plus_train_partner,sio2,quartz_beta_minus_tridymite_p63mmc,1649,"[851.0, 2499.0]",0.0008437898245184022,0.0035763756298466736,-0.004992832653204715,0.007303547988877668
system_loso,hf,train,sio2,cristobalite_beta_minus_quartz_beta,1649,"[851.0, 2499.0]",-0.0010976793370246856,0.003606865783553882,-0.007494347025991388,0.0048843133660820826
system_loso,hf,train,sio2,cristobalite_beta_minus_tridymite_p63mmc,1649,"[851.0, 2499.0]",-0.00025388951250628343,5.866451250302246e-05,-0.00031739949463904793,-0.00010851928712263259
system_loso,hf,train,sio2,quartz_beta_minus_tridymite_p63mmc,1649,"[851.0, 2499.0]",0.0008437898245184022,0.0035763756298466736,-0.004992832653204715,0.007303547988877668
system_loso,hf,test,hf,bcc_minus_hcp,1252,"[1076.0, 2327.0]",0.008184345047923322,0.011987141445494691,-0.009300000000000086,0.03200000000000003
system_loso,hf,test_plus_train_partner,hf,bcc_minus_hcp,1252,"[1076.0, 2327.0]",0.008184345047923322,0.011987141445494691,-0.009300000000000086,0.03200000000000003
system_loso,hf,test_plus_train_partner,sio2,cristobalite_beta_minus_quartz_beta,1649,"[851.0, 2499.0]",-0.0010976793370246856,0.003606865783553882,-0.007494347025991388,0.0048843133660820826
system_loso,hf,test_plus_train_partner,sio2,cristobalite_beta_minus_tridymite_p63mmc,1649,"[851.0, 2499.0]",-0.00025388951250628343,5.866451250302246e-05,-0.00031739949463904793,-0.00010851928712263259
system_loso,hf,test_plus_train_partner,sio2,quartz_beta_minus_tridymite_p63mmc,1649,"[851.0, 2499.0]",0.0008437898245184022,0.0035763756298466736,-0.004992832653204715,0.007303547988877668
system_loso,sio2,train,hf,bcc_minus_hcp,1252,"[1076.0, 2327.0]",0.008184345047923322,0.011987141445494691,-0.009300000000000086,0.03200000000000003
system_loso,sio2,test,sio2,cristobalite_beta_minus_quartz_beta,1649,"[851.0, 2499.0]",-0.0010976793370246856,0.003606865783553882,-0.007494347025991388,0.0048843133660820826
system_loso,sio2,test,sio2,cristobalite_beta_minus_tridymite_p63mmc,1649,"[851.0, 2499.0]",-0.00025388951250628343,5.866451250302246e-05,-0.00031739949463904793,-0.00010851928712263259
system_loso,sio2,test,sio2,quartz_beta_minus_tridymite_p63mmc,1649,"[851.0, 2499.0]",0.0008437898245184022,0.0035763756298466736,-0.004992832653204715,0.007303547988877668
system_loso,sio2,test_plus_train_partner,hf,bcc_minus_hcp,1252,"[1076.0, 2327.0]",0.008184345047923322,0.011987141445494691,-0.009300000000000086,0.03200000000000003
system_loso,sio2,test_plus_train_partner,sio2,cristobalite_beta_minus_quartz_beta,1649,"[851.0, 2499.0]",-0.0010976793370246856,0.003606865783553882,-0.007494347025991388,0.0048843133660820826
system_loso,sio2,test_plus_train_partner,sio2,cristobalite_beta_minus_tridymite_p63mmc,1649,"[851.0, 2499.0]",-0.00025388951250628343,5.866451250302246e-05,-0.00031739949463904793,-0.00010851928712263259
system_loso,sio2,test_plus_train_partner,sio2,quartz_beta_minus_tridymite_p63mmc,1649,"[851.0, 2499.0]",0.0008437898245184022,0.0035763756298466736,-0.004992832653204715,0.007303547988877668
temp_extrap,—,train,hf,bcc_minus_hcp,744,"[1076.0, 1819.0]",0.016290994623655915,0.008458739965646344,0.0027999999999999137,0.03200000000000003
temp_extrap,—,train,sio2,cristobalite_beta_minus_quartz_beta,592,"[851.0, 1442.0]",0.002876857717483556,0.0011984296933284567,0.0007557934819839573,0.0048843133660820826
temp_extrap,—,train,sio2,cristobalite_beta_minus_tridymite_p63mmc,592,"[851.0, 1442.0]",-0.00019687082759049828,4.9859491459714306e-05,-0.0002759590054122185,-0.00010851928712263259
temp_extrap,—,train,sio2,quartz_beta_minus_tridymite_p63mmc,592,"[851.0, 1442.0]",-0.0030737285450740544,0.0011486891266541206,-0.004992832653204715,-0.0010317524873961759
temp_extrap,—,test,hf,bcc_minus_hcp,508,"[1820.0, 2327.0]",-0.003688385826771654,0.003483889094276172,-0.009300000000000086,0.0029000000000001247
temp_extrap,—,test,sio2,cristobalite_beta_minus_quartz_beta,1057,"[1443.0, 2499.0]",-0.0033237209039772672,0.002385084759522255,-0.007494347025991388,0.000748337274320221
temp_extrap,—,test,sio2,cristobalite_beta_minus_tridymite_p63mmc,1057,"[1443.0, 2499.0]",-0.00028582429156980737,3.3704592681804325e-05,-0.00031739949463904793,-0.00019079903711372026
temp_extrap,—,test,sio2,quartz_beta_minus_tridymite_p63mmc,1057,"[1443.0, 2499.0]",0.0030378966124074602,0.002409464487821553,-0.0010244985469256562,0.007303547988877668
temp_extrap,—,test_plus_train_partner,hf,bcc_minus_hcp,1252,"[1076.0, 2327.0]",0.008184345047923322,0.011987141445494691,-0.009300000000000086,0.03200000000000003
temp_extrap,—,test_plus_train_partner,sio2,cristobalite_beta_minus_quartz_beta,1649,"[851.0, 2499.0]",-0.0010976793370246856,0.003606865783553882,-0.007494347025991388,0.0048843133660820826
temp_extrap,—,test_plus_train_partner,sio2,cristobalite_beta_minus_tridymite_p63mmc,1649,"[851.0, 2499.0]",-0.00025388951250628343,5.866451250302246e-05,-0.00031739949463904793,-0.00010851928712263259
temp_extrap,—,test_plus_train_partner,sio2,quartz_beta_minus_tridymite_p63mmc,1649,"[851.0, 2499.0]",0.0008437898245184022,0.0035763756298466736,-0.004992832653204715,0.007303547988877668
reference_full_grid,—,all,ti,bcc_minus_hcp,693,"[835.0, 1527.0]",-0.004800144300144299,0.006111490607003739,-0.013399999999999967,0.007599999999999996
reference_full_grid,—,all,zr,bcc_minus_hcp,910,"[610.0, 1519.0]",-0.001354725274725273,0.008580716604806301,-0.012900000000000023,0.016699999999999993
