T_K,P_GPa,V_min_A3_per_atom,F_vib_eV_per_atom,F_QH_eV_per_atom
1076,0.0001,22.42382703166125,-0.492231290285523,-7.533645491545136
1077,0.0001,22.42382703166125,-0.4928888362268768,-7.53430303748649
1078,0.0001,22.42382703166125,-0.4935465674614932,-7.534960768721106
1079,0.0001,22.42382703166125,-0.4942044838178532,-7.535618685077466
1080,0.0001,22.42382703166125,-0.4948625851247561,-7.536276786384369
1081,0.0001,22.42382703166125,-0.4955208712113164,-7.536935072470929
1082,0.0001,22.42382703166125,-0.4961793419069629,-7.537593543166576
1083,0.0001,22.42382703166125,-0.4968379970414389,-7.538252198301052
1084,0.0001,22.42382703166125,-0.497496836444804,-7.538911037704417
1085,0.0001,22.42382703166125,-0.4981558599474267,-7.53957006120704
1086,0.0001,22.42382703166125,-0.4988150673799883,-7.540229268639601
1087,0.0001,22.42382703166125,-0.4994744585734816,-7.540888659833095
1088,0.0001,22.42382703166125,-0.5001340333592088,-7.541548234618822
1089,0.0001,22.42382703166125,-0.5007937915687819,-7.542207992828395
1090,0.0001,22.42382703166125,-0.5014537330341202,-7.542867934293733
1091,0.0001,22.42382703166125,-0.5021138575874495,-7.543528058847063
1092,0.0001,22.42382703166125,-0.5027741650613073,-7.54418836632092
1093,0.0001,22.42382703166125,-0.5034346552885314,-7.544848856548144
1094,0.0001,22.42382703166125,-0.5040953281022631,-7.545509529361876
1095,0.0001,22.42382703166125,-0.5047561833359548,-7.546170384595568
1096,0.0001,22.42382703166125,-0.5054172208233574,-7.54683142208297
1097,0.0001,22.42382703166125,-0.5060784403985252,-7.547492641658138
1098,0.0001,22.42382703166125,-0.5067398418958131,-7.548154043155426
1099,0.0001,22.42382703166125,-0.5074014251498804,-7.548815626409493
1100,0.0001,22.42382703166125,-0.5080631899956787,-7.549477391255292
1101,0.0001,22.42382703166125,-0.5087251362684686,-7.550139337528082
1102,0.0001,22.42382703166125,-0.5093872638038022,-7.550801465063415
1103,0.0001,22.42382703166125,-0.5100495724375307,-7.551463773697144
1104,0.0001,22.42382703166125,-0.5107120620058039,-7.552126263265417
1105,0.0001,22.42382703166125,-0.5113747323450646,-7.552788933604678
1106,0.0001,22.42382703166125,-0.5120375832920532,-7.553451784551666
1107,0.0001,22.42382703166125,-0.5127006146838031,-7.554114815943416
1108,0.0001,22.42382703166125,-0.513363826357641,-7.554778027617254
1109,0.0001,22.42382703166125,-0.5140272181511882,-7.555441419410801
1110,0.0001,22.42382703166125,-0.514690789902355,-7.556104991161968
1111,0.0001,22.42382703166125,-0.5153545414493461,-7.556768742708959
1112,0.0001,22.42382703166125,-0.5160184726306554,-7.557432673890268
1113,0.0001,22.42382703166125,-0.5166825832850623,-7.558096784544675
1114,0.0001,22.42382703166125,-0.5173468732516415,-7.558761074511255
1115,0.0001,22.42382703166125,-0.5180113423697552,-7.559425543629368
1116,0.0001,22.42382703166125,-0.5186759904790463,-7.560090191738659
1117,0.0001,22.42382703166125,-0.5193408174194518,-7.560755018679065
1118,0.0001,22.42382703166125,-0.5200058230311893,-7.561420024290802
1119,0.0001,22.42382703166125,-0.520671007154764,-7.562085208414377
1120,0.0001,22.42382703166125,-0.5213363696309639,-7.562750570890577
1121,0.0001,22.42382703166125,-0.5220019103008626,-7.563416111560476
1122,0.0001,22.42382703166125,-0.5226676290058139,-7.564081830265427
1123,0.0001,22.42382703166125,-0.5233335255874554,-7.564747726847068
1124,0.0001,22.42382703166125,-0.5239995998877029,-7.565413801147316
1125,0.0001,22.42382703166125,-0.5246658517487566,-7.56608005300837
1126,0.0001,22.42382703166125,-0.5253322810130969,-7.56674648227271
1127,0.0001,22.42382703166125,-0.5259988875234773,-7.56741308878309
1128,0.0001,22.42382703166125,-0.5266656711229354,-7.568079872382548
1129,0.0001,22.42382703166125,-0.5273326316547813,-7.568746832914394
1130,0.0001,22.42382703166125,-0.5279997689626077,-7.569413970222221
1131,0.0001,22.42382703166125,-0.5286670828902791,-7.570081284149892
1132,0.0001,22.42382703166125,-0.5293345732819361,-7.570748774541549
1133,0.0001,22.42382703166125,-0.5300022399819948,-7.571416441241608
1134,0.0001,22.42382703166125,-0.5306700828351438,-7.572084284094757
1135,0.0001,22.42382703166125,-0.5313381016863463,-7.572752302945959
1136,0.0001,22.42382703166125,-0.5320062963808363,-7.573420497640449
1137,0.0001,22.42382703166125,-0.5326746667641213,-7.574088868023734
1138,0.0001,22.42382703166125,-0.533343212681979,-7.574757413941592
1139,0.0001,22.42382703166125,-0.5340119339804561,-7.575426135240069
1140,0.0001,22.42382703166125,-0.5346808305058701,-7.576095031765483
1141,0.0001,22.42382703166125,-0.5353499021048078,-7.576764103364421
1142,0.0001,22.42382703166125,-0.5360191486241233,-7.577433349883736
1143,0.0001,22.42382703166125,-0.5366885699109378,-7.578102771170551
1144,0.0001,22.42382703166125,-0.5373581658126412,-7.578772367072254
1145,0.0001,22.42382703166125,-0.5380279361768867,-7.5794421374365
1146,0.0001,22.42382703166125,-0.5386978808515943,-7.580112082111207
1147,0.0001,22.42382703166125,-0.5393679996849485,-7.580782200944562
1148,0.0001,22.42382703166125,-0.5400382925254004,-7.581452493785013
1149,0.0001,22.42382703166125,-0.5407087592216566,-7.58212296048127
1150,0.0001,22.42382703166125,-0.5413793996226959,-7.582793600882309
1151,0.0001,22.42382703166125,-0.5420502135777534,-7.583464414837366
1152,0.0001,22.42382703166125,-0.5427212009363247,-7.584135402195938
1153,0.0001,22.42382703166125,-0.5433923615481699,-7.584806562807783
1154,0.0001,22.42382703166125,-0.5440636952633078,-7.585477896522921
1155,0.0001,22.42382703166125,-0.5447352019320135,-7.586149403191627
1156,0.0001,22.42382703166125,-0.5454068814048236,-7.586821082664437
1157,0.0001,22.42382703166125,-0.5460787335325321,-7.587492934792145
1158,0.0001,22.42382703166125,-0.5467507581661888,-7.588164959425802
1159,0.0001,22.42382703166125,-0.547422955157101,-7.588837156416714
1160,0.0001,22.42382703166125,-0.5480953243568321,-7.589509525616445
1161,0.0001,22.42382703166125,-0.5487678656172008,-7.590182066876814
1162,0.0001,22.42382703166125,-0.5494405787902803,-7.590854780049893
1163,0.0001,22.42382703166125,-0.5501134637283975,-7.591527664988011
1164,0.0001,22.42382703166125,-0.5507865202841318,-7.592200721543745
1165,0.0001,22.42382703166125,-0.5514597483103145,-7.592873949569928
1166,0.0001,22.42382703166125,-0.5521331476600349,-7.593547348919648
1167,0.0001,22.42382703166125,-0.5528067181866225,-7.594220919446236
1168,0.0001,22.42382703166125,-0.5534804597436711,-7.594894661003284
1169,0.0001,22.42382703166125,-0.5541543721850113,-7.595568573444624
1170,0.0001,22.42382703166125,-0.5548284553647322,-7.596242656624345
1171,0.0001,22.42382703166125,-0.5555027091371674,-7.59691691039678
1172,0.0001,22.42382703166125,-0.5561771333569006,-7.597591334616514
1173,0.0001,22.42382703166125,-0.5568517278787617,-7.598265929138375
1174,0.0001,22.42382703166125,-0.5575264925578276,-7.598940693817441
1175,0.0001,22.42382703166125,-0.5582014272494229,-7.599615628509036
1176,0.0001,22.42382703166125,-0.5588765318091156,-7.600290733068729
1177,0.0001,22.42382703166125,-0.5595518060927187,-7.600966007352332
1178,0.0001,22.42382703166125,-0.5602272499562932,-7.601641451215906
1179,0.0001,22.42382703166125,-0.560902863256139,-7.602317064515752
1180,0.0001,22.42382703166125,-0.5615786458488028,-7.602992847108416
1181,0.0001,22.42382703166125,-0.5622545975910702,-7.603668798850683
1182,0.0001,22.42382703166125,-0.5629307183399721,-7.604344919599585
1183,0.0001,22.42382703166125,-0.56360700795278,-7.605021209212393
1184,0.0001,22.42382703166125,-0.5642834662870042,-7.605697667546617
1185,0.0001,22.42382703166125,-0.564960093200396,-7.606374294460009
1186,0.0001,22.42382703166125,-0.565636888550948,-7.607051089810561
1187,0.0001,22.42382703166125,-0.5663138521968873,-7.6077280534565
1188,0.0001,22.42382703166125,-0.5669909839966847,-7.608405185256298
1189,0.0001,22.42382703166125,-0.5676682838090441,-7.609082485068657
1190,0.0001,22.42382703166125,-0.5683457514929087,-7.609759952752522
1191,0.0001,22.42382703166125,-0.5690233869074586,-7.610437588167072
1192,0.0001,22.42382703166125,-0.5697011899121067,-7.61111539117172
1193,0.0001,22.42382703166125,-0.5703791603665049,-7.611793361626118
1194,0.0001,22.42382703166125,-0.5710572981305386,-7.612471499390152
1195,0.0001,22.42382703166125,-0.571735603064325,-7.613149804323938
1196,0.0001,22.42382703166125,-0.5724140750282176,-7.613828276287831
1197,0.0001,22.42382703166125,-0.5730927138828017,-7.614506915142415
1198,0.0001,22.42382703166125,-0.5737715194888953,-7.615185720748508
1199,0.0001,22.42382703166125,-0.5744504917075481,-7.615864692967161
1200,0.0001,22.42382703166125,-0.5751296304000402,-7.616543831659653
1201,0.0001,22.42382703166125,-0.575808935427883,-7.617223136687496
1202,0.0001,22.42382703166125,-0.5764884066528175,-7.617902607912431
1203,0.0001,22.42382703166125,-0.5771680439368163,-7.618582245196429
1204,0.0001,22.42382703166125,-0.5778478471420776,-7.619262048401691
1205,0.0001,22.42382703166125,-0.5785278161310288,-7.619942017390642
1206,0.0001,22.42382703166125,-0.5792079507663264,-7.620622152025939
1207,0.0001,22.42382703166125,-0.5798882509108534,-7.621302452170466
1208,0.0001,22.42382703166125,-0.5805687164277202,-7.621982917687333
1209,0.0001,22.42382703166125,-0.5812493471802602,-7.622663548439873
1210,0.0001,22.42382703166125,-0.5819301430320358,-7.623344344291649
1211,0.0001,22.42382703166125,-0.5826111038468316,-7.624025305106445
1212,0.0001,22.42382703166125,-0.5832922294886611,-7.624706430748274
1213,0.0001,22.42382703166125,-0.5839735198217566,-7.62538772108137
1214,0.0001,22.42382703166125,-0.5846549747105749,-7.626069175970188
1215,0.0001,22.42382703166125,-0.5853365940197977,-7.626750795279411
1216,0.0001,22.42382703166125,-0.5860183776143284,-7.627432578873941
1217,0.0001,22.42382703166125,-0.5867003253592866,-7.6281145266189
1218,0.0001,22.42382703166125,-0.5873824371200218,-7.628796638379635
1219,0.0001,22.42382703166125,-0.5880647127620993,-7.629478914021712
1220,0.0001,22.42382703166125,-0.5887471521513028,-7.630161353410916
1221,0.0001,22.42382703166125,-0.5894297551536383,-7.630843956413251
1222,0.0001,22.42382703166125,-0.5901125216353318,-7.631526722894945
1223,0.0001,22.42382703166125,-0.5907954514628235,-7.632209652722437
1224,0.0001,22.42382703166125,-0.5914785445027748,-7.632892745762388
1225,0.0001,22.42382703166125,-0.5921618006220637,-7.633576001881677
1226,0.0001,22.42382703166125,-0.592845219687784,-7.634259420947397
1227,0.0001,22.42382703166125,-0.5935288015672473,-7.63494300282686
1228,0.0001,22.42382703166125,-0.5942125461279799,-7.635626747387593
1229,0.0001,22.42382703166125,-0.5948964532377232,-7.636310654497336
1230,0.0001,22.42382703166125,-0.5955805227644344,-7.636994724024047
1231,0.0001,22.42382703166125,-0.5962647545762829,-7.637678955835896
1232,0.0001,22.42382703166125,-0.5969491485416549,-7.638363349801268
1233,0.0001,22.42382703166125,-0.5976337045291462,-7.639047905788759
1234,0.0001,22.42382703166125,-0.5983184224075684,-7.639732623667181
1235,0.0001,22.42382703166125,-0.5990033020459418,-7.640417503305555
1236,0.0001,22.42382703166125,-0.5996883433135016,-7.641102544573115
1237,0.0001,22.42382703166125,-0.600373546079692,-7.641787747339305
1238,0.0001,22.42382703166125,-0.6010589102141681,-7.642473111473781
1239,0.0001,22.42382703166125,-0.601744435586796,-7.643158636846409
1240,0.0001,22.42382703166125,-0.602430122067652,-7.643844323327265
1241,0.0001,22.42382703166125,-0.6031159695270176,-7.644530170786631
1242,0.0001,22.42382703166125,-0.6038019778353867,-7.645216179095
1243,0.0001,22.42382703166125,-0.6044881468634609,-7.645902348123074
1244,0.0001,22.42382703166125,-0.605174476482147,-7.64658867774176
1245,0.0001,22.42382703166125,-0.6058609665625596,-7.647275167822173
1246,0.0001,22.42382703166125,-0.6065476169760222,-7.647961818235635
1247,0.0001,22.42382703166125,-0.6072344275940615,-7.648648628853675
1248,0.0001,22.42382703166125,-0.6079213982884122,-7.649335599548025
1249,0.0001,22.42382703166125,-0.6086085289310121,-7.650022730190625
1250,0.0001,22.42382703166125,-0.6092958193940037,-7.650710020653617
1251,0.0001,22.42382703166125,-0.6099832695497343,-7.651397470809347
1252,0.0001,22.42382703166125,-0.6106708792707547,-7.652085080530368
1253,0.0001,22.42382703166125,-0.6113586484298192,-7.652772849689432
1254,0.0001,22.42382703166125,-0.6120465768998837,-7.653460778159497
1255,0.0001,22.42382703166125,-0.6127346645541065,-7.65414886581372
1256,0.0001,22.42382703166125,-0.6134229112658494,-7.654837112525462
1257,0.0001,22.42382703166125,-0.6141113169086703,-7.655525518168283
1258,0.0001,22.42382703166125,-0.6147998813563351,-7.656214082615948
1259,0.0001,22.42382703166125,-0.6154886044828052,-7.656902805742418
1260,0.0001,22.42382703166125,-0.6161774861622416,-7.657591687421855
1261,0.0001,22.42382703166125,-0.6168665262690061,-7.658280727528619
1262,0.0001,22.42382703166125,-0.6175557246776604,-7.658969925937273
1263,0.0001,22.42382703166125,-0.6182450812629599,-7.659659282522573
1264,0.0001,22.42382703166125,-0.6189345958998631,-7.660348797159476
1265,0.0001,22.42382703166125,-0.6196242684635234,-7.661038469723136
1266,0.0001,22.42382703166125,-0.6203140988292919,-7.661728300088905
1267,0.0001,22.42382703166125,-0.6210040868727154,-7.662418288132328
1268,0.0001,22.42382703166125,-0.6216942324695349,-7.663108433729148
1269,0.0001,22.42382703166125,-0.6223845354956934,-7.663798736755306
1270,0.0001,22.42382703166125,-0.6230749958273201,-7.664489197086933
1271,0.0001,22.42382703166125,-0.6237656133407459,-7.665179814600359
1272,0.0001,22.42382703166125,-0.6244563879124936,-7.665870589172107
1273,0.0001,22.42382703166125,-0.6251473194192787,-7.666561520678892
1274,0.0001,22.42382703166125,-0.6258384077380104,-7.667252608997623
1275,0.0001,22.42382703166125,-0.6265296527457895,-7.667943854005403
1276,0.0001,22.42382703166125,-0.6272210543199144,-7.668635255579527
1277,0.0001,22.42382703166125,-0.6279126123378678,-7.669326813597481
1278,0.0001,22.42382703166125,-0.6286043266773298,-7.670018527936943
1279,0.0001,22.42382703166125,-0.6292961972161679,-7.670710398475781
1280,0.0001,22.42382703166125,-0.6299882238324432,-7.671402425092056
1281,0.0001,22.42382703166125,-0.6306804064044034,-7.672094607664016
1282,0.0001,22.42382703166125,-0.6313727448104896,-7.672786946070103
1283,0.0001,22.42382703166125,-0.6320652389293278,-7.673479440188941
1284,0.0001,22.42382703166125,-0.6327578886397376,-7.674172089899351
1285,0.0001,22.42382703166125,-0.6334506938207234,-7.674864895080336
1286,0.0001,22.42382703166125,-0.6341436543514769,-7.67555785561109
1287,0.0001,22.42382703166125,-0.6348367701113808,-7.676250971370994
1288,0.0001,22.42382703166125,-0.6355300409800035,-7.676944242239617
1289,0.0001,22.42382703166125,-0.636223466837099,-7.677637668096712
1290,0.0001,22.42382703166125,-0.6369170475626076,-7.678331248822221
1291,0.0001,22.42382703166125,-0.6376107830366546,-7.679024984296268
1292,0.0001,22.42382703166125,-0.6383046731395536,-7.679718874399167
1293,0.0001,22.42382703166125,-0.6389987177517993,-7.680412919011412
1294,0.0001,22.42382703166125,-0.6396929167540737,-7.681107118013687
1295,0.0001,22.42382703166125,-0.6403872700272419,-7.681801471286855
1296,0.0001,22.42382703166125,-0.6410817774523512,-7.682495978711964
1297,0.0001,22.42382703166125,-0.6417764389106342,-7.683190640170247
1298,0.0001,22.42382703166125,-0.6424712542835049,-7.683885455543118
1299,0.0001,22.42382703166125,-0.6431662234525604,-7.684580424712173
1300,0.0001,22.42382703166125,-0.6438613462995786,-7.685275547559192
1301,0.0001,22.42382703166125,-0.6445566227065198,-7.685970823966133
1302,0.0001,22.42382703166125,-0.6452520525555245,-7.686666253815138
1303,0.0001,22.42382703166125,-0.645947635728918,-7.687361836988531
1304,0.0001,22.42382703166125,-0.6466433721091978,-7.688057573368811
1305,0.0001,22.42382703166125,-0.6473392615790479,-7.688753462838661
1306,0.0001,22.42382703166125,-0.64803530402133,-7.689449505280943
1307,0.0001,22.42382703166125,-0.6487314993190818,-7.690145700578695
1308,0.0001,22.42382703166125,-0.6494278473555264,-7.690842048615139
1309,0.0001,22.42382703166125,-0.6501243480140557,-7.691538549273669
1310,0.0001,22.42382703166125,-0.6508210011782483,-7.692235202437861
1311,0.0001,22.42382703166125,-0.6515178067318539,-7.692932007991467
1312,0.0001,22.42382703166125,-0.6522147645588037,-7.693628965818417
1313,0.0001,22.42382703166125,-0.6529118745432019,-7.694326075802815
1314,0.0001,22.42382703166125,-0.6536091365693304,-7.695023337828943
1315,0.0001,22.42382703166125,-0.654306550521647,-7.69572075178126
1316,0.0001,22.42382703166125,-0.6550041162847862,-7.696418317544399
1317,0.0001,22.42382703166125,-0.6557018337435521,-7.697116035003165
1318,0.0001,22.42382703166125,-0.65639970278293,-7.697813904042543
1319,0.0001,22.42382703166125,-0.6570977232880759,-7.698511924547689
1320,0.0001,22.42382703166125,-0.6577958951443197,-7.699210096403933
1321,0.0001,22.42382703166125,-0.6584942182371654,-7.699908419496778
1322,0.0001,22.42382703166125,-0.6591926924522884,-7.700606893711901
1323,0.0001,22.42382703166125,-0.6598913176755392,-7.701305518935152
1324,0.0001,22.42382703166125,-0.6605900937929396,-7.702004295052553
1325,0.0001,22.42382703166125,-0.6612890206906821,-7.702703221950295
1326,0.0001,22.42382703166125,-0.6619880982551321,-7.703402299514745
1327,0.0001,22.42382703166125,-0.6626873263728239,-7.704101527632437
1328,0.0001,22.42382703166125,-0.6633867049304651,-7.704800906190078
1329,0.0001,22.42382703166125,-0.6640862338149311,-7.705500435074544
1330,0.0001,22.42382703166125,-0.6647859129132714,-7.706200114172884
1331,0.0001,22.42382703166125,-0.665485742112697,-7.70689994337231
1332,0.0001,22.42382703166125,-0.6661857213005966,-7.70759992256021
1333,0.0001,22.42382703166125,-0.6668858503645225,-7.708300051624136
1334,0.0001,22.42382703166125,-0.6675861291921992,-7.709000330451812
1335,0.0001,22.42382703166125,-0.6682865576715136,-7.709700758931127
1336,0.0001,22.42382703166125,-0.6689871356905259,-7.710401336950139
1337,0.0001,22.42382703166125,-0.6696878631374599,-7.711102064397073
1338,0.0001,22.42382703166125,-0.6703887399007078,-7.711802941160321
1339,0.0001,22.42382703166125,-0.6710897658688282,-7.712503967128441
1340,0.0001,22.42382703166125,-0.6717909409305447,-7.713205142190158
1341,0.0001,22.42382703166125,-0.672492264974748,-7.713906466234361
1342,0.0001,22.42382703166125,-0.673193737890494,-7.714607939150107
1343,0.0001,22.42382703166125,-0.6738953595670027,-7.715309560826616
1344,0.0001,22.42382703166125,-0.6745971298936588,-7.716011331153272
1345,0.0001,22.42382703166125,-0.6752990487600137,-7.716713250019627
1346,0.0001,22.42382703166125,-0.6760011160557777,-7.717415317315391
1347,0.0001,22.42382703166125,-0.6767033316708311,-7.718117532930444
1348,0.0001,22.42382703166125,-0.677405695495211,-7.718819896754824
1349,0.0001,22.42382703166125,-0.6781082074191227,-7.719522408678736
1350,0.0001,22.42382703166125,-0.6788108673329294,-7.720225068592542
1351,0.0001,22.42382703166125,-0.6795136751271595,-7.720927876386773
1352,0.0001,22.42382703166125,-0.6802166306925024,-7.721630831952115
1353,0.0001,22.42382703166125,-0.680919733919807,-7.72233393517942
1354,0.0001,22.42382703166125,-0.6816229847000868,-7.7230371859597
1355,0.0001,22.42382703166125,-0.6823263829245132,-7.723740584184126
1356,0.0001,22.42382703166125,-0.6830299284844186,-7.724444129744032
1357,0.0001,22.42382703166125,-0.683733621271295,-7.725147822530908
1358,0.0001,22.42382703166125,-0.6844374611767963,-7.725851662436409
1359,0.0001,22.42382703166125,-0.6851414480927307,-7.726555649352344
1360,0.0001,22.42382703166125,-0.6858455819110709,-7.727259783170684
1361,0.0001,22.42382703166125,-0.686549862523945,-7.727964063783558
1362,0.0001,22.42382703166125,-0.6872542898236391,-7.728668491083252
1363,0.0001,22.42382703166125,-0.6879588637025984,-7.729373064962211
1364,0.0001,22.42382703166125,-0.6886635840534261,-7.730077785313039
1365,0.0001,22.42382703166125,-0.68936845076888,-7.730782652028493
1366,0.0001,22.42382703166125,-0.6900734637418777,-7.731487665001491
1367,0.0001,22.42382703166125,-0.6907786228654906,-7.732192824125104
1368,0.0001,22.42382703166125,-0.691483928032949,-7.732898129292562
1369,0.0001,22.42382703166125,-0.6921893791376359,-7.733603580397249
1370,0.0001,22.42382703166125,-0.6928949760730934,-7.734309177332706
1371,0.0001,22.42382703166125,-0.6936007187330135,-7.735014919992627
1372,0.0001,22.42382703166125,-0.6943066070112511,-7.735720808270864
1373,0.0001,22.42382703166125,-0.6950126408018074,-7.73642684206142
1374,0.0001,22.42382703166125,-0.6957188199988398,-7.737133021258453
1375,0.0001,22.42382703166125,-0.6964251444966623,-7.737839345756275
1376,0.0001,22.42382703166125,-0.6971316141897406,-7.738545815449354
1377,0.0001,22.42382703166125,-0.6978382289726923,-7.739252430232305
1378,0.0001,22.42382703166125,-0.6985449887402897,-7.739959189999903
1379,0.0001,22.42382703166125,-0.6992518933874567,-7.74066609464707
1380,0.0001,22.42382703166125,-0.6999589428092703,-7.741373144068883
1381,0.0001,22.42382703166125,-0.7006661369009564,-7.742080338160569
1382,0.0001,22.42382703166125,-0.7013734755578946,-7.742787676817508
1383,0.0001,22.42382703166125,-0.7020809586756167,-7.74349515993523
1384,0.0001,22.42382703166125,-0.7027885861498016,-7.744202787409415
1385,0.0001,22.42382703166125,-0.7034963578762836,-7.744910559135897
1386,0.0001,22.42382703166125,-0.7042042737510421,-7.745618475010655
1387,0.0001,22.42382703166125,-0.7049123336702099,-7.746326534929823
1388,0.0001,22.42382703166125,-0.7056205375300673,-7.74703473878968
1389,0.0001,22.42382703166125,-0.7063288852270446,-7.747743086486658
1390,0.0001,22.42382703166125,-0.7070373766577207,-7.748451577917334
1391,0.0001,22.42382703166125,-0.7077460117188226,-7.749160212978436
1392,0.0001,22.42382703166125,-0.7084547903072282,-7.749868991566841
1393,0.0001,22.42382703166125,-0.7091637123199588,-7.750577913579572
1394,0.0001,22.42382703166125,-0.7098727776541871,-7.7512869789138
1395,0.0001,22.42382703166125,-0.71058198620723,-7.751996187466843
1396,0.0001,22.42382703166125,-0.7112913378765535,-7.752705539136167
1397,0.0001,22.42382703166125,-0.7120008325597702,-7.753415033819383
1398,0.0001,22.42382703166125,-0.7127104701546383,-7.754124671414251
1399,0.0001,22.42382703166125,-0.7134202505590608,-7.754834451818674
1400,0.0001,22.42382703166125,-0.714130173671089,-7.755544374930702
1401,0.0001,22.42382703166125,-0.7148402393889173,-7.75625444064853
1402,0.0001,22.42382703166125,-0.7155504476108874,-7.7569646488705
1403,0.0001,22.42382703166125,-0.7162607982354823,-7.757674999495095
1404,0.0001,22.42382703166125,-0.7169712911613324,-7.758385492420945
1405,0.0001,22.42382703166125,-0.7176819262872112,-7.759096127546824
1406,0.0001,22.42382703166125,-0.7183927035120377,-7.759806904771651
1407,0.0001,22.42382703166125,-0.7191036227348713,-7.760517823994484
1408,0.0001,22.42382703166125,-0.7198146838549162,-7.761228885114529
1409,0.0001,22.42382703166125,-0.7205258867715214,-7.761940088031134
1410,0.0001,22.42382703166125,-0.7212372313841744,-7.762651432643787
1411,0.0001,22.42382703166125,-0.7219487175925066,-7.76336291885212
1412,0.0001,22.42382703166125,-0.722660345296295,-7.764074546555908
1413,0.0001,22.42382703166125,-0.7233721143954526,-7.764786315655066
1414,0.0001,22.42382703166125,-0.7240840247900389,-7.765498226049652
1415,0.0001,22.42382703166125,-0.7247960763802501,-7.766210277639863
1416,0.0001,22.42382703166125,-0.7255082690664274,-7.76692247032604
1417,0.0001,22.42382703166125,-0.7262206027490459,-7.767634804008659
1418,0.0001,22.42382703166125,-0.7269330773287299,-7.768347278588343
1419,0.0001,22.42382703166125,-0.7276456927062371,-7.76905989396585
1420,0.0001,22.42382703166125,-0.7283584487824681,-7.769772650042081
1421,0.0001,22.42382703166125,-0.7290713454584585,-7.770485546718072
1422,0.0001,22.42382703166125,-0.7297843826353896,-7.771198583895003
1423,0.0001,22.42382703166125,-0.7304975602145758,-7.771911761474189
1424,0.0001,22.42382703166125,-0.7312108780974711,-7.772625079357084
1425,0.0001,22.42382703166125,-0.7319243361856689,-7.773338537445282
1426,0.0001,22.42382703166125,-0.7326379343809011,-7.774052135640514
1427,0.0001,22.42382703166125,-0.7333516725850346,-7.774765873844648
1428,0.0001,22.42382703166125,-0.7340655507000768,-7.77547975195969
1429,0.0001,22.42382703166125,-0.7347795686281682,-7.776193769887781
1430,0.0001,22.42382703166125,-0.7354937262715904,-7.776907927531203
1431,0.0001,22.42382703166125,-0.7362080235327566,-7.77762222479237
1432,0.0001,22.42382703166125,-0.7369224603142204,-7.778336661573833
1433,0.0001,22.42382703166125,-0.7376370365186702,-7.779051237778283
1434,0.0001,22.42382703166125,-0.7383517520489269,-7.77976595330854
1435,0.0001,22.42382703166125,-0.7390666068079508,-7.780480808067564
1436,0.0001,22.42382703166125,-0.7397816006988354,-7.781195801958448
1437,0.0001,22.42382703166125,-0.7404967336248092,-7.781910934884422
1438,0.0001,22.42382703166125,-0.7412120054892348,-7.782626206748848
1439,0.0001,22.42382703166125,-0.7419274161956082,-7.783341617455221
1440,0.0001,22.42382703166125,-0.742642965647561,-7.784057166907174
1441,0.0001,22.42382703166125,-0.7433586537488566,-7.78477285500847
1442,0.0001,22.42382703166125,-0.7440744804033965,-7.78548868166301
1443,0.0001,22.42382703166125,-0.744790445515207,-7.78620464677482
1444,0.0001,22.42382703166125,-0.7455065489884527,-7.786920750248066
1445,0.0001,22.42382703166125,-0.7462227907274324,-7.787636991987045
1446,0.0001,22.42382703166125,-0.7469391706365709,-7.788353371896184
1447,0.0001,22.42382703166125,-0.74765568862043,-7.789069889880043
1448,0.0001,22.42382703166125,-0.7483723445837018,-7.789786545843315
1449,0.0001,22.42382703166125,-0.7490891384312093,-7.790503339690822
1450,0.0001,22.42382703166125,-0.7498060700679083,-7.791220271327521
1451,0.0001,22.42382703166125,-0.7505231393988812,-7.791937340658494
1452,0.0001,22.42382703166125,-0.7512403463293467,-7.79265454758896
1453,0.0001,22.42382703166125,-0.7519576907646499,-7.793371892024263
1454,0.0001,22.42382703166125,-0.7526751726102674,-7.79408937386988
1455,0.0001,22.42382703166125,-0.7533927917718044,-7.794806993031417
1456,0.0001,22.42382703166125,-0.7541105481549977,-7.795524749414611
1457,0.0001,22.42382703166125,-0.7548284416657109,-7.796242642925324
1458,0.0001,22.42382703166125,-0.7555464722099403,-7.796960673469553
1459,0.0001,22.42382703166125,-0.7562646396938062,-7.797678840953419
1460,0.0001,22.42382703166125,-0.7569829440235614,-7.798397145283174
1461,0.0001,22.42382703166125,-0.757701385105582,-7.799115586365195
1462,0.0001,22.42382703166125,-0.7584199628463786,-7.799834164105992
1463,0.0001,22.42382703166125,-0.7591386771525848,-7.800552878412198
1464,0.0001,22.42382703166125,-0.7598575279309632,-7.801271729190576
1465,0.0001,22.42382703166125,-0.7605765150884034,-7.801990716348016
1466,0.0001,22.42382703166125,-0.7612956385319194,-7.802709839791532
1467,0.0001,22.42382703166125,-0.7620148981686565,-7.80342909942827
1468,0.0001,22.42382703166125,-0.7627342939058845,-7.804148495165498
1469,0.0001,22.42382703166125,-0.7634538256509984,-7.804868026910611
1470,0.0001,22.42382703166125,-0.7641734933115174,-7.80558769457113
1471,0.0001,22.42382703166125,-0.7648932967950905,-7.806307498054704
1472,0.0001,22.42382703166125,-0.7656132360094903,-7.807027437269103
1473,0.0001,22.42382703166125,-0.7663333108626134,-7.807747512122226
1474,0.0001,22.42382703166125,-0.7670535212624809,-7.808467722522094
1475,0.0001,22.42382703166125,-0.7677738671172412,-7.809188068376854
1476,0.0001,22.42382703166125,-0.7684943483351647,-7.809908549594778
1477,0.0001,22.42382703166125,-0.7692149648246467,-7.81062916608426
1478,0.0001,22.42382703166125,-0.7699357164942056,-7.811349917753819
1479,0.0001,22.42382703166125,-0.7706566032524869,-7.8120708045121
1480,0.0001,22.42382703166125,-0.7713776250082534,-7.812791826267866
1481,0.0001,22.42382703166125,-0.7720987816703939,-7.813512982930007
1482,0.0001,22.42382703166125,-0.7728200731479218,-7.814234274407535
1483,0.0001,22.42382703166125,-0.7735414993499719,-7.814955700609585
1484,0.0001,22.42382703166125,-0.7742630601857998,-7.815677261445413
1485,0.0001,22.42382703166125,-0.774984755564784,-7.816398956824397
1486,0.0001,22.42382703166125,-0.7757065853964269,-7.81712078665604
1487,0.0001,22.42382703166125,-0.7764285495903493,-7.817842750849962
1488,0.0001,22.42382703166125,-0.7771506480562955,-7.818564849315909
1489,0.0001,22.42382703166125,-0.7778728807041295,-7.819287081963743
1490,0.0001,22.42382703166125,-0.7785952474438389,-7.820009448703452
1491,0.0001,22.42382703166125,-0.7793177481855276,-7.820731949445141
1492,0.0001,22.42382703166125,-0.780040382839422,-7.821454584099035
1493,0.0001,22.42382703166125,-0.7807631513158722,-7.822177352575485
1494,0.0001,22.42382703166125,-0.7814860535253416,-7.822900254784955
1495,0.0001,22.42382703166125,-0.7822090893784184,-7.823623290638031
1496,0.0001,22.42382703166125,-0.7829322587858059,-7.824346460045419
1497,0.0001,22.42382703166125,-0.7836555616583318,-7.825069762917945
1498,0.0001,22.42382703166125,-0.7843789979069378,-7.825793199166551
1499,0.0001,22.42382703166125,-0.7851025674426877,-7.826516768702301
1500,0.0001,22.42382703166125,-0.785826270176762,-7.827240471436375
1501,0.0001,22.42382703166125,-0.7865501060204609,-7.827964307280074
1502,0.0001,22.42382703166125,-0.7872740748852003,-7.828688276144813
1503,0.0001,22.42382703166125,-0.7879981766825157,-7.829412377942129
1504,0.0001,22.42382703166125,-0.7887224113240592,-7.830136612583672
1505,0.0001,22.42382703166125,-0.7894467787216017,-7.830860979981215
1506,0.0001,22.42382703166125,-0.790171278787029,-7.831585480046642
1507,0.0001,22.42382703166125,-0.7908959114323464,-7.832310112691959
1508,0.0001,22.42382703166125,-0.7916206765696714,-7.833034877829284
1509,0.0001,22.42382703166125,-0.7923455741112422,-7.833759775370855
1510,0.0001,22.42382703166125,-0.7930706039694115,-7.834484805229025
1511,0.0001,22.42382703166125,-0.7937957660566504,-7.835209967316263
1512,0.0001,22.42382703166125,-0.794521060285537,-7.83593526154515
1513,0.0001,22.42382703166125,-0.7952464865687769,-7.83666068782839
1514,0.0001,22.42382703166125,-0.7959720448191829,-7.837386246078796
1515,0.0001,22.42382703166125,-0.7966977349496851,-7.838111936209298
1516,0.0001,22.42382703166125,-0.7974235568733281,-7.838837758132941
1517,0.0001,22.42382703166125,-0.7981495105032712,-7.839563711762884
1518,0.0001,22.42382703166125,-0.7988755957527882,-7.840289797012401
1519,0.0001,22.42382703166125,-0.7996018125352675,-7.841016013794881
1520,0.0001,22.42382703166125,-0.8003281607642085,-7.841742362023822
1521,0.0001,22.42382703166125,-0.8010546403532288,-7.842468841612842
1522,0.0001,22.42382703166125,-0.8017812512160551,-7.843195452475668
1523,0.0001,22.42382703166125,-0.8025079932665289,-7.843922194526142
1524,0.0001,22.42382703166125,-0.803234866418606,-7.844649067678219
1525,0.0001,22.42382703166125,-0.8039618705863534,-7.845376071845966
1526,0.0001,22.42382703166125,-0.8046890056839509,-7.846103206943564
1527,0.0001,22.42382703166125,-0.8054162716256918,-7.846830472885305
1528,0.0001,22.42382703166125,-0.8061436683259791,-7.847557869585592
1529,0.0001,22.42382703166125,-0.8068711956993297,-7.848285396958943
1530,0.0001,22.42382703166125,-0.8075988536603695,-7.849013054919983
1531,0.0001,22.42382703166125,-0.8083266421238413,-7.849740843383454
1532,0.0001,22.42382703166125,-0.8090545610045918,-7.850468762264205
1533,0.0001,22.42382703166125,-0.8097826102175851,-7.851196811477198
1534,0.0001,22.42382703166125,-0.8105107896778927,-7.851924990937506
1535,0.0001,22.42382703166125,-0.8112390993006962,-7.852653300560309
1536,0.0001,22.42382703166125,-0.811967539001289,-7.853381740260902
1537,0.0001,22.42382703166125,-0.8126961086950759,-7.854110309954689
1538,0.0001,22.42382703166125,-0.8134248082975679,-7.854839009557181
1539,0.0001,22.42382703166125,-0.814153637724389,-7.855567838984002
1540,0.0001,22.42382703166125,-0.8148825968912714,-7.856296798150884
1541,0.0001,22.42382703166125,-0.8156116857140567,-7.85702588697367
1542,0.0001,22.42382703166125,-0.816340904108694,-7.857755105368307
1543,0.0001,22.42382703166125,-0.8170702519912449,-7.858484453250858
1544,0.0001,22.42382703166125,-0.8177997292778763,-7.859213930537489
1545,0.0001,22.42382703166125,-0.8185293358848638,-7.859943537144477
1546,0.0001,22.42382703166125,-0.8192590717285944,-7.860673272988207
1547,0.0001,22.42382703166125,-0.8199889367255579,-7.861403137985171
1548,0.0001,22.42382703166125,-0.8207189307923581,-7.862133132051971
1549,0.0001,22.42382703166125,-0.8214490538457007,-7.862863255105314
1550,0.0001,22.42382703166125,-0.8221793058024014,-7.863593507062014
1551,0.0001,22.42382703166125,-0.8229096865793828,-7.864323887838996
1552,0.0001,22.42382703166125,-0.8236401960936757,-7.865054397353289
1553,0.0001,22.42382703166125,-0.8243708342624156,-7.865785035522029
1554,0.0001,22.42382703166125,-0.825101601002844,-7.866515802262457
1555,0.0001,22.42382703166125,-0.8258324962323123,-7.867246697491925
1556,0.0001,22.42382703166125,-0.8265635198682748,-7.867977721127888
1557,0.0001,22.42382703166125,-0.8272946718282936,-7.868708873087907
1558,0.0001,22.42382703166125,-0.8280259520300346,-7.869440153289648
1559,0.0001,22.42382703166125,-0.8287573603912701,-7.870171561650883
1560,0.0001,22.42382703166125,-0.8294888968298793,-7.870903098089492
1561,0.0001,22.42382703166125,-0.8302205612638449,-7.871634762523458
1562,0.0001,22.42382703166125,-0.8309523536112549,-7.872366554870868
1563,0.0001,22.42382703166125,-0.8316842737902999,-7.873098475049913
1564,0.0001,22.42382703166125,-0.8324163217192799,-7.873830522978893
1565,0.0001,22.42382703166125,-0.8331484973165946,-7.874562698576208
1566,0.0001,22.42382703166125,-0.8338808005007508,-7.875295001760364
1567,0.0001,22.42382703166125,-0.8346132311903567,-7.87602743244997
1568,0.0001,22.42382703166125,-0.8353457893041263,-7.876759990563739
1569,0.0001,22.42382703166125,-0.8360784747608774,-7.87749267602049
1570,0.0001,22.42382703166125,-0.8368112874795273,-7.87822548873914
1571,0.0001,22.42382703166125,-0.8375442273791016,-7.878958428638715
1572,0.0001,22.42382703166125,-0.8382772943787256,-7.879691495638339
1573,0.0001,22.42382703166125,-0.839010488397629,-7.880424689657242
1574,0.0001,22.42382703166125,-0.8397438093551424,-7.881158010614755
1575,0.0001,22.42382703166125,-0.8404772571706998,-7.881891458430313
1576,0.0001,22.42382703166125,-0.8412108317638367,-7.88262503302345
1577,0.0001,22.42382703166125,-0.8419445330541926,-7.883358734313806
1578,0.0001,22.42382703166125,-0.8426783609615054,-7.884092562221118
1579,0.0001,22.42382703166125,-0.8434123154056152,-7.884826516665228
1580,0.0001,22.42382703166125,-0.8441463963064679,-7.885560597566081
1581,0.0001,22.42382703166125,-0.8448806035841061,-7.886294804843719
1582,0.0001,22.42382703166125,-0.8456149371586728,-7.887029138418286
1583,0.0001,22.42382703166125,-0.8463493969504157,-7.887763598210029
1584,0.0001,22.42382703166125,-0.8470839828796803,-7.888498184139293
1585,0.0001,22.42382703166125,-0.8478186948669135,-7.889232896126527
1586,0.0001,22.42382703166125,-0.8485535328326606,-7.889967734092274
1587,0.0001,22.42382703166125,-0.8492884966975716,-7.890702697957185
1588,0.0001,22.42382703166125,-0.8500235863823908,-7.891437787642004
1589,0.0001,22.42382703166125,-0.8507588018079657,-7.892173003067579
1590,0.0001,22.42382703166125,-0.8514941428952412,-7.892908344154854
1591,0.0001,22.42382703166125,-0.8522296095652644,-7.893643810824877
1592,0.0001,22.42382703166125,-0.8529652017391767,-7.89437940299879
1593,0.0001,22.42382703166125,-0.8537009193382232,-7.895115120597836
1594,0.0001,22.42382703166125,-0.8544367622837461,-7.895850963543359
1595,0.0001,22.42382703166125,-0.8551727304971859,-7.896586931756799
1596,0.0001,22.42382703166125,-0.8559088239000801,-7.897323025159693
1597,0.0001,22.42382703166125,-0.8566450424140681,-7.898059243673681
1598,0.0001,22.42382703166125,-0.8573813859608821,-7.898795587220495
1599,0.0001,22.42382703166125,-0.8581178544623569,-7.89953205572197
1600,0.0001,22.42382703166125,-0.8588544478404225,-7.900268649100036
1601,0.0001,22.42382703166125,-0.8595911660171067,-7.90100536727672
1602,0.0001,22.42382703166125,-0.860328008914534,-7.901742210174147
1603,0.0001,22.42382703166125,-0.8610649764549283,-7.902479177714541
1604,0.0001,22.42382703166125,-0.8618020685606087,-7.903216269820222
1605,0.0001,22.42382703166125,-0.8625392851539901,-7.903953486413603
1606,0.0001,22.42382703166125,-0.8632766261575844,-7.904690827417197
1607,0.0001,22.42382703166125,-0.8640140914940009,-7.905428292753614
1608,0.0001,22.42382703166125,-0.864751681085945,-7.906165882345558
1609,0.0001,22.42382703166125,-0.8654893948562181,-7.906903596115831
1610,0.0001,22.42382703166125,-0.8662272327277174,-7.90764143398733
1611,0.0001,22.42382703166125,-0.8669651946234307,-7.908379395883044
1612,0.0001,22.42382703166125,-0.8677032804664524,-7.909117481726065
1613,0.0001,22.42382703166125,-0.8684414901799613,-7.909855691439574
1614,0.0001,22.42382703166125,-0.8691798236872383,-7.910594024946851
1615,0.0001,22.42382703166125,-0.8699182809116541,-7.911332482171267
1616,0.0001,22.42382703166125,-0.8706568617766788,-7.912071063036292
1617,0.0001,22.42382703166125,-0.8713955662058748,-7.912809767465488
1618,0.0001,22.42382703166125,-0.8721343941228978,-7.913548595382511
1619,0.0001,22.42382703166125,-0.8728733454515005,-7.914287546711114
1620,0.0001,22.42382703166125,-0.8736124201155269,-7.91502662137514
1621,0.0001,22.42382703166125,-0.8743516180389159,-7.915765819298529
1622,0.0001,22.42382703166125,-0.8750909391457009,-7.916505140405314
1623,0.0001,22.42382703166125,-0.8758303833600092,-7.917244584619622
1624,0.0001,22.42382703166125,-0.8765699506060596,-7.917984151865673
1625,0.0001,22.42382703166125,-0.8773096408081651,-7.918723842067778
1626,0.0001,22.42382703166125,-0.8780494538907329,-7.919463655150346
1627,0.0001,22.42382703166125,-0.8787893897782588,-7.920203591037872
1628,0.0001,22.42382703166125,-0.8795294483953375,-7.920943649654951
1629,0.0001,22.42382703166125,-0.8802696296666523,-7.921683830926265
1630,0.0001,22.42382703166125,-0.8810099335169781,-7.922424134776591
1631,0.0001,22.42382703166125,-0.8817503598711856,-7.923164561130799
1632,0.0001,22.42382703166125,-0.8824909086542316,-7.923905109913845
1633,0.0001,22.42382703166125,-0.8832315797911736,-7.924645781050787
1634,0.0001,22.42382703166125,-0.8839723732071514,-7.925386574466764
1635,0.0001,22.42382703166125,-0.8847132888274025,-7.926127490087016
1636,0.0001,22.42382703166125,-0.8854543265772525,-7.926868527836866
1637,0.0001,22.42382703166125,-0.886195486382122,-7.927609687641735
1638,0.0001,22.42382703166125,-0.8869367681675167,-7.92835096942713
1639,0.0001,22.42382703166125,-0.8876781718590383,-7.929092373118651
1640,0.0001,22.42382703166125,-0.8884196973823766,-7.92983389864199
1641,0.0001,22.42382703166125,-0.8891613446633135,-7.930575545922927
1642,0.0001,22.42382703166125,-0.8899031136277191,-7.931317314887332
1643,0.0001,22.42382703166125,-0.8906450042015557,-7.932059205461169
1644,0.0001,22.42382703166125,-0.8913870163108752,-7.932801217570488
1645,0.0001,22.42382703166125,-0.8921291498818169,-7.93354335114143
1646,0.0001,22.42382703166125,-0.8928714048406139,-7.934285606100227
1647,0.0001,22.42382703166125,-0.8936137811135874,-7.9350279823732
1648,0.0001,22.42382703166125,-0.8943562786271428,-7.935770479886756
1649,0.0001,22.42382703166125,-0.8950988973077836,-7.936513098567397
1650,0.0001,22.42382703166125,-0.8958416370820945,-7.937255838341708
1651,0.0001,22.42382703166125,-0.8965844978767583,-7.937998699136371
1652,0.0001,22.42382703166125,-0.897327479618534,-7.938741680878147
1653,0.0001,22.42382703166125,-0.8980705822342792,-7.939484783493892
1654,0.0001,22.42382703166125,-0.8988138056509341,-7.940228006910547
1655,0.0001,22.42382703166125,-0.8995571497955321,-7.940971351055145
1656,0.0001,22.42382703166125,-0.9003006145951913,-7.941714815854804
1657,0.0001,22.42382703166125,-0.9010441999771173,-7.94245840123673
1658,0.0001,22.42382703166125,-0.9017879058686047,-7.943202107128218
1659,0.0001,22.42382703166125,-0.902531732197037,-7.94394593345665
1660,0.0001,22.42382703166125,-0.9032756788898819,-7.944689880149495
1661,0.0001,22.42382703166125,-0.9040197458746979,-7.945433947134311
1662,0.0001,22.42382703166125,-0.9047639330791268,-7.94617813433874
1663,0.0001,22.42382703166125,-0.9055082404309021,-7.946922441690515
1664,0.0001,22.42382703166125,-0.9062526678578386,-7.947666869117452
1665,0.0001,22.42382703166125,-0.9069972152878423,-7.948411416547455
1666,0.0001,22.42382703166125,-0.9077418826489039,-7.949156083908517
1667,0.0001,22.42382703166125,-0.9084866698690988,-7.949900871128712
1668,0.0001,22.42382703166125,-0.909231576876592,-7.950645778136205
1669,0.0001,22.42382703166125,-0.909976603599632,-7.951390804859245
1670,0.0001,22.42382703166125,-0.9107217499665543,-7.952135951226167
1671,0.0001,22.42382703166125,-0.9114670159057789,-7.952881217165392
1672,0.0001,22.42382703166125,-0.9122124013458128,-7.953626602605426
1673,0.0001,22.42382703166125,-0.9129579062152482,-7.954372107474861
1674,0.0001,22.42382703166125,-0.9137035304427625,-7.955117731702376
1675,0.0001,22.42382703166125,-0.9144492739571159,-7.955863475216729
1676,0.0001,22.42382703166125,-0.9151951366871574,-7.95660933794677
1677,0.0001,22.42382703166125,-0.9159411185618174,-7.95735531982143
1678,0.0001,22.42382703166125,-0.9166872195101128,-7.958101420769726
1679,0.0001,22.42382703166125,-0.9174334394611448,-7.958847640720758
1680,0.0001,22.42382703166125,-0.9181797783440988,-7.959593979603712
1681,0.0001,22.42382703166125,-0.9189262360882458,-7.960340437347859
1682,0.0001,22.42382703166125,-0.9196728126229363,-7.961087013882549
1683,0.0001,22.42382703166125,-0.920419507877611,-7.961833709137224
1684,0.0001,22.42382703166125,-0.9211663217817891,-7.962580523041402
1685,0.0001,22.42382703166125,-0.9219132542650756,-7.963327455524689
1686,0.0001,22.42382703166125,-0.9226603052571614,-7.964074506516774
1687,0.0001,22.42382703166125,-0.9234074746878118,-7.964821675947425
1688,0.0001,22.42382703166125,-0.9241547624868875,-7.965568963746501
1689,0.0001,22.42382703166125,-0.9249021685843246,-7.966316369843938
1690,0.0001,22.42382703166125,-0.9256496929101425,-7.967063894169756
1691,0.0001,22.42382703166125,-0.9263973353944461,-7.967811536654059
1692,0.0001,22.42382703166125,-0.9271450959674201,-7.968559297227033
1693,0.0001,22.42382703166125,-0.9278929745593327,-7.969307175818946
1694,0.0001,22.42382703166125,-0.9286409711005348,-7.970055172360148
1695,0.0001,22.42382703166125,-0.9293890855214588,-7.970803286781072
1696,0.0001,22.42382703166125,-0.93013731775262,-7.971551519012233
1697,0.0001,22.42382703166125,-0.9308856677246142,-7.972299868984227
1698,0.0001,22.42382703166125,-0.9316341353681201,-7.973048336627733
1699,0.0001,22.42382703166125,-0.932382720613897,-7.97379692187351
1700,0.0001,22.42382703166125,-0.9331314233927852,-7.974545624652398
1701,0.0001,22.42382703166125,-0.9338802436357092,-7.975294444895322
1702,0.0001,22.42382703166125,-0.93462918127367,-7.976043382533283
1703,0.0001,22.42382703166125,-0.9353782362377538,-7.976792437497367
1704,0.0001,22.42382703166125,-0.9361274084591251,-7.977541609718738
1705,0.0001,22.42382703166125,-0.9368766978690291,-7.978290899128642
1706,0.0001,22.42382703166125,-0.9376261043987943,-7.979040305658407
1707,0.0001,22.42382703166125,-0.938375627979827,-7.97978982923944
1708,0.0001,22.42382703166125,-0.9391252685436129,-7.980539469803226
1709,0.0001,22.42382703166125,-0.9398750260217206,-7.981289227281334
1710,0.0001,22.42382703166125,-0.9406249003457976,-7.982039101605411
1711,0.0001,22.42382703166125,-0.9413748914475688,-7.982789092707182
1712,0.0001,22.42382703166125,-0.9421249992588452,-7.983539200518458
1713,0.0001,22.42382703166125,-0.9428752237115088,-7.984289424971122
1714,0.0001,22.42382703166125,-0.9436255647375278,-7.985039765997141
1715,0.0001,22.42382703166125,-0.9443760222689477,-7.985790223528561
1716,0.0001,22.42382703166125,-0.9451265962378912,-7.986540797497504
1717,0.0001,22.42382703166125,-0.9458772865765628,-7.987291487836176
1718,0.0001,22.42382703166125,-0.9466280932172433,-7.988042294476856
1719,0.0001,22.42382703166125,-0.9473790160922944,-7.988793217351907
1720,0.0001,22.42382703166125,-0.9481300551341558,-7.989544256393769
1721,0.0001,22.42382703166125,-0.9488812102753448,-7.990295411534958
1722,0.0001,22.42382703166125,-0.9496324814484582,-7.991046682708071
1723,0.0001,22.42382703166125,-0.9503838685861705,-7.991798069845784
1724,0.0001,22.42382703166125,-0.9511353716212323,-7.992549572880845
1725,0.0001,22.42382703166125,-0.9518869904864768,-7.99330119174609
1726,0.0001,22.42382703166125,-0.9526387251148112,-7.994052926374424
1727,0.0001,22.42382703166125,-0.9533905754392196,-7.994804776698833
1728,0.0001,22.42382703166125,-0.9541425413927689,-7.995556742652382
1729,0.0001,22.42382703166125,-0.9548946229085971,-7.99630882416821
1730,0.0001,22.42382703166125,-0.9556468199199211,-7.997061021179534
1731,0.0001,22.42382703166125,-0.9563991323600396,-7.997813333619653
1732,0.0001,22.42382703166125,-0.9571515601623224,-7.998565761421935
1733,0.0001,22.42382703166125,-0.9579041032602174,-7.99931830451983
1734,0.0001,22.42382703166125,-0.9586567615872514,-8.000070962846864
1735,0.0001,22.42382703166125,-0.9594095350770253,-8.000823736336638
1736,0.0001,22.42382703166125,-0.9601624236632222,-8.001576624922835
1737,0.0001,22.42382703166125,-0.9609154272795912,-8.002329628539204
1738,0.0001,22.42382703166125,-0.9616685458599665,-8.00308274711958
1739,0.0001,22.42382703166125,-0.9624217793382552,-8.003835980597868
1740,0.0001,22.42382703166125,-0.963175127648439,-8.004589328908052
1741,0.0001,22.42382703166125,-0.9639285907245796,-8.005342791984193
1742,0.0001,22.42382703166125,-0.9646821685008078,-8.006096369760421
1743,0.0001,22.42382703166125,-0.9654358609113345,-8.006850062170948
1744,0.0001,22.42382703166125,-0.9661896678904469,-8.00760386915006
1745,0.0001,22.42382703166125,-0.9669435893725051,-8.008357790632118
1746,0.0001,22.42382703166125,-0.9676976252919456,-8.009111826551559
1747,0.0001,22.42382703166125,-0.9684517755832758,-8.009865976842889
1748,0.0001,22.42382703166125,-0.9692060401810849,-8.010620241440698
1749,0.0001,22.42382703166125,-0.9699604190200333,-8.011374620279646
1750,0.0001,22.42382703166125,-0.9707149120348539,-8.012129113294467
1751,0.0001,22.42382703166125,-0.9714695191603582,-8.012883720419971
1752,0.0001,22.42382703166125,-0.9722242403314301,-8.013638441591043
1753,0.0001,22.42382703166125,-0.9729790754830265,-8.01439327674264
1754,0.0001,22.42382703166125,-0.9737340245501827,-8.015148225809796
1755,0.0001,22.42382703166125,-0.974489087468001,-8.015903288727614
1756,0.0001,22.42382703166125,-0.9752442641716623,-8.016658465431275
1757,0.0001,22.42382703166125,-0.9759995545964237,-8.017413755856037
1758,0.0001,22.42382703166125,-0.9767549586776099,-8.018169159937223
1759,0.0001,22.42382703166125,-0.9775104763506235,-8.018924677610237
1760,0.0001,22.42382703166125,-0.9782661075509367,-8.01968030881055
1761,0.0001,22.42382703166125,-0.9790218522140997,-8.020436053473713
1762,0.0001,22.42382703166125,-0.9797777102757319,-8.021191911535345
1763,0.0001,22.42382703166125,-0.9805336816715275,-8.021947882931141
1764,0.0001,22.42382703166125,-0.9812897663372535,-8.022703967596867
1765,0.0001,22.42382703166125,-0.9820459642087478,-8.023460165468361
1766,0.0001,22.42382703166125,-0.982802275221923,-8.024216476481536
1767,0.0001,22.42382703166125,-0.9835586993127627,-8.024972900572376
1768,0.0001,22.42382703166125,-0.9843152364173271,-8.02572943767694
1769,0.0001,22.42382703166125,-0.98507188647174,-8.026486087731353
1770,0.0001,22.42382703166125,-0.9858286494122073,-8.02724285067182
1771,0.0001,22.42382703166125,-0.9865855251750002,-8.027999726434613
1772,0.0001,22.42382703166125,-0.9873425136964631,-8.028756714956076
1773,0.0001,22.42382703166125,-0.9880996149130148,-8.029513816172628
1774,0.0001,22.42382703166125,-0.9888568287611417,-8.030271030020755
1775,0.0001,22.42382703166125,-0.9896141551774029,-8.031028356437016
1776,0.0001,22.42382703166125,-0.9903715940984341,-8.031785795358047
1777,0.0001,22.42382703166125,-0.9911291454609348,-8.032543346720548
1778,0.0001,22.42382703166125,-0.9918868092016773,-8.03330101046129
1779,0.0001,22.42382703166125,-0.9926445852575103,-8.034058786517123
1780,0.0001,22.42382703166125,-0.9934024735653484,-8.034816674824961
1781,0.0001,22.42382703166125,-0.994160474062177,-8.03557467532179
1782,0.0001,22.42382703166125,-0.9949185866850527,-8.036332787944666
1783,0.0001,22.42382703166125,-0.9956768113711068,-8.03709101263072
1784,0.0001,22.42382703166125,-0.9964351480575324,-8.037849349317145
1785,0.0001,22.42382703166125,-0.9971935966816012,-8.038607797941214
1786,0.0001,22.42382703166125,-0.997952157180654,-8.039366358440267
1787,0.0001,22.42382703166125,-0.9987108294920954,-8.040125030751708
1788,0.0001,22.42382703166125,-0.9994696135534067,-8.04088381481302
1789,0.0001,22.42382703166125,-1.000228509302136,-8.041642710561749
1790,0.0001,22.42382703166125,-1.000987516675902,-8.042401717935515
1791,0.0001,22.42382703166125,-1.001746635612392,-8.043160836872005
1792,0.0001,22.42382703166125,-1.002505866049363,-8.043920067308976
1793,0.0001,22.42382703166125,-1.003265207924644,-8.044679409184257
1794,0.0001,22.42382703166125,-1.00402466117613,-8.045438862435743
1795,0.0001,22.42382703166125,-1.004784225741787,-8.0461984270014
1796,0.0001,22.42382703166125,-1.005543901559648,-8.046958102819261
1797,0.0001,22.42382703166125,-1.006303688567819,-8.047717889827432
1798,0.0001,22.42382703166125,-1.007063586704469,-8.048477787964082
1799,0.0001,22.42382703166125,-1.007823595907839,-8.049237797167452
1800,0.0001,22.42382703166125,-1.00858371611624,-8.049997917375853
1801,0.0001,22.42382703166125,-1.00934394726805,-8.050758148527663
1802,0.0001,22.42382703166125,-1.010104289301713,-8.051518490561326
1803,0.0001,22.42382703166125,-1.010864742155746,-8.052278943415359
1804,0.0001,22.42382703166125,-1.011625305768732,-8.053039507028345
1805,0.0001,22.42382703166125,-1.012385980079319,-8.053800181338932
1806,0.0001,22.42382703166125,-1.013146765026226,-8.054560966285839
1807,0.0001,22.42382703166125,-1.01390766054824,-8.055321861807853
1808,0.0001,22.42382703166125,-1.014668666584216,-8.056082867843829
1809,0.0001,22.42382703166125,-1.015429783073074,-8.056843984332687
1810,0.0001,22.42382703166125,-1.016191009953802,-8.057605211213415
1811,0.0001,22.42382703166125,-1.016952347165459,-8.058366548425072
1812,0.0001,22.42382703166125,-1.017713794647168,-8.059127995906781
1813,0.0001,22.42382703166125,-1.018475352338118,-8.059889553597731
1814,0.0001,22.42382703166125,-1.019237020177567,-8.06065122143718
1815,0.0001,22.42382703166125,-1.01999879810484,-8.061412999364453
1816,0.0001,22.42382703166125,-1.020760686059329,-8.062174887318942
1817,0.0001,22.42382703166125,-1.021522683980491,-8.062936885240104
1818,0.0001,22.42382703166125,-1.022284791807852,-8.063698993067465
1819,0.0001,22.42382703166125,-1.023047009481001,-8.064461210740614
1820,0.0001,22.42382703166125,-1.023809336939596,-8.065223538199209
1821,0.0001,22.42382703166125,-1.024571774123361,-8.065985975382974
1822,0.0001,22.42382703166125,-1.025334320972087,-8.0667485222317
1823,0.0001,22.42382703166125,-1.026096977425626,-8.067511178685239
1824,0.0001,22.42382703166125,-1.026859743423904,-8.068273944683517
1825,0.0001,22.42382703166125,-1.027622618906905,-8.069036820166518
1826,0.0001,22.42382703166125,-1.028385603814685,-8.069799805074299
1827,0.0001,22.42382703166125,-1.029148698087361,-8.070562899346974
1828,0.0001,22.42382703166125,-1.029911901665118,-8.071326102924731
1829,0.0001,22.42382703166125,-1.030675214488205,-8.072089415747818
1830,0.0001,22.42382703166125,-1.031438636496937,-8.07285283775655
1831,0.0001,22.42382703166125,-1.032202167631695,-8.073616368891308
1832,0.0001,22.42382703166125,-1.032965807832921,-8.074380009092534
1833,0.0001,22.42382703166125,-1.033729557041129,-8.075143758300742
1834,0.0001,22.42382703166125,-1.03449341519689,-8.075907616456503
1835,0.0001,22.42382703166125,-1.035257382240847,-8.07667158350046
1836,0.0001,22.42382703166125,-1.036021458113703,-8.077435659373316
1837,0.0001,22.42382703166125,-1.036785642756225,-8.078199844015838
1838,0.0001,22.42382703166125,-1.037549936109249,-8.078964137368862
1839,0.0001,22.42382703166125,-1.038314338113672,-8.079728539373285
1840,0.0001,22.42382703166125,-1.039078848710453,-8.080493049970066
1841,0.0001,22.42382703166125,-1.039843467840619,-8.081257669100232
1842,0.0001,22.42382703166125,-1.040608195445262,-8.082022396704875
1843,0.0001,22.42382703166125,-1.041373031465533,-8.082787232725146
1844,0.0001,22.42382703166125,-1.04213797584265,-8.083552177102263
1845,0.0001,22.42382703166125,-1.042903028517895,-8.084317229777508
1846,0.0001,22.42382703166125,-1.043668189432612,-8.085082390692225
1847,0.0001,22.42382703166125,-1.044433458528207,-8.08584765978782
1848,0.0001,22.42382703166125,-1.045198835746158,-8.086613037005771
1849,0.0001,22.42382703166125,-1.045964321027993,-8.087378522287606
1850,0.0001,22.42382703166125,-1.046729914315312,-8.088144115574925
1851,0.0001,22.42382703166125,-1.047495615549778,-8.088909816809391
1852,0.0001,22.42382703166125,-1.048261424673115,-8.089675625932728
1853,0.0001,22.42382703166125,-1.049027341627106,-8.090441542886719
1854,0.0001,22.42382703166125,-1.049793366353606,-8.091207567613219
1855,0.0001,22.42382703166125,-1.050559498794524,-8.091973700054137
1856,0.0001,22.42382703166125,-1.051325738891833,-8.092739940151446
1857,0.0001,22.42382703166125,-1.052092086587574,-8.093506287847188
1858,0.0001,22.42382703166125,-1.052858541823849,-8.094272743083462
1859,0.0001,22.42382703166125,-1.053625104542814,-8.095039305802427
1860,0.0001,22.42382703166125,-1.054391774686696,-8.095805975946309
1861,0.0001,22.42382703166125,-1.05515855219778,-8.096572753457393
1862,0.0001,22.42382703166125,-1.055925437018415,-8.097339638278028
1863,0.0001,22.42382703166125,-1.056692429091012,-8.098106630350625
1864,0.0001,22.42382703166125,-1.05745952835804,-8.098873729617653
1865,0.0001,22.42382703166125,-1.058226734762036,-8.099640936021649
1866,0.0001,22.42382703166125,-1.058994048245591,-8.100408249505204
1867,0.0001,22.42382703166125,-1.059761468751365,-8.101175670010978
1868,0.0001,22.42382703166125,-1.060528996222075,-8.101943197481688
1869,0.0001,22.42382703166125,-1.061296630600499,-8.102710831860112
1870,0.0001,22.42382703166125,-1.062064371829477,-8.10347857308909
1871,0.0001,22.42382703166125,-1.062832219851909,-8.104246421111522
1872,0.0001,22.42382703166125,-1.063600174610762,-8.105014375870375
1873,0.0001,22.42382703166125,-1.064368236049056,-8.105782437308669
1874,0.0001,22.42382703166125,-1.065136404109873,-8.106550605369486
1875,0.0001,22.42382703166125,-1.065904678736363,-8.107318879995976
1876,0.0001,22.42382703166125,-1.066673059871725,-8.108087261131338
1877,0.0001,22.42382703166125,-1.067441547459229,-8.108855748718842
1878,0.0001,22.42382703166125,-1.068210141442201,-8.109624342701814
1879,0.0001,22.42382703166125,-1.068978841764023,-8.110393043023636
1880,0.0001,22.42382703166125,-1.069747648368146,-8.111161849627759
1881,0.0001,22.42382703166125,-1.070516561198076,-8.111930762457689
1882,0.0001,22.42382703166125,-1.071285580197378,-8.112699781456991
1883,0.0001,22.42382703166125,-1.072054705309679,-8.113468906569292
1884,0.0001,22.42382703166125,-1.072823936478665,-8.114238137738278
1885,0.0001,22.42382703166125,-1.073593273648084,-8.115007474907697
1886,0.0001,22.42382703166125,-1.07436271676174,-8.115776918021353
1887,0.0001,22.42382703166125,-1.0751322657635,-8.116546467023113
1888,0.0001,22.42382703166125,-1.075901920597286,-8.117316121856899
1889,0.0001,22.42382703166125,-1.076671681207083,-8.118085882466696
1890,0.0001,22.42382703166125,-1.077441547536935,-8.118855748796548
1891,0.0001,22.42382703166125,-1.078211519530944,-8.119625720790557
1892,0.0001,22.42382703166125,-1.078981597133271,-8.120395798392885
1893,0.0001,22.42382703166125,-1.079751780288136,-8.121165981547749
1894,0.0001,22.42382703166125,-1.080522068939821,-8.121936270199434
1895,0.0001,22.42382703166125,-1.081292463032662,-8.122706664292275
1896,0.0001,22.42382703166125,-1.082062962511056,-8.123477163770669
1897,0.0001,22.42382703166125,-1.082833567319458,-8.124247768579071
1898,0.0001,22.42382703166125,-1.083604277402381,-8.125018478661994
1899,0.0001,22.42382703166125,-1.0843750927044,-8.125789293964013
1900,0.0001,22.42382703166125,-1.085146013170142,-8.126560214429755
1901,0.0001,22.42382703166125,-1.0859170387443,-8.127331240003913
1902,0.0001,22.42382703166125,-1.086688169371618,-8.128102370631231
1903,0.0001,22.42382703166125,-1.087459404996901,-8.128873606256514
1904,0.0001,22.42382703166125,-1.088230745565014,-8.129644946824627
1905,0.0001,22.42382703166125,-1.089002191020874,-8.130416392280488
1906,0.0001,22.42382703166125,-1.089773741309463,-8.131187942569076
1907,0.0001,22.42382703166125,-1.090545396375816,-8.131959597635429
1908,0.0001,22.42382703166125,-1.091317156165028,-8.132731357424641
1909,0.0001,22.42382703166125,-1.092089020622248,-8.133503221881861
1910,0.0001,22.42382703166125,-1.092860989692685,-8.134275190952298
1911,0.0001,22.42382703166125,-1.093633063321608,-8.135047264581221
1912,0.0001,22.42382703166125,-1.094405241454337,-8.135819442713951
1913,0.0001,22.42382703166125,-1.095177524036252,-8.136591725295865
1914,0.0001,22.42382703166125,-1.095949911012795,-8.137364112272408
1915,0.0001,22.42382703166125,-1.096722402329455,-8.138136603589068
1916,0.0001,22.42382703166125,-1.097494997931786,-8.138909199191399
1917,0.0001,22.42382703166125,-1.098267697765396,-8.139681899025009
1918,0.0001,22.42382703166125,-1.099040501775947,-8.140454703035561
1919,0.0001,22.42382703166125,-1.099813409909165,-8.141227611168778
1920,0.0001,22.42382703166125,-1.100586422110824,-8.142000623370437
1921,0.0001,22.42382703166125,-1.101359538326761,-8.142773739586374
1922,0.0001,22.42382703166125,-1.102132758502865,-8.143546959762478
1923,0.0001,22.42382703166125,-1.102906082585081,-8.144320283844694
1924,0.0001,22.42382703166125,-1.103679510519415,-8.145093711779028
1925,0.0001,22.42382703166125,-1.104453042251926,-8.145867243511539
1926,0.0001,22.42382703166125,-1.105226677728727,-8.14664087898834
1927,0.0001,22.42382703166125,-1.106000416895991,-8.147414618155604
1928,0.0001,22.42382703166125,-1.106774259699943,-8.148188460959556
1929,0.0001,22.42382703166125,-1.107548206086868,-8.148962407346481
1930,0.0001,22.42382703166125,-1.108322256003099,-8.149736457262712
1931,0.0001,22.42382703166125,-1.109096409395036,-8.150510610654649
1932,0.0001,22.42382703166125,-1.109870666209124,-8.151284867468737
1933,0.0001,22.42382703166125,-1.110645026391868,-8.152059227651481
1934,0.0001,22.42382703166125,-1.11141948988983,-8.152833691149443
1935,0.0001,22.42382703166125,-1.112194056649622,-8.153608257909235
1936,0.0001,22.42382703166125,-1.112968726617918,-8.154382927877531
1937,0.0001,22.42382703166125,-1.113743499741439,-8.155157701001052
1938,0.0001,22.42382703166125,-1.114518375966968,-8.155932577226581
1939,0.0001,22.42382703166125,-1.115293355241338,-8.156707556500951
1940,0.0001,22.42382703166125,-1.116068437511441,-8.157482638771054
1941,0.0001,22.42382703166125,-1.11684362272422,-8.158257823983833
1942,0.0001,22.42382703166125,-1.117618910826675,-8.159033112086288
1943,0.0001,22.42382703166125,-1.118394301765859,-8.159808503025472
1944,0.0001,22.42382703166125,-1.119169795488878,-8.160583996748491
1945,0.0001,22.42382703166125,-1.119945391942899,-8.161359593202512
1946,0.0001,22.42382703166125,-1.120721091075135,-8.162135292334748
1947,0.0001,22.42382703166125,-1.121496892832859,-8.162911094092472
1948,0.0001,22.42382703166125,-1.122272797163395,-8.163686998423008
1949,0.0001,22.42382703166125,-1.123048804014122,-8.164463005273735
1950,0.0001,22.42382703166125,-1.123824913332474,-8.165239114592087
1951,0.0001,22.42382703166125,-1.124601125065936,-8.166015326325549
1952,0.0001,22.42382703166125,-1.125377439162051,-8.166791640421664
1953,0.0001,22.42382703166125,-1.126153855568411,-8.167568056828024
1954,0.0001,22.42382703166125,-1.126930374232666,-8.168344575492279
1955,0.0001,22.42382703166125,-1.127706995102516,-8.169121196362129
1956,0.0001,22.42382703166125,-1.128483718125716,-8.169897919385329
1957,0.0001,22.42382703166125,-1.129260543250076,-8.170674744509689
1958,0.0001,22.42382703166125,-1.130037470423456,-8.171451671683069
1959,0.0001,22.42382703166125,-1.13081449959377,-8.172228700853383
1960,0.0001,22.42382703166125,-1.131591630708989,-8.173005831968602
1961,0.0001,22.42382703166125,-1.132368863717131,-8.173783064976744
1962,0.0001,22.42382703166125,-1.133146198566271,-8.174560399825884
1963,0.0001,22.42382703166125,-1.133923635204535,-8.175337836464148
1964,0.0001,22.42382703166125,-1.134701173580105,-8.176115374839718
1965,0.0001,22.42382703166125,-1.13547881364121,-8.176893014900823
1966,0.0001,22.42382703166125,-1.136256555336137,-8.17767075659575
1967,0.0001,22.42382703166125,-1.137034398613226,-8.178448599872839
1968,0.0001,22.42382703166125,-1.13781234342086,-8.179226544680473
1969,0.0001,22.42382703166125,-1.138590389707488,-8.180004590967101
1970,0.0001,22.42382703166125,-1.139368537421602,-8.180782738681215
1971,0.0001,22.42382703166125,-1.140146786511748,-8.181560987771361
1972,0.0001,22.42382703166125,-1.140925136926526,-8.182339338186139
1973,0.0001,22.42382703166125,-1.14170358861459,-8.183117789874203
1974,0.0001,22.42382703166125,-1.142482141524638,-8.183896342784251
1975,0.0001,22.42382703166125,-1.14326079560543,-8.184674996865043
1976,0.0001,22.42382703166125,-1.144039550805768,-8.185453752065381
1977,0.0001,22.42382703166125,-1.144818407074515,-8.186232608334128
1978,0.0001,22.42382703166125,-1.145597364360581,-8.187011565620194
1979,0.0001,22.42382703166125,-1.146376422612926,-8.187790623872539
1980,0.0001,22.42382703166125,-1.147155581780565,-8.188569783040178
1981,0.0001,22.42382703166125,-1.14793484181256,-8.189349043072173
1982,0.0001,22.42382703166125,-1.148714202658033,-8.190128403917646
1983,0.0001,22.42382703166125,-1.149493664266148,-8.190907865525761
1984,0.0001,22.42382703166125,-1.150273226586123,-8.191687427845736
1985,0.0001,22.42382703166125,-1.151052889567231,-8.192467090826844
1986,0.0001,22.42382703166125,-1.15183265315879,-8.193246854418403
1987,0.0001,22.42382703166125,-1.152612517310175,-8.194026718569788
1988,0.0001,22.42382703166125,-1.153392481970807,-8.19480668323042
1989,0.0001,22.42382703166125,-1.154172547090161,-8.195586748349774
1990,0.0001,22.42382703166125,-1.15495271261776,-8.196366913877373
1991,0.0001,22.42382703166125,-1.155732978503179,-8.197147179762792
1992,0.0001,22.42382703166125,-1.156513344696048,-8.197927545955661
1993,0.0001,22.42382703166125,-1.15729381114604,-8.198708012405653
1994,0.0001,22.42382703166125,-1.158074377802881,-8.199488579062495
1995,0.0001,22.42382703166125,-1.158855044616352,-8.200269245875965
1996,0.0001,22.42382703166125,-1.159635811536276,-8.201050012795889
1997,0.0001,22.42382703166125,-1.160416678512535,-8.201830879772148
1998,0.0001,22.42382703166125,-1.161197645495054,-8.202611846754667
1999,0.0001,22.42382703166125,-1.161978712433811,-8.203392913693424
2000,0.0001,22.42382703166125,-1.162759879278838,-8.204174080538451
2001,0.0001,22.42382703166125,-1.163541145980208,-8.204955347239821
2002,0.0001,22.42382703166125,-1.164322512488049,-8.205736713747662
2003,0.0001,22.42382703166125,-1.165103978752542,-8.206518180012155
2004,0.0001,22.42382703166125,-1.165885544723912,-8.207299745983525
2005,0.0001,22.42382703166125,-1.166667210352436,-8.208081411612049
2006,0.0001,22.42382703166125,-1.167448975588441,-8.208863176848054
2007,0.0001,22.42382703166125,-1.168230840382302,-8.209645041641915
2008,0.0001,22.42382703166125,-1.169012804684446,-8.210427005944059
2009,0.0001,22.42382703166125,-1.169794868445345,-8.211209069704958
2010,0.0001,22.42382703166125,-1.170577031615526,-8.211991232875139
2011,0.0001,22.42382703166125,-1.17135929414556,-8.212773495405173
2012,0.0001,22.42382703166125,-1.172141655986069,-8.213555857245682
2013,0.0001,22.42382703166125,-1.172924117087726,-8.214338318347339
2014,0.0001,22.42382703166125,-1.173706677401249,-8.215120878660862
2015,0.0001,22.42382703166125,-1.174489336877409,-8.215903538137022
2016,0.0001,22.42382703166125,-1.175272095467022,-8.216686296726635
2017,0.0001,22.42382703166125,-1.176054953120957,-8.21746915438057
2018,0.0001,22.42382703166125,-1.176837909790128,-8.218252111049742
2019,0.0001,22.42382703166125,-1.177620965425499,-8.219035166685112
2020,0.0001,22.42382703166125,-1.178404119978083,-8.219818321237696
2021,0.0001,22.42382703166125,-1.179187373398939,-8.220601574658552
2022,0.0001,22.42382703166125,-1.17997072563918,-8.221384926898793
2023,0.0001,22.42382703166125,-1.180754176649959,-8.222168377909572
2024,0.0001,22.42382703166125,-1.181537726382485,-8.222951927642098
2025,0.0001,22.42382703166125,-1.182321374788012,-8.223735576047625
2026,0.0001,22.42382703166125,-1.183105121817841,-8.224519323077454
2027,0.0001,22.42382703166125,-1.183888967423322,-8.225303168682935
2028,0.0001,22.42382703166125,-1.184672911555856,-8.226087112815469
2029,0.0001,22.42382703166125,-1.185456954166884,-8.226871155426497
2030,0.0001,22.42382703166125,-1.186241095207903,-8.227655296467516
2031,0.0001,22.42382703166125,-1.187025334630455,-8.228439535890068
2032,0.0001,22.42382703166125,-1.187809672386127,-8.22922387364574
2033,0.0001,22.42382703166125,-1.188594108426559,-8.230008309686172
2034,0.0001,22.42382703166125,-1.189378642703433,-8.230792843963046
2035,0.0001,22.42382703166125,-1.190163275168482,-8.231577476428095
2036,0.0001,22.42382703166125,-1.190948005773482,-8.232362207033095
2037,0.0001,22.42382703166125,-1.191732834470265,-8.233147035729878
2038,0.0001,22.42382703166125,-1.192517761210702,-8.233931962470315
2039,0.0001,22.42382703166125,-1.193302785946713,-8.234716987206326
2040,0.0001,22.42382703166125,-1.194087908630269,-8.235502109889882
2041,0.0001,22.42382703166125,-1.194873129213381,-8.236287330472994
2042,0.0001,22.42382703166125,-1.195658447648114,-8.237072648907727
2043,0.0001,22.42382703166125,-1.196443863886579,-8.237858065146192
2044,0.0001,22.42382703166125,-1.197229377880928,-8.238643579140541
2045,0.0001,22.42382703166125,-1.198014989583365,-8.239429190842978
2046,0.0001,22.42382703166125,-1.19880069894614,-8.240214900205753
2047,0.0001,22.42382703166125,-1.19958650592155,-8.241000707181163
2048,0.0001,22.42382703166125,-1.200372410461934,-8.241786611721547
2049,0.0001,22.42382703166125,-1.201158412519685,-8.242572613779299
2050,0.0001,22.42382703166125,-1.201944512047238,-8.243358713306851
2051,0.0001,22.42382703166125,-1.20273070899707,-8.244144910256683
2052,0.0001,22.42382703166125,-1.203517003321716,-8.244931204581329
2053,0.0001,22.42382703166125,-1.204303394973747,-8.24571759623336
2054,0.0001,22.42382703166125,-1.205089883905782,-8.246504085165395
2055,0.0001,22.42382703166125,-1.205876470070493,-8.247290671330106
2056,0.0001,22.42382703166125,-1.206663153420587,-8.2480773546802
2057,0.0001,22.42382703166125,-1.207449933908824,-8.248864135168438
2058,0.0001,22.42382703166125,-1.208236811488012,-8.249651012747625
2059,0.0001,22.42382703166125,-1.209023786110997,-8.25043798737061
2060,0.0001,22.42382703166125,-1.209810857730679,-8.251225058990292
2061,0.0001,22.42382703166125,-1.210598026299996,-8.252012227559609
2062,0.0001,22.42382703166125,-1.211385291771938,-8.252799493031551
2063,0.0001,22.42382703166125,-1.212172654099536,-8.253586855359149
2064,0.0001,22.42382703166125,-1.212960113235871,-8.254374314495484
2065,0.0001,22.42382703166125,-1.213747669134065,-8.255161870393678
2066,0.0001,22.42382703166125,-1.214535321747288,-8.255949523006901
2067,0.0001,22.42382703166125,-1.215323071028756,-8.256737272288369
2068,0.0001,22.42382703166125,-1.216110916931726,-8.257525118191339
2069,0.0001,22.42382703166125,-1.216898859409504,-8.258313060669117
2070,0.0001,22.42382703166125,-1.21768689841544,-8.259101099675053
2071,0.0001,22.42382703166125,-1.21847503390293,-8.259889235162543
2072,0.0001,22.42382703166125,-1.219263265825413,-8.260677467085026
2073,0.0001,22.42382703166125,-1.220051594136375,-8.261465795395988
2074,0.0001,22.42382703166125,-1.220840018789346,-8.262254220048959
2075,0.0001,22.42382703166125,-1.221628539737898,-8.263042740997511
2076,0.0001,22.42382703166125,-1.222417156935652,-8.263831358195265
2077,0.0001,22.42382703166125,-1.223205870336274,-8.264620071595887
2078,0.0001,22.42382703166125,-1.223994679893469,-8.265408881153082
2079,0.0001,22.42382703166125,-1.224783585560992,-8.266197786820605
2080,0.0001,22.42382703166125,-1.225572587292641,-8.266986788552254
2081,0.0001,22.42382703166125,-1.226361685042255,-8.267775886301868
2082,0.0001,22.42382703166125,-1.227150878763723,-8.268565080023336
2083,0.0001,22.42382703166125,-1.227940168410976,-8.269354369670589
2084,0.0001,22.42382703166125,-1.228729553937987,-8.2701437551976
2085,0.0001,22.42382703166125,-1.229519035298773,-8.270933236558387
2086,0.0001,22.42382703166125,-1.2303086124474,-8.271722813707013
2087,0.0001,22.42382703166125,-1.231098285337975,-8.272512486597588
2088,0.0001,22.42382703166125,-1.231888053924644,-8.273302255184257
2089,0.0001,22.42382703166125,-1.232677918161608,-8.274092119421221
2090,0.0001,22.42382703166125,-1.233467878003102,-8.274882079262715
2091,0.0001,22.42382703166125,-1.234257933403409,-8.275672134663022
2092,0.0001,22.42382703166125,-1.235048084316855,-8.276462285576468
2093,0.0001,22.42382703166125,-1.235838330697808,-8.277252531957421
2094,0.0001,22.42382703166125,-1.236628672500684,-8.278042873760297
2095,0.0001,22.42382703166125,-1.237419109679937,-8.27883331093955
2096,0.0001,22.42382703166125,-1.238209642190068,-8.279623843449681
2097,0.0001,22.42382703166125,-1.239000269985622,-8.280414471245235
2098,0.0001,22.42382703166125,-1.239790993021185,-8.281205194280798
2099,0.0001,22.42382703166125,-1.240581811251385,-8.281996012510998
2100,0.0001,22.42382703166125,-1.241372724630896,-8.282786925890509
2101,0.0001,22.42382703166125,-1.242163733114436,-8.283577934374049
2102,0.0001,22.42382703166125,-1.242954836656763,-8.284369037916376
2103,0.0001,22.42382703166125,-1.243746035212681,-8.285160236472294
2104,0.0001,22.42382703166125,-1.244537328737033,-8.285951529996646
2105,0.0001,22.42382703166125,-1.245328717184709,-8.286742918444322
2106,0.0001,22.42382703166125,-1.24612020051064,-8.287534401770253
2107,0.0001,22.42382703166125,-1.246911778669798,-8.288325979929411
2108,0.0001,22.42382703166125,-1.247703451617204,-8.289117652876817
2109,0.0001,22.42382703166125,-1.248495219307911,-8.289909420567524
2110,0.0001,22.42382703166125,-1.249287081697025,-8.290701282956638
2111,0.0001,22.42382703166125,-1.25007903873969,-8.291493239999303
2112,0.0001,22.42382703166125,-1.250871090391092,-8.292285291650705
2113,0.0001,22.42382703166125,-1.25166323660646,-8.293077437866073
2114,0.0001,22.42382703166125,-1.252455477341064,-8.293869678600677
2115,0.0001,22.42382703166125,-1.253247812550221,-8.294662013809834
2116,0.0001,22.42382703166125,-1.254040242189285,-8.295454443448898
2117,0.0001,22.42382703166125,-1.254832766213656,-8.29624696747327
2118,0.0001,22.42382703166125,-1.255625384578771,-8.297039585838384
2119,0.0001,22.42382703166125,-1.256418097240116,-8.297832298499729
2120,0.0001,22.42382703166125,-1.257210904153213,-8.298625105412826
2121,0.0001,22.42382703166125,-1.258003805273628,-8.299418006533241
2122,0.0001,22.42382703166125,-1.258796800556972,-8.300211001816585
2123,0.0001,22.42382703166125,-1.259589889958891,-8.301004091218504
2124,0.0001,22.42382703166125,-1.260383073435078,-8.301797274694691
2125,0.0001,22.42382703166125,-1.261176350941268,-8.302590552200881
2126,0.0001,22.42382703166125,-1.261969722433234,-8.303383923692847
2127,0.0001,22.42382703166125,-1.262763187866794,-8.304177389126407
2128,0.0001,22.42382703166125,-1.263556747197804,-8.304970948457417
2129,0.0001,22.42382703166125,-1.264350400382165,-8.305764601641778
2130,0.0001,22.42382703166125,-1.265144147375818,-8.306558348635431
2131,0.0001,22.42382703166125,-1.265937988134745,-8.307352189394358
2132,0.0001,22.42382703166125,-1.266731922614968,-8.308146123874581
2133,0.0001,22.42382703166125,-1.267525950772555,-8.308940152032168
2134,0.0001,22.42382703166125,-1.268320072563608,-8.309734273823221
2135,0.0001,22.42382703166125,-1.269114287944276,-8.31052848920389
2136,0.0001,22.42382703166125,-1.269908596870748,-8.311322798130361
2137,0.0001,22.42382703166125,-1.270702999299251,-8.312117200558864
2138,0.0001,22.42382703166125,-1.271497495186056,-8.312911696445669
2139,0.0001,22.42382703166125,-1.272292084487475,-8.313706285747088
2140,0.0001,22.42382703166125,-1.273086767159857,-8.31450096841947
2141,0.0001,22.42382703166125,-1.273881543159595,-8.315295744419208
2142,0.0001,22.42382703166125,-1.274676412443124,-8.316090613702737
2143,0.0001,22.42382703166125,-1.275471374966916,-8.316885576226529
2144,0.0001,22.42382703166125,-1.276266430687485,-8.317680631947098
2145,0.0001,22.42382703166125,-1.277061579561389,-8.318475780821002
2146,0.0001,22.42382703166125,-1.277856821545219,-8.319271022804832
2147,0.0001,22.42382703166125,-1.278652156595614,-8.320066357855227
2148,0.0001,22.42382703166125,-1.279447584669249,-8.320861785928862
2149,0.0001,22.42382703166125,-1.280243105722839,-8.321657306982452
2150,0.0001,22.42382703166125,-1.281038719713143,-8.322452920972756
2151,0.0001,22.42382703166125,-1.281834426596959,-8.323248627856572
2152,0.0001,22.42382703166125,-1.282630226331118,-8.324044427590731
2153,0.0001,22.42382703166125,-1.283426118872503,-8.324840320132116
2154,0.0001,22.42382703166125,-1.28422210417803,-8.325636305437643
2155,0.0001,22.42382703166125,-1.285018182204654,-8.326432383464267
2156,0.0001,22.42382703166125,-1.285814352909375,-8.327228554168988
2157,0.0001,22.42382703166125,-1.286610616249225,-8.328024817508838
2158,0.0001,22.42382703166125,-1.287406972181287,-8.3288211734409
2159,0.0001,22.42382703166125,-1.288203420662672,-8.329617621922285
2160,0.0001,22.42382703166125,-1.288999961650539,-8.330414162910152
2161,0.0001,22.42382703166125,-1.289796595102084,-8.331210796361697
2162,0.0001,22.42382703166125,-1.290593320974541,-8.332007522234154
2163,0.0001,22.42382703166125,-1.291390139225184,-8.332804340484797
2164,0.0001,22.42382703166125,-1.292187049811329,-8.333601251070942
2165,0.0001,22.42382703166125,-1.292984052690329,-8.334398253949942
2166,0.0001,22.42382703166125,-1.293781147819578,-8.335195349079191
2167,0.0001,22.42382703166125,-1.294578335156507,-8.33599253641612
2168,0.0001,22.42382703166125,-1.295375614658591,-8.336789815918204
2169,0.0001,22.42382703166125,-1.296172986283336,-8.337587187542949
2170,0.0001,22.42382703166125,-1.296970449988297,-8.33838465124791
2171,0.0001,22.42382703166125,-1.297768005731058,-8.339182206990671
2172,0.0001,22.42382703166125,-1.29856565346925,-8.339979854728863
2173,0.0001,22.42382703166125,-1.29936339316054,-8.340777594420153
2174,0.0001,22.42382703166125,-1.300161224762636,-8.341575426022249
2175,0.0001,22.42382703166125,-1.300959148233279,-8.342373349492892
2176,0.0001,22.42382703166125,-1.301757163530256,-8.343171364789869
2177,0.0001,22.42382703166125,-1.302555270611387,-8.343969471871
2178,0.0001,22.42382703166125,-1.303353469434535,-8.344767670694148
2179,0.0001,22.42382703166125,-1.3041517599576,-8.345565961217213
2180,0.0001,22.42382703166125,-1.304950142138519,-8.346364343398132
2181,0.0001,22.42382703166125,-1.305748615935272,-8.347162817194885
2182,0.0001,22.42382703166125,-1.306547181305872,-8.347961382565485
2183,0.0001,22.42382703166125,-1.307345838208374,-8.348760039467987
2184,0.0001,22.42382703166125,-1.30814458660087,-8.349558787860483
2185,0.0001,22.42382703166125,-1.308943426441491,-8.350357627701104
2186,0.0001,22.42382703166125,-1.309742357688407,-8.35115655894802
2187,0.0001,22.42382703166125,-1.310541380299824,-8.351955581559437
2188,0.0001,22.42382703166125,-1.311340494233988,-8.352754695493601
2189,0.0001,22.42382703166125,-1.312139699449183,-8.353553900708796
2190,0.0001,22.42382703166125,-1.31293899590373,-8.354353197163343
2191,0.0001,22.42382703166125,-1.313738383555989,-8.355152584815603
2192,0.0001,22.42382703166125,-1.314537862364361,-8.355952063623974
2193,0.0001,22.42382703166125,-1.315337432287276,-8.356751633546889
2194,0.0001,22.42382703166125,-1.316137093283212,-8.357551294542825
2195,0.0001,22.42382703166125,-1.316936845310677,-8.35835104657029
2196,0.0001,22.42382703166125,-1.317736688328223,-8.359150889587836
2197,0.0001,22.42382703166125,-1.318536622294436,-8.359950823554049
2198,0.0001,22.42382703166125,-1.31933664716794,-8.360750848427553
2199,0.0001,22.42382703166125,-1.320136762907399,-8.361550964167012
2200,0.0001,22.42382703166125,-1.320936969471511,-8.362351170731124
2201,0.0001,22.42382703166125,-1.321737266819014,-8.363151468078627
2202,0.0001,22.42382703166125,-1.322537654908681,-8.363951856168294
2203,0.0001,22.42382703166125,-1.323338133699327,-8.36475233495894
2204,0.0001,22.42382703166125,-1.324138703149799,-8.365552904409412
2205,0.0001,22.42382703166125,-1.324939363218984,-8.366353564478597
2206,0.0001,22.42382703166125,-1.325740113865809,-8.367154315125422
2207,0.0001,22.42382703166125,-1.326540955049232,-8.367955156308845
2208,0.0001,22.42382703166125,-1.327341886728254,-8.368756087987867
2209,0.0001,22.42382703166125,-1.32814290886191,-8.369557110121523
2210,0.0001,22.42382703166125,-1.328944021409269,-8.370358222668882
2211,0.0001,22.42382703166125,-1.329745224329447,-8.37115942558906
2212,0.0001,22.42382703166125,-1.330546517581585,-8.371960718841198
2213,0.0001,22.42382703166125,-1.33134790112487,-8.372762102384483
2214,0.0001,22.42382703166125,-1.33214937491852,-8.373563576178134
2215,0.0001,22.42382703166125,-1.332950938921796,-8.374365140181409
2216,0.0001,22.42382703166125,-1.333752593093987,-8.3751667943536
2217,0.0001,22.42382703166125,-1.334554337394424,-8.375968538654037
2218,0.0001,22.42382703166125,-1.335356171782479,-8.376770373042092
2219,0.0001,22.42382703166125,-1.336158096217554,-8.377572297477167
2220,0.0001,22.42382703166125,-1.336960110659087,-8.3783743119187
2221,0.0001,22.42382703166125,-1.337762215066558,-8.379176416326171
2222,0.0001,22.42382703166125,-1.338564409399478,-8.379978610659091
2223,0.0001,22.42382703166125,-1.339366693617396,-8.38078089487701
2224,0.0001,22.42382703166125,-1.340169067679904,-8.381583268939517
2225,0.0001,22.42382703166125,-1.34097153154662,-8.382385732806233
2226,0.0001,22.42382703166125,-1.341774085177203,-8.383188286436816
2227,0.0001,22.42382703166125,-1.342576728531348,-8.383990929790961
2228,0.0001,22.42382703166125,-1.343379461568787,-8.3847936628284
2229,0.0001,22.42382703166125,-1.344182284249289,-8.385596485508902
2230,0.0001,22.42382703166125,-1.344985196532656,-8.386399397792269
2231,0.0001,22.42382703166125,-1.345788198378724,-8.387202399638337
2232,0.0001,22.42382703166125,-1.346591289747375,-8.388005491006988
2233,0.0001,22.42382703166125,-1.347394470598514,-8.388808671858127
2234,0.0001,22.42382703166125,-1.348197740892093,-8.389611942151706
2235,0.0001,22.42382703166125,-1.349001100588092,-8.390415301847705
2236,0.0001,22.42382703166125,-1.349804549646532,-8.391218750906145
2237,0.0001,22.42382703166125,-1.350608088027466,-8.392022289287079
2238,0.0001,22.42382703166125,-1.351411715690984,-8.392825916950597
2239,0.0001,22.42382703166125,-1.352215432597214,-8.393629633856827
2240,0.0001,22.42382703166125,-1.353019238706315,-8.394433439965928
2241,0.0001,22.42382703166125,-1.353823133978485,-8.395237335238098
2242,0.0001,22.42382703166125,-1.354627118373958,-8.396041319633571
2243,0.0001,22.42382703166125,-1.355431191852999,-8.396845393112612
2244,0.0001,22.42382703166125,-1.356235354375913,-8.397649555635526
2245,0.0001,22.42382703166125,-1.35703960590304,-8.398453807162653
2246,0.0001,22.42382703166125,-1.357843946394752,-8.399258147654365
2247,0.0001,22.42382703166125,-1.358648375811459,-8.400062577071072
2248,0.0001,22.42382703166125,-1.359452894113607,-8.40086709537322
2249,0.0001,22.42382703166125,-1.360257501261671,-8.401671702521284
2250,0.0001,22.42382703166125,-1.361062197216171,-8.402476398475784
2251,0.0001,22.42382703166125,-1.361866981937656,-8.403281183197269
2252,0.0001,22.42382703166125,-1.362671855386708,-8.404086056646321
2253,0.0001,22.42382703166125,-1.363476817523949,-8.404891018783562
2254,0.0001,22.42382703166125,-1.364281868310034,-8.405696069569647
2255,0.0001,22.42382703166125,-1.36508700770565,-8.406501208965263
2256,0.0001,22.42382703166125,-1.365892235671526,-8.407306436931139
2257,0.0001,22.42382703166125,-1.366697552168418,-8.408111753428031
2258,0.0001,22.42382703166125,-1.36750295715712,-8.408917158416733
2259,0.0001,22.42382703166125,-1.368308450598464,-8.409722651858077
2260,0.0001,22.42382703166125,-1.369114032453309,-8.410528233712922
2261,0.0001,22.42382703166125,-1.369919702682555,-8.411333903942168
2262,0.0001,22.42382703166125,-1.370725461247137,-8.41213966250675
2263,0.0001,22.42382703166125,-1.371531308108018,-8.412945509367631
2264,0.0001,22.42382703166125,-1.372337243226202,-8.413751444485815
2265,0.0001,22.42382703166125,-1.373143266562725,-8.414557467822338
2266,0.0001,22.42382703166125,-1.373949378078656,-8.415363579338269
2267,0.0001,22.42382703166125,-1.374755577735099,-8.416169778994712
2268,0.0001,22.42382703166125,-1.375561865493198,-8.416976066752811
2269,0.0001,22.42382703166125,-1.37636824131412,-8.417782442573733
2270,0.0001,22.42382703166125,-1.377174705159076,-8.418588906418689
2271,0.0001,22.42382703166125,-1.377981256989308,-8.419395458248921
2272,0.0001,22.42382703166125,-1.37878789676609,-8.420202098025703
2273,0.0001,22.42382703166125,-1.379594624450732,-8.421008825710345
2274,0.0001,22.42382703166125,-1.380401440004576,-8.421815641264189
2275,0.0001,22.42382703166125,-1.381208343389005,-8.422622544648618
2276,0.0001,22.42382703166125,-1.382015334565427,-8.42342953582504
2277,0.0001,22.42382703166125,-1.382822413495287,-8.4242366147549
2278,0.0001,22.42382703166125,-1.383629580140065,-8.425043781399678
2279,0.0001,22.42382703166125,-1.384436834461276,-8.425851035720889
2280,0.0001,22.42382703166125,-1.385244176420466,-8.426658377680079
2281,0.0001,22.42382703166125,-1.386051605979215,-8.427465807238828
2282,0.0001,22.42382703166125,-1.386859123099139,-8.428273324358752
2283,0.0001,22.42382703166125,-1.387666727741882,-8.429080929001495
2284,0.0001,22.42382703166125,-1.388474419869132,-8.429888621128745
2285,0.0001,22.42382703166125,-1.389282199442597,-8.43069640070221
2286,0.0001,22.42382703166125,-1.39009006642403,-8.431504267683643
2287,0.0001,22.42382703166125,-1.390898020775213,-8.432312222034826
2288,0.0001,22.42382703166125,-1.39170606245796,-8.433120263717573
2289,0.0001,22.42382703166125,-1.392514191434119,-8.433928392693732
2290,0.0001,22.42382703166125,-1.393322407665572,-8.434736608925185
2291,0.0001,22.42382703166125,-1.394130711114236,-8.43554491237385
2292,0.0001,22.42382703166125,-1.394939101742061,-8.436353303001674
2293,0.0001,22.42382703166125,-1.395747579511024,-8.437161780770637
2294,0.0001,22.42382703166125,-1.396556144383144,-8.437970345642757
2295,0.0001,22.42382703166125,-1.397364796320467,-8.43877899758008
2296,0.0001,22.42382703166125,-1.398173535285075,-8.439587736544688
2297,0.0001,22.42382703166125,-1.39898236123908,-8.440396562498693
2298,0.0001,22.42382703166125,-1.399791274144631,-8.441205475404244
2299,0.0001,22.42382703166125,-1.400600273963907,-8.44201447522352
2300,0.0001,22.42382703166125,-1.401409360659121,-8.442823561918734
2301,0.0001,22.42382703166125,-1.402218534192519,-8.443632735452132
2302,0.0001,22.42382703166125,-1.403027794526379,-8.444441995785992
2303,0.0001,22.42382703166125,-1.403837141623011,-8.445251342882624
2304,0.0001,22.42382703166125,-1.404646575444762,-8.446060776704375
2305,0.0001,22.42382703166125,-1.405456095954007,-8.44687029721362
2306,0.0001,22.42382703166125,-1.406265703113153,-8.447679904372766
2307,0.0001,22.42382703166125,-1.407075396884643,-8.448489598144256
2308,0.0001,22.42382703166125,-1.407885177230954,-8.449299378490567
2309,0.0001,22.42382703166125,-1.408695044114587,-8.4501092453742
2310,0.0001,22.42382703166125,-1.409504997498088,-8.450919198757701
2311,0.0001,22.42382703166125,-1.410315037344025,-8.451729238603638
2312,0.0001,22.42382703166125,-1.411125163615001,-8.452539364874614
2313,0.0001,22.42382703166125,-1.411935376273654,-8.453349577533267
2314,0.0001,22.42382703166125,-1.412745675282652,-8.454159876542265
2315,0.0001,22.42382703166125,-1.413556060604696,-8.454970261864309
2316,0.0001,22.42382703166125,-1.41436653220252,-8.455780733462133
2317,0.0001,22.42382703166125,-1.415177090038886,-8.4565912912985
2318,0.0001,22.42382703166125,-1.415987734076596,-8.457401935336209
2319,0.0001,22.42382703166125,-1.416798464278475,-8.458212665538088
2320,0.0001,22.42382703166125,-1.417609280607389,-8.459023481867002
2321,0.0001,22.42382703166125,-1.418420183026226,-8.459834384285839
2322,0.0001,22.42382703166125,-1.419231171497916,-8.460645372757529
2323,0.0001,22.42382703166125,-1.420042245985414,-8.461456447245027
2324,0.0001,22.42382703166125,-1.420853406451709,-8.462267607711322
2325,0.0001,22.42382703166125,-1.421664652859825,-8.463078854119438
2326,0.0001,22.42382703166125,-1.422475985172809,-8.463890186432423
2327,0.0001,22.42382703166125,-1.423287403353752,-8.464701604613365
