predictor,fold,pair,crossing_index,reference_Tc_K,Tc_error_K,crossing_slope_eV_per_atom_per_K,Tc_err_from_dG_K,false_crossings,missed_crossings
bartel2018,all,hf:bcc_minus_hcp,1,1919.0,,0.0,,0,1
bartel2018,all,sio2:cristobalite_beta_minus_quartz_beta,1,1542.7087047758675,,7.551407561479095e-06,3665.8682070155674,0,1
bartel2018,all,sio2:cristobalite_beta_minus_tridymite_p63mmc,1,n/a:no_reference_crossing,,,,0,0
bartel2018,all,sio2:quartz_beta_minus_tridymite_p63mmc,1,1582.3215510581538,,7.448345272997869e-06,2718.6965442771207,0,1
constant_delta_g,all,hf:bcc_minus_hcp,1,1919.0,,0.0,,0,1
constant_delta_g,all,sio2:cristobalite_beta_minus_quartz_beta,1,1542.7087047758675,,7.551407561479095e-06,380.96973233955146,0,1
constant_delta_g,all,sio2:cristobalite_beta_minus_tridymite_p63mmc,1,n/a:no_reference_crossing,,,,0,0
constant_delta_g,all,sio2:quartz_beta_minus_tridymite_p63mmc,1,1582.3215510581538,,7.448345272997869e-06,412.6726719043349,0,1
constant_offset_0.005,,hf:bcc_minus_hcp,1,1919.0,0.0,4.999999999999449e-05,0.0,0,0
constant_offset_0.005,,sio2:cristobalite_beta_minus_quartz_beta,1,1542.7087047758675,0.0,7.551407561479095e-06,0.0,0,0
constant_offset_0.005,,sio2:cristobalite_beta_minus_tridymite_p63mmc,1,n/a:no_reference_crossing,,,,0,0
constant_offset_0.005,,sio2:quartz_beta_minus_tridymite_p63mmc,1,1582.3215510581538,0.0,7.448345272997869e-06,0.0,0,0
global_mean_delta_g,all,hf:bcc_minus_hcp,1,1919.0,,0.0,,0,1
global_mean_delta_g,all,sio2:cristobalite_beta_minus_quartz_beta,1,1542.7087047758675,,7.551407561479095e-06,624.6814443780912,0,1
global_mean_delta_g,all,sio2:cristobalite_beta_minus_tridymite_p63mmc,1,n/a:no_reference_crossing,,,,0,0
global_mean_delta_g,all,sio2:quartz_beta_minus_tridymite_p63mmc,1,1582.3215510581538,,7.448345272997869e-06,633.3251225199682,0,1
interp_const,all,hf:bcc_minus_hcp,1,1919.0,,0.0,,0,1
interp_const,all,sio2:cristobalite_beta_minus_quartz_beta,1,1542.7087047758675,,7.551407561479095e-06,100.08643763837853,0,1
interp_const,all,sio2:cristobalite_beta_minus_tridymite_p63mmc,1,n/a:no_reference_crossing,,,,0,0
interp_const,all,sio2:quartz_beta_minus_tridymite_p63mmc,1,1582.3215510581538,,7.448345272997869e-06,138.52103381089734,0,1
phase_id_mlp,all,hf:bcc_minus_hcp,1,1919.0,380.04660194174767,,,0,0
phase_id_mlp,all,sio2:cristobalite_beta_minus_quartz_beta,1,1542.7087047758675,-505.5771258284992,,,0,0
phase_id_mlp,all,sio2:cristobalite_beta_minus_tridymite_p63mmc,1,n/a:no_reference_crossing,,,,1,0
phase_id_mlp,all,sio2:quartz_beta_minus_tridymite_p63mmc,1,1582.3215510581538,-520.423245973408,,,0,0
reference,,hf:bcc_minus_hcp,1,1919.0,0.0,4.999999999999449e-05,0.0,0,0
reference,,sio2:cristobalite_beta_minus_quartz_beta,1,1542.7087047758675,0.0,7.551407561479095e-06,0.0,0,0
reference,,sio2:cristobalite_beta_minus_tridymite_p63mmc,1,n/a:no_reference_crossing,,,,0,0
reference,,sio2:quartz_beta_minus_tridymite_p63mmc,1,1582.3215510581538,0.0,7.448345272997869e-06,0.0,0,0
reference_noise_0.005,,hf:bcc_minus_hcp,1,1919.0,-26.41309132920901,4.999999999999449e-05,14.478547975251207,0,0
reference_noise_0.005,,sio2:cristobalite_beta_minus_quartz_beta,1,1542.7087047758675,546.2945420994931,7.551407561479095e-06,559.8027217758998,0,0
reference_noise_0.005,,sio2:cristobalite_beta_minus_tridymite_p63mmc,1,n/a:no_reference_crossing,,,,0,0
reference_noise_0.005,,sio2:quartz_beta_minus_tridymite_p63mmc,1,1582.3215510581538,26.196232306038382,7.448345272997869e-06,26.258228559211222,0,0
root_stability_iid_0.005,,hf:bcc_minus_hcp,1,1919.0,-247.00280620867602,4.999999999999449e-05,49.45578901189064,41,0
root_stability_iid_0.005,,sio2:cristobalite_beta_minus_quartz_beta,1,1542.7087047758675,-674.0316826677566,7.551407561479095e-06,552.8040335749191,444,0
root_stability_iid_0.005,,sio2:cristobalite_beta_minus_tridymite_p63mmc,1,n/a:no_reference_crossing,,,,830,0
root_stability_iid_0.005,,sio2:quartz_beta_minus_tridymite_p63mmc,1,1582.3215510581538,-695.3274444639758,7.448345272997869e-06,185.2066668097172,454,0
zero,all,hf:bcc_minus_hcp,1,1919.0,n/a:degenerate_prediction,n/a:degenerate_prediction,n/a:degenerate_prediction,n/a:degenerate_prediction,n/a:degenerate_prediction
zero,all,sio2:cristobalite_beta_minus_quartz_beta,1,1542.7087047758675,n/a:degenerate_prediction,n/a:degenerate_prediction,n/a:degenerate_prediction,n/a:degenerate_prediction,n/a:degenerate_prediction
zero,all,sio2:cristobalite_beta_minus_tridymite_p63mmc,1,n/a:no_reference_crossing,,,,n/a:degenerate_prediction,n/a:degenerate_prediction
zero,all,sio2:quartz_beta_minus_tridymite_p63mmc,1,1582.3215510581538,n/a:degenerate_prediction,n/a:degenerate_prediction,n/a:degenerate_prediction,n/a:degenerate_prediction,n/a:degenerate_prediction
