predictor,G_MAE_eV_per_atom,delta_G_MAE_eV_per_atom,delta_G_RMSE_eV_per_atom,sign_accuracy,Tc_error_K,false_crossings,missed_crossings
bartel2018,n/a:pair_only_predictor,0.01943118917418557,0.019793658728632407,0.7121487770365879,,0,4
constant_delta_g,n/a:pair_only_predictor,0.004500286165689963,0.005554998128258906,0.0005990415335463259,147.4899147219929,2,0
constant_offset_0.005,0.005000000000000496,8.712413112573613e-18,2.282915197371497e-17,1.0,0.0,0,0
interp_const,n/a:pair_only_predictor,,,,,0,0
phase_id_mlp,n/a:pair_only_predictor,,,,,0,0
reference,0.0,0.0,0.0,1.0,0.0,0,0
reference_noise_0.005,0.0027356408589656604,0.002294631102767271,0.002294631102767271,0.6575381148803515,199.63462191158018,0,0
root_stability_iid_0.005,0.0017823428210505324,0.002533747095475051,0.0031716269284383426,0.7689875701606357,538.7873111134695,3538,0
zero,n/a:pair_only_predictor,0.004500286165689963,0.005554998128258906,0.0005990415335463259,147.4899147219929,2,0
