predictor,fold,eval_subset,n_test_frames,G_MAE_eV_per_atom,delta_G_MAE_eV_per_atom,delta_G_RMSE_eV_per_atom,sign_accuracy,ranking_accuracy,Tc_error_K,Tc_err_from_dG_K,false_crossings,missed_crossings,pairs_covered,all_pairs_seen,skill_score,floor_predictor
bartel2018,hf:bcc,full,1252,7.9318323654244,0.1283743234537813,0.12866943061813021,0.6725239616613419,0.6725239616613419,n/a:missed_crossing,n/a:missed_crossing,0,1,1,1,-10.261063363657232,zero
bartel2018,hf:hcp,full,1252,8.060206688878182,0.1283743234537813,0.12866943061813021,0.6725239616613419,0.6725239616613419,n/a:missed_crossing,n/a:missed_crossing,0,1,1,1,-10.261063363657232,zero
bartel2018,sio2:cristobalite_beta,full,1649,3.501574529250081,0.05769118805694188,0.05859664828498558,0.5803517283201941,0.5560946027895695,n/a:missed_crossing,n/a:missed_crossing,0,1,1,2,-16.977410966787797,zero
bartel2018,sio2:quartz_beta,full,1649,3.559265717307023,0.05644493302693528,0.05737057523154897,0.5682231655548817,0.5560946027895695,n/a:missed_crossing,n/a:missed_crossing,0,2,2,2,-16.78517206253505,zero
bartel2018,sio2:tridymite_p63mmc,full,1649,3.5040670393100943,0.055198677996928694,0.056144502178112364,0.5560946027895695,0.5560946027895695,n/a:missed_crossing,n/a:missed_crossing,0,1,1,2,-16.588598021667387,zero
bartel2018,ti:bcc,full,693,6.534540597961803,0.09854179011148806,0.09873104994718598,0.25396825396825395,0.25396825396825395,n/a:missed_crossing,n/a:missed_crossing,0,1,1,1,-13.714702007641028,zero
bartel2018,ti:hcp,full,693,6.633082388073292,0.09854179011148806,0.09873104994718598,0.25396825396825395,0.25396825396825395,n/a:missed_crossing,n/a:missed_crossing,0,1,1,1,-13.714702007641028,zero
bartel2018,zr:bcc,full,910,7.36698400747843,0.0627469344770289,0.06320397008780188,0.4010989010989011,0.4010989010989011,n/a:missed_crossing,n/a:missed_crossing,0,1,1,1,-7.258086077475456,zero
bartel2018,zr:hcp,full,910,7.429730941955459,0.0627469344770289,0.06320397008780188,0.4010989010989011,0.4010989010989011,n/a:missed_crossing,n/a:missed_crossing,0,1,1,1,-7.258086077475456,zero
constant_delta_g,hf:bcc,full,1252,n/a:input_unavailable,n/a:no_training_phase,n/a:no_training_phase,n/a:no_training_phase,n/a:no_training_phase,n/a:no_training_phase,n/a:no_training_phase,n/a:no_training_phase,n/a:no_training_phase,0,1,n/a:no_training_phase,zero
constant_delta_g,hf:hcp,full,1252,n/a:input_unavailable,n/a:no_training_phase,n/a:no_training_phase,n/a:no_training_phase,n/a:no_training_phase,n/a:no_training_phase,n/a:no_training_phase,n/a:no_training_phase,n/a:no_training_phase,0,1,n/a:no_training_phase,zero
constant_delta_g,sio2:cristobalite_beta,full,1649,n/a:input_unavailable,n/a:no_training_phase,n/a:no_training_phase,n/a:no_training_phase,n/a:no_training_phase,n/a:no_training_phase,n/a:no_training_phase,n/a:no_training_phase,n/a:no_training_phase,0,2,n/a:no_training_phase,zero
constant_delta_g,sio2:quartz_beta,full,1649,n/a:input_unavailable,n/a:no_training_phase,n/a:no_training_phase,n/a:no_training_phase,n/a:no_training_phase,n/a:no_training_phase,n/a:no_training_phase,n/a:no_training_phase,n/a:no_training_phase,0,2,n/a:no_training_phase,zero
constant_delta_g,sio2:tridymite_p63mmc,full,1649,n/a:input_unavailable,n/a:no_training_phase,n/a:no_training_phase,n/a:no_training_phase,n/a:no_training_phase,n/a:no_training_phase,n/a:no_training_phase,n/a:no_training_phase,n/a:no_training_phase,0,2,n/a:no_training_phase,zero
constant_delta_g,ti:bcc,full,693,n/a:input_unavailable,n/a:no_training_phase,n/a:no_training_phase,n/a:no_training_phase,n/a:no_training_phase,n/a:no_training_phase,n/a:no_training_phase,n/a:no_training_phase,n/a:no_training_phase,0,1,n/a:no_training_phase,zero
constant_delta_g,ti:hcp,full,693,n/a:input_unavailable,n/a:no_training_phase,n/a:no_training_phase,n/a:no_training_phase,n/a:no_training_phase,n/a:no_training_phase,n/a:no_training_phase,n/a:no_training_phase,n/a:no_training_phase,0,1,n/a:no_training_phase,zero
constant_delta_g,zr:bcc,full,910,n/a:input_unavailable,n/a:no_training_phase,n/a:no_training_phase,n/a:no_training_phase,n/a:no_training_phase,n/a:no_training_phase,n/a:no_training_phase,n/a:no_training_phase,n/a:no_training_phase,0,1,n/a:no_training_phase,zero
constant_delta_g,zr:hcp,full,910,n/a:input_unavailable,n/a:no_training_phase,n/a:no_training_phase,n/a:no_training_phase,n/a:no_training_phase,n/a:no_training_phase,n/a:no_training_phase,n/a:no_training_phase,n/a:no_training_phase,0,1,n/a:no_training_phase,zero
constant_offset_0.005,hf:bcc,full,1252,0.004999999999999933,3.484965245029445e-17,9.131660789485989e-17,1.0,n/a:input_unavailable,0.0,0.0,0,0,1,1,0.9999999999999969,zero
constant_offset_0.005,hf:hcp,full,1252,0.004999999999999933,3.484965245029445e-17,9.131660789485989e-17,1.0,n/a:input_unavailable,0.0,0.0,0,0,1,1,0.9999999999999969,zero
constant_offset_0.005,sio2:cristobalite_beta,full,1649,0.005000000000000782,0.0,0.0,1.0,n/a:input_unavailable,0.0,0.0,0,0,1,2,1.0,zero
constant_offset_0.005,sio2:quartz_beta,full,1649,0.005000000000000782,0.0,0.0,1.0,n/a:input_unavailable,0.0,0.0,0,0,2,2,1.0,zero
constant_offset_0.005,sio2:tridymite_p63mmc,full,1649,0.005000000000000782,0.0,0.0,1.0,n/a:input_unavailable,0.0,0.0,0,0,1,2,1.0,zero
global_mean_delta_g,hf:bcc,full,1252,n/a:input_unavailable,0.011825947101121389,0.01517497220546686,0.3250798722044728,0.3250798722044728,n/a:missed_crossing,n/a:missed_crossing,0,1,1,1,-0.03737831723750262,zero
global_mean_delta_g,hf:hcp,full,1252,n/a:input_unavailable,0.011825947101121389,0.01517497220546686,0.3250798722044728,0.3250798722044728,n/a:missed_crossing,n/a:missed_crossing,0,1,1,1,-0.03737831723750262,zero
global_mean_delta_g,sio2:cristobalite_beta,full,1649,n/a:input_unavailable,0.0034355821051925534,0.004149482861238999,0.41964827167980595,0.41964827167980595,n/a:missed_crossing,n/a:missed_crossing,0,1,1,2,-0.07057721456919608,zero
global_mean_delta_g,sio2:quartz_beta,full,1649,n/a:input_unavailable,0.003508701307651005,0.004280395922332441,0.4317768344451183,0.41964827167980595,n/a:missed_crossing,n/a:missed_crossing,0,2,2,2,-0.10555284816861188,zero
global_mean_delta_g,sio2:tridymite_p63mmc,full,1649,n/a:input_unavailable,0.0032958553091208946,0.003961865653722558,0.44390539721043054,0.41964827167980595,n/a:missed_crossing,n/a:missed_crossing,0,1,1,2,-0.050196785019583245,zero
global_mean_delta_g,ti:bcc,full,693,n/a:input_unavailable,0.007150506645776093,0.008341153144535231,0.25396825396825395,0.25396825396825395,n/a:missed_crossing,n/a:missed_crossing,0,1,1,1,-0.06774571861553458,zero
global_mean_delta_g,ti:hcp,full,693,n/a:input_unavailable,0.007150506645776093,0.008341153144535231,0.25396825396825395,0.25396825396825395,n/a:missed_crossing,n/a:missed_crossing,0,1,1,1,-0.06774571861553458,zero
global_mean_delta_g,zr:bcc,full,910,n/a:input_unavailable,0.007726011902312284,0.00880062170738125,0.4010989010989011,0.4010989010989011,n/a:missed_crossing,n/a:missed_crossing,0,1,1,1,-0.016815751345623298,zero
global_mean_delta_g,zr:hcp,full,910,n/a:input_unavailable,0.007726011902312284,0.00880062170738125,0.4010989010989011,0.4010989010989011,n/a:missed_crossing,n/a:missed_crossing,0,1,1,1,-0.016815751345623298,zero
interp_const,hf:bcc,full,1252,n/a:input_unavailable,n/a:no_training_phase,n/a:no_training_phase,n/a:no_training_phase,n/a:no_training_phase,n/a:no_training_phase,n/a:no_training_phase,n/a:no_training_phase,n/a:no_training_phase,0,1,n/a:no_training_phase,zero
interp_const,hf:hcp,full,1252,n/a:input_unavailable,n/a:no_training_phase,n/a:no_training_phase,n/a:no_training_phase,n/a:no_training_phase,n/a:no_training_phase,n/a:no_training_phase,n/a:no_training_phase,n/a:no_training_phase,0,1,n/a:no_training_phase,zero
interp_const,sio2:cristobalite_beta,full,1649,n/a:input_unavailable,n/a:no_training_phase,n/a:no_training_phase,n/a:no_training_phase,n/a:no_training_phase,n/a:no_training_phase,n/a:no_training_phase,n/a:no_training_phase,n/a:no_training_phase,0,2,n/a:no_training_phase,zero
interp_const,sio2:quartz_beta,full,1649,n/a:input_unavailable,n/a:no_training_phase,n/a:no_training_phase,n/a:no_training_phase,n/a:no_training_phase,n/a:no_training_phase,n/a:no_training_phase,n/a:no_training_phase,n/a:no_training_phase,0,2,n/a:no_training_phase,zero
interp_const,sio2:tridymite_p63mmc,full,1649,n/a:input_unavailable,n/a:no_training_phase,n/a:no_training_phase,n/a:no_training_phase,n/a:no_training_phase,n/a:no_training_phase,n/a:no_training_phase,n/a:no_training_phase,n/a:no_training_phase,0,2,n/a:no_training_phase,zero
interp_const,ti:bcc,full,693,n/a:input_unavailable,n/a:no_training_phase,n/a:no_training_phase,n/a:no_training_phase,n/a:no_training_phase,n/a:no_training_phase,n/a:no_training_phase,n/a:no_training_phase,n/a:no_training_phase,0,1,n/a:no_training_phase,zero
interp_const,ti:hcp,full,693,n/a:input_unavailable,n/a:no_training_phase,n/a:no_training_phase,n/a:no_training_phase,n/a:no_training_phase,n/a:no_training_phase,n/a:no_training_phase,n/a:no_training_phase,n/a:no_training_phase,0,1,n/a:no_training_phase,zero
interp_const,zr:bcc,full,910,n/a:input_unavailable,n/a:no_training_phase,n/a:no_training_phase,n/a:no_training_phase,n/a:no_training_phase,n/a:no_training_phase,n/a:no_training_phase,n/a:no_training_phase,n/a:no_training_phase,0,1,n/a:no_training_phase,zero
interp_const,zr:hcp,full,910,n/a:input_unavailable,n/a:no_training_phase,n/a:no_training_phase,n/a:no_training_phase,n/a:no_training_phase,n/a:no_training_phase,n/a:no_training_phase,n/a:no_training_phase,n/a:no_training_phase,0,1,n/a:no_training_phase,zero
phase_id_mlp,hf:bcc,full,1252,n/a:input_unavailable,n/a:no_training_phase,n/a:no_training_phase,n/a:no_training_phase,n/a:no_training_phase,n/a:no_training_phase,n/a:no_training_phase,n/a:no_training_phase,n/a:no_training_phase,0,1,n/a:no_training_phase,zero
phase_id_mlp,hf:hcp,full,1252,n/a:input_unavailable,n/a:no_training_phase,n/a:no_training_phase,n/a:no_training_phase,n/a:no_training_phase,n/a:no_training_phase,n/a:no_training_phase,n/a:no_training_phase,n/a:no_training_phase,0,1,n/a:no_training_phase,zero
phase_id_mlp,sio2:cristobalite_beta,full,1649,n/a:input_unavailable,n/a:no_training_phase,n/a:no_training_phase,n/a:no_training_phase,n/a:no_training_phase,n/a:no_training_phase,n/a:no_training_phase,n/a:no_training_phase,n/a:no_training_phase,0,2,n/a:no_training_phase,zero
phase_id_mlp,sio2:quartz_beta,full,1649,n/a:input_unavailable,n/a:no_training_phase,n/a:no_training_phase,n/a:no_training_phase,n/a:no_training_phase,n/a:no_training_phase,n/a:no_training_phase,n/a:no_training_phase,n/a:no_training_phase,0,2,n/a:no_training_phase,zero
phase_id_mlp,sio2:tridymite_p63mmc,full,1649,n/a:input_unavailable,n/a:no_training_phase,n/a:no_training_phase,n/a:no_training_phase,n/a:no_training_phase,n/a:no_training_phase,n/a:no_training_phase,n/a:no_training_phase,n/a:no_training_phase,0,2,n/a:no_training_phase,zero
phase_id_mlp,ti:bcc,full,693,n/a:input_unavailable,n/a:no_training_phase,n/a:no_training_phase,n/a:no_training_phase,n/a:no_training_phase,n/a:no_training_phase,n/a:no_training_phase,n/a:no_training_phase,n/a:no_training_phase,0,1,n/a:no_training_phase,zero
phase_id_mlp,ti:hcp,full,693,n/a:input_unavailable,n/a:no_training_phase,n/a:no_training_phase,n/a:no_training_phase,n/a:no_training_phase,n/a:no_training_phase,n/a:no_training_phase,n/a:no_training_phase,n/a:no_training_phase,0,1,n/a:no_training_phase,zero
phase_id_mlp,zr:bcc,full,910,n/a:input_unavailable,n/a:no_training_phase,n/a:no_training_phase,n/a:no_training_phase,n/a:no_training_phase,n/a:no_training_phase,n/a:no_training_phase,n/a:no_training_phase,n/a:no_training_phase,0,1,n/a:no_training_phase,zero
phase_id_mlp,zr:hcp,full,910,n/a:input_unavailable,n/a:no_training_phase,n/a:no_training_phase,n/a:no_training_phase,n/a:no_training_phase,n/a:no_training_phase,n/a:no_training_phase,n/a:no_training_phase,n/a:no_training_phase,0,1,n/a:no_training_phase,zero
reference,hf:bcc,full,1252,0.0,0.0,0.0,1.0,n/a:input_unavailable,0.0,0.0,0,0,1,1,1.0,zero
reference,hf:hcp,full,1252,0.0,0.0,0.0,1.0,n/a:input_unavailable,0.0,0.0,0,0,1,1,1.0,zero
reference,sio2:cristobalite_beta,full,1649,0.0,0.0,0.0,1.0,n/a:input_unavailable,0.0,0.0,0,0,1,2,1.0,zero
reference,sio2:quartz_beta,full,1649,0.0,0.0,0.0,1.0,n/a:input_unavailable,0.0,0.0,0,0,2,2,1.0,zero
reference,sio2:tridymite_p63mmc,full,1649,0.0,0.0,0.0,1.0,n/a:input_unavailable,0.0,0.0,0,0,1,2,1.0,zero
reference_noise_0.005,hf:bcc,full,1252,0.002440273781520014,0.0007239273987625426,0.0007239273987625425,0.9776357827476039,n/a:input_unavailable,26.41309132920901,14.478547975251207,0,0,1,1,0.9364967067492466,zero
reference_noise_0.005,hf:hcp,full,1252,0.0031642011802825564,0.0007239273987625426,0.0007239273987625425,0.9776357827476039,n/a:input_unavailable,26.41309132920901,14.478547975251207,0,0,1,1,0.9364967067492466,zero
reference_noise_0.005,sio2:cristobalite_beta,full,1649,0.00015322079074373254,0.00422729850615327,0.00422729850615327,0.6682838083687083,n/a:input_unavailable,546.2945420994931,559.8027217758998,0,0,1,2,-0.31728752837255914,zero
reference_noise_0.005,sio2:quartz_beta,full,1649,0.004074077715409538,0.002211439429359459,0.002211439429359459,0.8262583383869011,n/a:input_unavailable,286.24538720276576,293.03047516755555,0,0,2,2,0.30319997477428495,zero
reference_noise_0.005,sio2:tridymite_p63mmc,full,1649,0.00387849736284389,0.00019558035256564765,0.00019558035256564765,0.9842328684050939,n/a:input_unavailable,26.196232306038382,26.258228559211222,0,0,1,2,0.9376799530886489,zero
root_stability_iid_0.005,hf:bcc,full,1252,0.0017559261302948995,0.0025327659010588818,0.003195067111084564,0.9225239616613419,n/a:input_unavailable,247.00280620867602,49.45578901189064,41,0,1,1,0.7778244392664462,zero
root_stability_iid_0.005,hf:hcp,full,1252,0.001804588786867541,0.0025327659010588818,0.003195067111084564,0.9225239616613419,n/a:input_unavailable,247.00280620867602,49.45578901189064,41,0,1,1,0.7778244392664462,zero
root_stability_iid_0.005,sio2:cristobalite_beta,full,1649,0.001813946025253196,0.002555216609682863,0.00317222647826547,0.8035172832019406,n/a:input_unavailable,674.0316826677566,552.8040335749191,444,0,1,2,0.20375744288553244,zero
root_stability_iid_0.005,sio2:quartz_beta,full,1649,0.0017517657326480255,0.002501034526587389,0.003126098452242886,0.8035172832019406,n/a:input_unavailable,684.6795635658661,369.00535019231813,898,0,2,2,0.21195177309411806,zero
root_stability_iid_0.005,sio2:tridymite_p63mmc,full,1649,0.0017844833199399804,0.0024468524434919157,0.0030799704262203026,0.8035172832019406,n/a:input_unavailable,695.3274444639758,185.2066668097172,454,0,1,2,0.22033089181395749,zero
zero,hf:bcc,full,1252,n/a:input_unavailable,0.011399840255591053,0.014514649975034311,0.0023961661341853034,0.0023961661341853034,n/a:degenerate_prediction,n/a:degenerate_prediction,n/a:degenerate_prediction,n/a:degenerate_prediction,1,1,0.0,zero
zero,hf:hcp,full,1252,n/a:input_unavailable,0.011399840255591053,0.014514649975034311,0.0023961661341853034,0.0023961661341853034,n/a:degenerate_prediction,n/a:degenerate_prediction,n/a:degenerate_prediction,n/a:degenerate_prediction,1,1,0.0,zero
zero,sio2:cristobalite_beta,full,1649,n/a:input_unavailable,0.0032090932428213907,0.0037701963751909148,0.0,0.0,n/a:degenerate_prediction,n/a:degenerate_prediction,n/a:degenerate_prediction,n/a:degenerate_prediction,1,2,0.0,zero
zero,sio2:quartz_beta,full,1649,n/a:input_unavailable,0.0031737074473312562,0.003722381774424257,0.0,0.0,n/a:degenerate_prediction,n/a:degenerate_prediction,n/a:degenerate_prediction,n/a:degenerate_prediction,2,2,0.0,zero
zero,sio2:tridymite_p63mmc,full,1649,n/a:input_unavailable,0.0031383216518411222,0.0036745671736575984,0.0,0.0,n/a:degenerate_prediction,n/a:degenerate_prediction,n/a:degenerate_prediction,n/a:degenerate_prediction,1,2,0.0,zero
zero,ti:bcc,full,693,n/a:input_unavailable,0.006696825396825395,0.0077712098634448645,0.004329004329004329,0.004329004329004329,n/a:degenerate_prediction,n/a:degenerate_prediction,n/a:degenerate_prediction,n/a:degenerate_prediction,1,1,0.0,zero
zero,ti:hcp,full,693,n/a:input_unavailable,0.006696825396825395,0.0077712098634448645,0.004329004329004329,0.004329004329004329,n/a:degenerate_prediction,n/a:degenerate_prediction,n/a:degenerate_prediction,n/a:degenerate_prediction,1,1,0.0,zero
zero,zr:bcc,full,910,n/a:input_unavailable,0.00759824175824176,0.008687000519280405,0.002197802197802198,0.002197802197802198,n/a:degenerate_prediction,n/a:degenerate_prediction,n/a:degenerate_prediction,n/a:degenerate_prediction,1,1,0.0,zero
zero,zr:hcp,full,910,n/a:input_unavailable,0.00759824175824176,0.008687000519280405,0.002197802197802198,0.002197802197802198,n/a:degenerate_prediction,n/a:degenerate_prediction,n/a:degenerate_prediction,n/a:degenerate_prediction,1,1,0.0,zero
