predictor,G_MAE_eV_per_atom,delta_G_MAE_eV_per_atom,delta_G_RMSE_eV_per_atom,sign_accuracy,ranking_accuracy,Tc_error_K,Tc_err_from_dG_K,false_crossings,missed_crossings,pairs_covered,skill_score,floor_predictor,seed_mean,seed_std
bartel2018,n/a:input_unavailable,n/a:input_unavailable,n/a:input_unavailable,n/a:input_unavailable,n/a:input_unavailable,n/a:input_unavailable,n/a:input_unavailable,n/a:input_unavailable,n/a:input_unavailable,0,n/a:input_unavailable,zero,n/a:no_seed,n/a:no_seed
constant_delta_g,n/a:input_unavailable,n/a:input_unavailable,n/a:input_unavailable,n/a:input_unavailable,n/a:input_unavailable,n/a:input_unavailable,n/a:input_unavailable,n/a:input_unavailable,n/a:input_unavailable,0,n/a:input_unavailable,zero,n/a:no_seed,n/a:no_seed
constant_offset_0.005,n/a:input_unavailable,0.0,0.0,1.0,n/a:input_unavailable,0.0,0.0,0,0,2,n/a:input_unavailable,zero,n/a:no_seed,n/a:no_seed
global_mean_delta_g,n/a:input_unavailable,n/a:input_unavailable,n/a:input_unavailable,n/a:input_unavailable,n/a:input_unavailable,n/a:input_unavailable,n/a:input_unavailable,n/a:input_unavailable,n/a:input_unavailable,0,n/a:input_unavailable,zero,n/a:no_seed,n/a:no_seed
interp_const,n/a:input_unavailable,n/a:input_unavailable,n/a:input_unavailable,n/a:input_unavailable,n/a:input_unavailable,n/a:input_unavailable,n/a:input_unavailable,n/a:input_unavailable,n/a:input_unavailable,0,n/a:input_unavailable,zero,n/a:no_seed,n/a:no_seed
phase_id_mlp,n/a:input_unavailable,n/a:input_unavailable,n/a:input_unavailable,n/a:input_unavailable,n/a:input_unavailable,n/a:input_unavailable,n/a:input_unavailable,n/a:input_unavailable,n/a:input_unavailable,0,n/a:input_unavailable,zero,n/a:no_seed,n/a:no_seed
reference,n/a:input_unavailable,0.0,0.0,1.0,n/a:input_unavailable,0.0,0.0,0,0,2,n/a:input_unavailable,zero,n/a:no_seed,n/a:no_seed
reference_noise_0.005,n/a:input_unavailable,0.0022114394293594594,0.0022114394293594594,0.8262583383869011,n/a:input_unavailable,286.24538720276576,293.03047516755555,0,0,2,n/a:input_unavailable,zero,n/a:no_seed,n/a:no_seed
repr. regression (polynomial),n/a:not_trained_for_split,n/a:not_trained_for_split,n/a:not_trained_for_split,n/a:not_trained_for_split,n/a:not_trained_for_split,n/a:not_trained_for_split,n/a:not_trained_for_split,n/a:not_trained_for_split,n/a:not_trained_for_split,0,n/a:not_trained_for_split,zero,n/a:not_trained_for_split,n/a:not_trained_for_split
repr. regression (tlog),n/a:not_trained_for_split,n/a:not_trained_for_split,n/a:not_trained_for_split,n/a:not_trained_for_split,n/a:not_trained_for_split,n/a:not_trained_for_split,n/a:not_trained_for_split,n/a:not_trained_for_split,n/a:not_trained_for_split,0,n/a:not_trained_for_split,zero,n/a:not_trained_for_split,n/a:not_trained_for_split
root_stability_iid_0.005,n/a:input_unavailable,0.002501034526587389,0.0031260984522428863,0.8035172832019406,n/a:input_unavailable,684.6795635658661,369.00535019231813,898,0,2,n/a:input_unavailable,zero,n/a:no_seed,n/a:no_seed
zero,n/a:input_unavailable,n/a:input_unavailable,n/a:input_unavailable,n/a:input_unavailable,n/a:input_unavailable,n/a:input_unavailable,n/a:input_unavailable,n/a:input_unavailable,n/a:input_unavailable,0,n/a:input_unavailable,zero,n/a:no_seed,n/a:no_seed
