predictor,G_MAE_eV_per_atom,delta_G_MAE_eV_per_atom,delta_G_RMSE_eV_per_atom,sign_accuracy,balanced_sign_accuracy,ranking_accuracy,Tc_error_K,Tc_err_from_dG_K,false_crossings,missed_crossings,pairs_covered,skill_score,floor_predictor,seed_mean,seed_std
E + F_QH,13.78712958895254,0.3338086821896944,0.3373926589546454,0.4844133099824869,0.5,0.4844133099824869,n/a:missed_crossing,n/a:missed_crossing,0,3,3,-35.89900408672705,zero,n/a:no_seed,n/a:no_seed
E + F_QH + r_theta,n/a:not_trained_for_split,n/a:not_trained_for_split,n/a:not_trained_for_split,n/a:not_trained_for_split,n/a:not_trained_for_split,n/a:not_trained_for_split,n/a:not_trained_for_split,n/a:not_trained_for_split,n/a:not_trained_for_split,n/a:not_trained_for_split,0,n/a:not_trained_for_split,zero,n/a:not_trained_for_split,n/a:not_trained_for_split
bartel2018,7.462733139981435,0.1002149996096293,0.10053602715488569,0.4844133099824869,0.5,0.4844133099824869,n/a:missed_crossing,n/a:missed_crossing,0,3,3,-10.077703719059299,zero,n/a:no_seed,n/a:no_seed
constant_delta_g,n/a:input_unavailable,n/a:no_training_phase,n/a:no_training_phase,n/a:no_training_phase,n/a:no_training_phase,n/a:no_training_phase,n/a:no_training_phase,n/a:no_training_phase,n/a:no_training_phase,n/a:no_training_phase,0,n/a:no_training_phase,zero,n/a:no_seed,n/a:no_seed
constant_offset_0.005,0.005000000000000496,7.038516674910252e-18,1.8443038084265943e-17,1.0,n/a:input_unavailable,n/a:input_unavailable,0.0,0.0,0,0,3,0.9999999999999992,zero,n/a:no_seed,n/a:no_seed
constant_sign,n/a:input_unavailable,0.009046549943607705,0.011020301415292626,0.4844133099824869,0.5,0.4844133099824869,n/a:missed_crossing,n/a:missed_crossing,0,3,3,-3.445886020969624e-09,zero,n/a:no_seed,n/a:no_seed
global_mean_delta_g,n/a:input_unavailable,0.010568820432742614,0.012929123066854802,0.3320490367775832,0.5,0.3320490367775832,n/a:missed_crossing,n/a:missed_crossing,0,3,3,-0.16827083640095264,zero,n/a:no_seed,n/a:no_seed
interp_const,n/a:input_unavailable,n/a:no_training_phase,n/a:no_training_phase,n/a:no_training_phase,n/a:no_training_phase,n/a:no_training_phase,n/a:no_training_phase,n/a:no_training_phase,n/a:no_training_phase,n/a:no_training_phase,0,n/a:no_training_phase,zero,n/a:no_seed,n/a:no_seed
phase_id_mlp,n/a:input_unavailable,n/a:no_training_phase,n/a:no_training_phase,n/a:no_training_phase,n/a:no_training_phase,n/a:no_training_phase,n/a:no_training_phase,n/a:no_training_phase,n/a:no_training_phase,n/a:no_training_phase,0,n/a:no_training_phase,zero,n/a:no_seed,n/a:no_seed
reference,0.0,0.0,0.0,1.0,n/a:input_unavailable,n/a:input_unavailable,0.0,0.0,0,0,3,1.0,zero,n/a:no_seed,n/a:no_seed
reference_noise_0.005,0.0027356408589656604,0.0019110095112585814,0.0019110095112585814,0.8568317470559768,n/a:input_unavailable,n/a:input_unavailable,199.63462191158018,200.17983277012078,0,0,3,0.7887581973508009,zero,n/a:no_seed,n/a:no_seed
repr. regression (polynomial),n/a:not_trained_for_split,n/a:not_trained_for_split,n/a:not_trained_for_split,n/a:not_trained_for_split,n/a:not_trained_for_split,n/a:not_trained_for_split,n/a:not_trained_for_split,n/a:not_trained_for_split,n/a:not_trained_for_split,n/a:not_trained_for_split,0,n/a:not_trained_for_split,zero,n/a:not_trained_for_split,n/a:not_trained_for_split
repr. regression (tlog),n/a:not_trained_for_split,n/a:not_trained_for_split,n/a:not_trained_for_split,n/a:not_trained_for_split,n/a:not_trained_for_split,n/a:not_trained_for_split,n/a:not_trained_for_split,n/a:not_trained_for_split,n/a:not_trained_for_split,n/a:not_trained_for_split,0,n/a:not_trained_for_split,zero,n/a:not_trained_for_split,n/a:not_trained_for_split
root_stability_iid_0.005,0.0017823428210505324,0.0025074432507103625,0.0031400279184261065,0.8275528311017906,n/a:input_unavailable,n/a:input_unavailable,538.7873111134695,262.48882979884235,939,0,3,0.7228287827977464,zero,n/a:no_seed,n/a:no_seed
thermo-form fit,n/a:input_unavailable,n/a:no_training_phase,n/a:no_training_phase,n/a:no_training_phase,n/a:no_training_phase,n/a:no_training_phase,n/a:no_training_phase,n/a:no_training_phase,n/a:no_training_phase,n/a:no_training_phase,0,n/a:no_training_phase,zero,n/a:no_seed,n/a:no_seed
zero,n/a:input_unavailable,0.009046549912434325,0.01102030146292659,0.0028021015761821367,0.0,0.0028021015761821367,n/a:degenerate_prediction,n/a:degenerate_prediction,n/a:degenerate_prediction,n/a:degenerate_prediction,3,0.0,zero,n/a:no_seed,n/a:no_seed
