split,fold,held_out_unit,train_frames,test_frames,crossing_in_test,sha256,commit
phase_lopo,hf:bcc,phase,9405,1252,hf:hcp_minus_bcc@1919K=test;sio2:quartz_beta_minus_cristobalite_beta@1542.71K=train;sio2:quartz_beta_minus_tridymite_p63mmc@1582.32K=train;ti:hcp_minus_bcc@1012K=train;zr:hcp_minus_bcc@975.5K=train,ddce0b06a8653aca50dec71278671ab5215e7fe65b984fdef9a0923216e7ea78,7ac47ddf79ebacb9fcd901abbec9eeadf4cb2b78
phase_lopo,hf:hcp,phase,9405,1252,hf:hcp_minus_bcc@1919K=test;sio2:quartz_beta_minus_cristobalite_beta@1542.71K=train;sio2:quartz_beta_minus_tridymite_p63mmc@1582.32K=train;ti:hcp_minus_bcc@1012K=train;zr:hcp_minus_bcc@975.5K=train,ddce0b06a8653aca50dec71278671ab5215e7fe65b984fdef9a0923216e7ea78,7ac47ddf79ebacb9fcd901abbec9eeadf4cb2b78
phase_lopo,sio2:cristobalite_beta,phase,9008,1649,hf:hcp_minus_bcc@1919K=train;sio2:quartz_beta_minus_cristobalite_beta@1542.71K=test;sio2:quartz_beta_minus_tridymite_p63mmc@1582.32K=train;ti:hcp_minus_bcc@1012K=train;zr:hcp_minus_bcc@975.5K=train,ddce0b06a8653aca50dec71278671ab5215e7fe65b984fdef9a0923216e7ea78,7ac47ddf79ebacb9fcd901abbec9eeadf4cb2b78
phase_lopo,sio2:quartz_beta,phase,9008,1649,hf:hcp_minus_bcc@1919K=train;sio2:quartz_beta_minus_cristobalite_beta@1542.71K=test;sio2:quartz_beta_minus_tridymite_p63mmc@1582.32K=test;ti:hcp_minus_bcc@1012K=train;zr:hcp_minus_bcc@975.5K=train,ddce0b06a8653aca50dec71278671ab5215e7fe65b984fdef9a0923216e7ea78,7ac47ddf79ebacb9fcd901abbec9eeadf4cb2b78
phase_lopo,sio2:tridymite_p63mmc,phase,9008,1649,hf:hcp_minus_bcc@1919K=train;sio2:quartz_beta_minus_cristobalite_beta@1542.71K=train;sio2:quartz_beta_minus_tridymite_p63mmc@1582.32K=test;ti:hcp_minus_bcc@1012K=train;zr:hcp_minus_bcc@975.5K=train,ddce0b06a8653aca50dec71278671ab5215e7fe65b984fdef9a0923216e7ea78,7ac47ddf79ebacb9fcd901abbec9eeadf4cb2b78
phase_lopo,ti:bcc,phase,9964,693,hf:hcp_minus_bcc@1919K=train;sio2:quartz_beta_minus_cristobalite_beta@1542.71K=train;sio2:quartz_beta_minus_tridymite_p63mmc@1582.32K=train;ti:hcp_minus_bcc@1012K=test;zr:hcp_minus_bcc@975.5K=train,ddce0b06a8653aca50dec71278671ab5215e7fe65b984fdef9a0923216e7ea78,7ac47ddf79ebacb9fcd901abbec9eeadf4cb2b78
phase_lopo,ti:hcp,phase,9964,693,hf:hcp_minus_bcc@1919K=train;sio2:quartz_beta_minus_cristobalite_beta@1542.71K=train;sio2:quartz_beta_minus_tridymite_p63mmc@1582.32K=train;ti:hcp_minus_bcc@1012K=test;zr:hcp_minus_bcc@975.5K=train,ddce0b06a8653aca50dec71278671ab5215e7fe65b984fdef9a0923216e7ea78,7ac47ddf79ebacb9fcd901abbec9eeadf4cb2b78
phase_lopo,zr:bcc,phase,9747,910,hf:hcp_minus_bcc@1919K=train;sio2:quartz_beta_minus_cristobalite_beta@1542.71K=train;sio2:quartz_beta_minus_tridymite_p63mmc@1582.32K=train;ti:hcp_minus_bcc@1012K=train;zr:hcp_minus_bcc@975.5K=test,ddce0b06a8653aca50dec71278671ab5215e7fe65b984fdef9a0923216e7ea78,7ac47ddf79ebacb9fcd901abbec9eeadf4cb2b78
phase_lopo,zr:hcp,phase,9747,910,hf:hcp_minus_bcc@1919K=train;sio2:quartz_beta_minus_cristobalite_beta@1542.71K=train;sio2:quartz_beta_minus_tridymite_p63mmc@1582.32K=train;ti:hcp_minus_bcc@1012K=train;zr:hcp_minus_bcc@975.5K=test,ddce0b06a8653aca50dec71278671ab5215e7fe65b984fdef9a0923216e7ea78,7ac47ddf79ebacb9fcd901abbec9eeadf4cb2b78
system_loso,hf,system,3206,2504,hf:hcp_minus_bcc@1919K=test;ti:hcp_minus_bcc@1012K=train;zr:hcp_minus_bcc@975.5K=train,136a377ef10c77c67b8bc0657037eb8ed3146ae82ce212b6a304b569c90becc0,7ac47ddf79ebacb9fcd901abbec9eeadf4cb2b78
system_loso,ti,system,4324,1386,hf:hcp_minus_bcc@1919K=train;ti:hcp_minus_bcc@1012K=test;zr:hcp_minus_bcc@975.5K=train,136a377ef10c77c67b8bc0657037eb8ed3146ae82ce212b6a304b569c90becc0,7ac47ddf79ebacb9fcd901abbec9eeadf4cb2b78
system_loso,zr,system,3890,1820,hf:hcp_minus_bcc@1919K=train;ti:hcp_minus_bcc@1012K=train;zr:hcp_minus_bcc@975.5K=test,136a377ef10c77c67b8bc0657037eb8ed3146ae82ce212b6a304b569c90becc0,7ac47ddf79ebacb9fcd901abbec9eeadf4cb2b78
temp_extrap,all,temperature,3952,6705,hf:hcp_minus_bcc@1919K=test;sio2:quartz_beta_minus_cristobalite_beta@1542.71K=test;sio2:quartz_beta_minus_tridymite_p63mmc@1582.32K=test;ti:hcp_minus_bcc@1012K=test;zr:hcp_minus_bcc@975.5K=test,30ede38197139d5e2e7aebb33580f2e050c71d1062b68dbe807abdeba9c9d845,7ac47ddf79ebacb9fcd901abbec9eeadf4cb2b78
