T_K,F_QH_eV_per_atom,E_static_eV_per_atom,volume_scale,min_frequency_THz
835,-6.708837883638521,-6.429423451423645,1.02,0.456527909131
836,-6.709433130782009,-6.429423451423645,1.02,0.456527909131
837,-6.71002868484813,-6.429423451423645,1.02,0.456527909131
838,-6.710624545475673,-6.429423451423645,1.02,0.456527909131
839,-6.711220712304272,-6.429423451423645,1.02,0.456527909131
840,-6.711817184974396,-6.429423451423645,1.02,0.456527909131
841,-6.712413963127355,-6.429423451423645,1.02,0.456527909131
842,-6.713011046405293,-6.429423451423645,1.02,0.456527909131
843,-6.713608434451181,-6.429423451423645,1.02,0.456527909131
844,-6.714206126908823,-6.429423451423645,1.02,0.456527909131
845,-6.714804123422843,-6.429423451423645,1.02,0.456527909131
846,-6.715402423638694,-6.429423451423645,1.02,0.456527909131
847,-6.716001027202642,-6.429423451423645,1.02,0.456527909131
848,-6.716599933761773,-6.429423451423645,1.02,0.456527909131
849,-6.71719914296399,-6.429423451423645,1.02,0.456527909131
850,-6.717798654458,-6.429423451423645,1.02,0.456527909131
851,-6.718398467893326,-6.429423451423645,1.02,0.456527909131
852,-6.718998582920291,-6.429423451423645,1.02,0.456527909131
853,-6.719598999190024,-6.429423451423645,1.02,0.456527909131
854,-6.720199716354453,-6.429423451423645,1.02,0.456527909131
855,-6.720800734066304,-6.429423451423645,1.02,0.456527909131
856,-6.721402051979099,-6.429423451423645,1.02,0.456527909131
857,-6.722003669747147,-6.429423451423645,1.02,0.456527909131
858,-6.722605587025553,-6.429423451423645,1.02,0.456527909131
859,-6.723207803470205,-6.429423451423645,1.02,0.456527909131
860,-6.723810318737775,-6.429423451423645,1.02,0.456527909131
861,-6.724413132485718,-6.429423451423645,1.02,0.456527909131
862,-6.725016244372265,-6.429423451423645,1.02,0.456527909131
863,-6.725619654056425,-6.429423451423645,1.02,0.456527909131
864,-6.72622336119798,-6.429423451423645,1.02,0.456527909131
865,-6.726827365457485,-6.429423451423645,1.02,0.456527909131
866,-6.727431666496258,-6.429423451423645,1.02,0.456527909131
867,-6.72803626397639,-6.429423451423645,1.02,0.456527909131
868,-6.728641157560727,-6.429423451423645,1.02,0.456527909131
869,-6.72924634691288,-6.429423451423645,1.02,0.456527909131
870,-6.72985183169722,-6.429423451423645,1.02,0.456527909131
871,-6.730457611578869,-6.429423451423645,1.02,0.456527909131
872,-6.731063686223703,-6.429423451423645,1.02,0.456527909131
873,-6.73167005529835,-6.429423451423645,1.02,0.456527909131
874,-6.732276718470187,-6.429423451423645,1.02,0.456527909131
875,-6.73288367540733,-6.429423451423645,1.02,0.456527909131
876,-6.733490925778646,-6.429423451423645,1.02,0.456527909131
877,-6.734098469253738,-6.429423451423645,1.02,0.456527909131
878,-6.734706305502947,-6.429423451423645,1.02,0.456527909131
879,-6.735314434197349,-6.429423451423645,1.02,0.456527909131
880,-6.735922855008756,-6.429423451423645,1.02,0.456527909131
881,-6.736531567609708,-6.429423451423645,1.02,0.456527909131
882,-6.737140571673475,-6.429423451423645,1.02,0.456527909131
883,-6.737749866874051,-6.429423451423645,1.02,0.456527909131
884,-6.738359452886154,-6.429423451423645,1.02,0.456527909131
885,-6.738969329385225,-6.429423451423645,1.02,0.456527909131
886,-6.73957949604742,-6.429423451423645,1.02,0.456527909131
887,-6.740189952549613,-6.429423451423645,1.02,0.456527909131
888,-6.740800698569395,-6.429423451423645,1.02,0.456527909131
889,-6.741411733785064,-6.429423451423645,1.02,0.456527909131
890,-6.742023057875628,-6.429423451423645,1.02,0.456527909131
891,-6.742634670520804,-6.429423451423645,1.02,0.456527909131
892,-6.743246571401012,-6.429423451423645,1.02,0.456527909131
893,-6.743858760197376,-6.429423451423645,1.02,0.456527909131
894,-6.744471236591717,-6.429423451423645,1.02,0.456527909131
895,-6.745084000266556,-6.429423451423645,1.02,0.456527909131
896,-6.74569705090511,-6.429423451423645,1.02,0.456527909131
897,-6.746310388191286,-6.429423451423645,1.02,0.456527909131
898,-6.746924011809686,-6.429423451423645,1.02,0.456527909131
899,-6.747537921445598,-6.429423451423645,1.02,0.456527909131
900,-6.748152116784997,-6.429423451423645,1.02,0.456527909131
901,-6.748766597514542,-6.429423451423645,1.02,0.456527909131
902,-6.749381363321574,-6.429423451423645,1.02,0.456527909131
903,-6.749996413894114,-6.429423451423645,1.02,0.456527909131
904,-6.750611748920861,-6.429423451423645,1.02,0.456527909131
905,-6.75122736809119,-6.429423451423645,1.02,0.456527909131
906,-6.751843271095145,-6.429423451423645,1.02,0.456527909131
907,-6.752459457623448,-6.429423451423645,1.02,0.456527909131
908,-6.753075927367483,-6.429423451423645,1.02,0.456527909131
909,-6.753692680019306,-6.429423451423645,1.02,0.456527909131
910,-6.754309715271633,-6.429423451423645,1.02,0.456527909131
911,-6.754927032817846,-6.429423451423645,1.02,0.456527909131
912,-6.755544632351986,-6.429423451423645,1.02,0.456527909131
913,-6.756162513568754,-6.429423451423645,1.02,0.456527909131
914,-6.756780676163501,-6.429423451423645,1.02,0.456527909131
915,-6.757399119832241,-6.429423451423645,1.02,0.456527909131
916,-6.758017844271632,-6.429423451423645,1.02,0.456527909131
917,-6.758636849178987,-6.429423451423645,1.02,0.456527909131
918,-6.759256134252264,-6.429423451423645,1.02,0.456527909131
919,-6.759875699190067,-6.429423451423645,1.02,0.456527909131
920,-6.760495543691645,-6.429423451423645,1.02,0.456527909131
921,-6.761115667456886,-6.429423451423645,1.02,0.456527909131
922,-6.761736070186323,-6.429423451423645,1.02,0.456527909131
923,-6.762356751581119,-6.429423451423645,1.02,0.456527909131
924,-6.762977711343077,-6.429423451423645,1.02,0.456527909131
925,-6.763598949174634,-6.429423451423645,1.02,0.456527909131
926,-6.764220464778856,-6.429423451423645,1.02,0.456527909131
927,-6.76484225785944,-6.429423451423645,1.02,0.456527909131
928,-6.765464328120711,-6.429423451423645,1.02,0.456527909131
929,-6.766086675267617,-6.429423451423645,1.02,0.456527909131
930,-6.766709299005734,-6.429423451423645,1.02,0.456527909131
931,-6.767332199041253,-6.429423451423645,1.02,0.456527909131
932,-6.767955375080993,-6.429423451423645,1.02,0.456527909131
933,-6.768578826832382,-6.429423451423645,1.02,0.456527909131
934,-6.769202554003471,-6.429423451423645,1.02,0.456527909131
935,-6.769826556302919,-6.429423451423645,1.02,0.456527909131
936,-6.770450833440002,-6.429423451423645,1.02,0.456527909131
937,-6.771075385124603,-6.429423451423645,1.02,0.456527909131
938,-6.771700211067214,-6.429423451423645,1.02,0.456527909131
939,-6.772325310978931,-6.429423451423645,1.02,0.456527909131
940,-6.772950684571459,-6.429423451423645,1.02,0.456527909131
941,-6.773576331557101,-6.429423451423645,1.02,0.456527909131
942,-6.774202251648763,-6.429423451423645,1.02,0.456527909131
943,-6.774828444559947,-6.429423451423645,1.02,0.456527909131
944,-6.775454910004756,-6.429423451423645,1.02,0.456527909131
945,-6.776081647697884,-6.429423451423645,1.02,0.456527909131
946,-6.776708657354621,-6.429423451423645,1.02,0.456527909131
947,-6.777335938690846,-6.429423451423645,1.02,0.456527909131
948,-6.777963491423028,-6.429423451423645,1.02,0.456527909131
949,-6.778591315268226,-6.429423451423645,1.02,0.456527909131
950,-6.779219409944082,-6.429423451423645,1.02,0.456527909131
951,-6.779847775168822,-6.429423451423645,1.02,0.456527909131
952,-6.780476410661256,-6.429423451423645,1.02,0.456527909131
953,-6.781105316140774,-6.429423451423645,1.02,0.456527909131
954,-6.781734491327343,-6.429423451423645,1.02,0.456527909131
955,-6.782363935941509,-6.429423451423645,1.02,0.456527909131
956,-6.782993649704392,-6.429423451423645,1.02,0.456527909131
957,-6.783623632337685,-6.429423451423645,1.02,0.456527909131
958,-6.784253883563654,-6.429423451423645,1.02,0.456527909131
959,-6.784884403105133,-6.429423451423645,1.02,0.456527909131
960,-6.785515190685525,-6.429423451423645,1.02,0.456527909131
961,-6.7861462460288,-6.429423451423645,1.02,0.456527909131
962,-6.786777568859493,-6.429423451423645,1.02,0.456527909131
963,-6.787409158902697,-6.429423451423645,1.02,0.456527909131
964,-6.788041015884074,-6.429423451423645,1.02,0.456527909131
965,-6.78867313952984,-6.429423451423645,1.02,0.456527909131
966,-6.78930552956677,-6.429423451423645,1.02,0.456527909131
967,-6.789938185722195,-6.429423451423645,1.02,0.456527909131
968,-6.790571107724002,-6.429423451423645,1.02,0.456527909131
969,-6.79120429530063,-6.429423451423645,1.02,0.456527909131
970,-6.791837748181067,-6.429423451423645,1.02,0.456527909131
971,-6.792471466094852,-6.429423451423645,1.02,0.456527909131
972,-6.793105448772073,-6.429423451423645,1.02,0.456527909131
973,-6.793739695943362,-6.429423451423645,1.02,0.456527909131
974,-6.794374207339896,-6.429423451423645,1.02,0.456527909131
975,-6.795008982693395,-6.429423451423645,1.02,0.456527909131
976,-6.795644021736121,-6.429423451423645,1.02,0.456527909131
977,-6.796279324200873,-6.429423451423645,1.02,0.456527909131
978,-6.796914889820991,-6.429423451423645,1.02,0.456527909131
979,-6.797550718330351,-6.429423451423645,1.02,0.456527909131
980,-6.798186809463361,-6.429423451423645,1.02,0.456527909131
981,-6.798823162954963,-6.429423451423645,1.02,0.456527909131
982,-6.799459778540632,-6.429423451423645,1.02,0.456527909131
983,-6.800096655956373,-6.429423451423645,1.02,0.456527909131
984,-6.800733794938716,-6.429423451423645,1.02,0.456527909131
985,-6.801371195224723,-6.429423451423645,1.02,0.456527909131
986,-6.802008856551976,-6.429423451423645,1.02,0.456527909131
987,-6.802646778658585,-6.429423451423645,1.02,0.456527909131
988,-6.803284961283178,-6.429423451423645,1.02,0.456527909131
989,-6.803923404164908,-6.429423451423645,1.02,0.456527909131
990,-6.804562107043442,-6.429423451423645,1.02,0.456527909131
991,-6.805201069658969,-6.429423451423645,1.02,0.456527909131
992,-6.80584029175219,-6.429423451423645,1.02,0.456527909131
993,-6.806479773064324,-6.429423451423645,1.02,0.456527909131
994,-6.8071195133371,-6.429423451423645,1.02,0.456527909131
995,-6.80775951231276,-6.429423451423645,1.02,0.456527909131
996,-6.808399769734055,-6.429423451423645,1.02,0.456527909131
997,-6.809040285344244,-6.429423451423645,1.02,0.456527909131
998,-6.809681058887094,-6.429423451423645,1.02,0.456527909131
999,-6.810322090106877,-6.429423451423645,1.02,0.456527909131
1000,-6.810963378748368,-6.429423451423645,1.02,0.456527909131
1001,-6.811604924556844,-6.429423451423645,1.02,0.456527909131
1002,-6.812246727278087,-6.429423451423645,1.02,0.456527909131
1003,-6.812888786658372,-6.429423451423645,1.02,0.456527909131
1004,-6.813531102444477,-6.429423451423645,1.02,0.456527909131
1005,-6.814173674383674,-6.429423451423645,1.02,0.456527909131
1006,-6.814816502223732,-6.429423451423645,1.02,0.456527909131
1007,-6.815459585712912,-6.429423451423645,1.02,0.456527909131
1008,-6.816102924599966,-6.429423451423645,1.02,0.456527909131
1009,-6.816746518634141,-6.429423451423645,1.02,0.456527909131
1010,-6.817390367565168,-6.429423451423645,1.02,0.456527909131
1011,-6.818034471143271,-6.429423451423645,1.02,0.456527909131
1012,-6.818678829119157,-6.429423451423645,1.02,0.456527909131
1013,-6.819323441244019,-6.429423451423645,1.02,0.456527909131
1014,-6.819968307269534,-6.429423451423645,1.02,0.456527909131
1015,-6.82061342694786,-6.429423451423645,1.02,0.456527909131
1016,-6.821258800031639,-6.429423451423645,1.02,0.456527909131
1017,-6.821904426273989,-6.429423451423645,1.02,0.456527909131
1018,-6.822550305428507,-6.429423451423645,1.02,0.456527909131
1019,-6.823196437249268,-6.429423451423645,1.02,0.456527909131
1020,-6.823842821490822,-6.429423451423645,1.02,0.456527909131
1021,-6.824489457908191,-6.429423451423645,1.02,0.456527909131
1022,-6.825136346256872,-6.429423451423645,1.02,0.456527909131
1023,-6.825783486292832,-6.429423451423645,1.02,0.456527909131
1024,-6.826430877772507,-6.429423451423645,1.02,0.456527909131
1025,-6.827078520452805,-6.429423451423645,1.02,0.456527909131
1026,-6.827726414091098,-6.429423451423645,1.02,0.456527909131
1027,-6.828374558445224,-6.429423451423645,1.02,0.456527909131
1028,-6.829022953273486,-6.429423451423645,1.02,0.456527909131
1029,-6.829671598334651,-6.429423451423645,1.02,0.456527909131
1030,-6.830320493387947,-6.429423451423645,1.02,0.456527909131
1031,-6.830969638193064,-6.429423451423645,1.02,0.456527909131
1032,-6.831619032510149,-6.429423451423645,1.02,0.456527909131
1033,-6.832268676099808,-6.429423451423645,1.02,0.456527909131
1034,-6.832918568723104,-6.429423451423645,1.02,0.456527909131
1035,-6.833568710141555,-6.429423451423645,1.02,0.456527909131
1036,-6.834219100117132,-6.429423451423645,1.02,0.456527909131
1037,-6.834869738412261,-6.429423451423645,1.02,0.456527909131
1038,-6.835520624789816,-6.429423451423645,1.02,0.456527909131
1039,-6.836171759013126,-6.429423451423645,1.02,0.456527909131
1040,-6.836823140845965,-6.429423451423645,1.02,0.456527909131
1041,-6.837474770052557,-6.429423451423645,1.02,0.456527909131
1042,-6.838126646397569,-6.429423451423645,1.02,0.456527909131
1043,-6.838778769646117,-6.429423451423645,1.02,0.456527909131
1044,-6.839431139563759,-6.429423451423645,1.02,0.456527909131
1045,-6.840083755916496,-6.429423451423645,1.02,0.456527909131
1046,-6.84073661847077,-6.429423451423645,1.02,0.456527909131
1047,-6.841389726993463,-6.429423451423645,1.02,0.456527909131
1048,-6.842043081251896,-6.429423451423645,1.02,0.456527909131
1049,-6.842696681013829,-6.429423451423645,1.02,0.456527909131
1050,-6.843350526047456,-6.429423451423645,1.02,0.456527909131
1051,-6.844004616121408,-6.429423451423645,1.02,0.456527909131
1052,-6.84465895100475,-6.429423451423645,1.02,0.456527909131
1053,-6.845313530466978,-6.429423451423645,1.02,0.456527909131
1054,-6.845968354278021,-6.429423451423645,1.02,0.456527909131
1055,-6.846623422208239,-6.429423451423645,1.02,0.456527909131
1056,-6.84727873402842,-6.429423451423645,1.02,0.456527909131
1057,-6.84793428950978,-6.429423451423645,1.02,0.456527909131
1058,-6.848590088423961,-6.429423451423645,1.02,0.456527909131
1059,-6.849246130543034,-6.429423451423645,1.02,0.456527909131
1060,-6.849902415639489,-6.429423451423645,1.02,0.456527909131
1061,-6.850558943486246,-6.429423451423645,1.02,0.456527909131
1062,-6.851215713856639,-6.429423451423645,1.02,0.456527909131
1063,-6.851872726524429,-6.429423451423645,1.02,0.456527909131
1064,-6.852529981263795,-6.429423451423645,1.02,0.456527909131
1065,-6.853187477849334,-6.429423451423645,1.02,0.456527909131
1066,-6.853845216056062,-6.429423451423645,1.02,0.456527909131
1067,-6.854503195659408,-6.429423451423645,1.02,0.456527909131
1068,-6.855161416435219,-6.429423451423645,1.02,0.456527909131
1069,-6.855819878159754,-6.429423451423645,1.02,0.456527909131
1070,-6.856478580609688,-6.429423451423645,1.02,0.456527909131
1071,-6.857137523562104,-6.429423451423645,1.02,0.456527909131
1072,-6.857796706794496,-6.429423451423645,1.02,0.456527909131
1073,-6.858456130084772,-6.429423451423645,1.02,0.456527909131
1074,-6.85911579321124,-6.429423451423645,1.02,0.456527909131
1075,-6.859775695952623,-6.429423451423645,1.02,0.456527909131
1076,-6.860435838088047,-6.429423451423645,1.02,0.456527909131
1077,-6.861096219397041,-6.429423451423645,1.02,0.456527909131
1078,-6.861756839659542,-6.429423451423645,1.02,0.456527909131
1079,-6.862417698655885,-6.429423451423645,1.02,0.456527909131
1080,-6.86307879616681,-6.429423451423645,1.02,0.456527909131
1081,-6.863740131973457,-6.429423451423645,1.02,0.456527909131
1082,-6.864401705857365,-6.429423451423645,1.02,0.456527909131
1083,-6.865063517600472,-6.429423451423645,1.02,0.456527909131
1084,-6.865725566985111,-6.429423451423645,1.02,0.456527909131
1085,-6.866387853794013,-6.429423451423645,1.02,0.456527909131
1086,-6.867050377810306,-6.429423451423645,1.02,0.456527909131
1087,-6.867713138817508,-6.429423451423645,1.02,0.456527909131
1088,-6.868376136599533,-6.429423451423645,1.02,0.456527909131
1089,-6.869039370940685,-6.429423451423645,1.02,0.456527909131
1090,-6.869702841625661,-6.429423451423645,1.02,0.456527909131
1091,-6.870366548439545,-6.429423451423645,1.02,0.456527909131
1092,-6.871030491167812,-6.429423451423645,1.02,0.456527909131
1093,-6.871694669596325,-6.429423451423645,1.02,0.456527909131
1094,-6.872359083511332,-6.429423451423645,1.02,0.456527909131
1095,-6.873023732699467,-6.429423451423645,1.02,0.456527909131
1096,-6.873688616947748,-6.429423451423645,1.02,0.456527909131
1097,-6.874353736043578,-6.429423451423645,1.02,0.456527909131
1098,-6.875019089774743,-6.429423451423645,1.02,0.456527909131
1099,-6.875684677929408,-6.429423451423645,1.02,0.456527909131
1100,-6.87635050029612,-6.429423451423645,1.02,0.456527909131
1101,-6.877016556663805,-6.429423451423645,1.02,0.456527909131
1102,-6.877682846821769,-6.429423451423645,1.02,0.456527909131
1103,-6.878349370559692,-6.429423451423645,1.02,0.456527909131
1104,-6.879016127667635,-6.429423451423645,1.02,0.456527909131
1105,-6.879683117936029,-6.429423451423645,1.02,0.456527909131
1106,-6.880350341155684,-6.429423451423645,1.02,0.456527909131
1107,-6.881017797117781,-6.429423451423645,1.02,0.456527909131
1108,-6.881685485613875,-6.429423451423645,1.02,0.456527909131
1109,-6.88235340643589,-6.429423451423645,1.02,0.456527909131
1110,-6.883021559376123,-6.429423451423645,1.02,0.456527909131
1111,-6.883689944227238,-6.429423451423645,1.02,0.456527909131
1112,-6.884358560782271,-6.429423451423645,1.02,0.456527909131
1113,-6.885027408834621,-6.429423451423645,1.02,0.456527909131
1114,-6.885696488178056,-6.429423451423645,1.02,0.456527909131
1115,-6.886365798606712,-6.429423451423645,1.02,0.456527909131
1116,-6.887035339915084,-6.429423451423645,1.02,0.456527909131
1117,-6.887705111898033,-6.429423451423645,1.02,0.456527909131
1118,-6.888375114350786,-6.429423451423645,1.02,0.456527909131
1119,-6.889045347068926,-6.429423451423645,1.02,0.456527909131
1120,-6.889715809848402,-6.429423451423645,1.02,0.456527909131
1121,-6.890386502485518,-6.429423451423645,1.02,0.456527909131
1122,-6.891057424776941,-6.429423451423645,1.02,0.456527909131
1123,-6.891728576519694,-6.429423451423645,1.02,0.456527909131
1124,-6.892399957511155,-6.429423451423645,1.02,0.456527909131
1125,-6.893071567549063,-6.429423451423645,1.02,0.456527909131
1126,-6.893743406431506,-6.429423451423645,1.02,0.456527909131
1127,-6.894415473956933,-6.429423451423645,1.02,0.456527909131
1128,-6.895087769924138,-6.429423451423645,1.02,0.456527909131
1129,-6.895760294132276,-6.429423451423645,1.02,0.456527909131
1130,-6.896433046380848,-6.429423451423645,1.02,0.456527909131
1131,-6.897106026469705,-6.429423451423645,1.02,0.456527909131
1132,-6.897779234199051,-6.429423451423645,1.02,0.456527909131
1133,-6.898452669369437,-6.429423451423645,1.02,0.456527909131
1134,-6.899126331781761,-6.429423451423645,1.02,0.456527909131
1135,-6.899800221237268,-6.429423451423645,1.02,0.456527909131
1136,-6.90047433753755,-6.429423451423645,1.02,0.456527909131
1137,-6.901148680484543,-6.429423451423645,1.02,0.456527909131
1138,-6.901823249880529,-6.429423451423645,1.02,0.456527909131
1139,-6.90249804552813,-6.429423451423645,1.02,0.456527909131
1140,-6.903173067230314,-6.429423451423645,1.02,0.456527909131
1141,-6.903848314790386,-6.429423451423645,1.02,0.456527909131
1142,-6.904523788011997,-6.429423451423645,1.02,0.456527909131
1143,-6.905199486699134,-6.429423451423645,1.02,0.456527909131
1144,-6.905875410656122,-6.429423451423645,1.02,0.456527909131
1145,-6.906551559687628,-6.429423451423645,1.02,0.456527909131
1146,-6.907227933598653,-6.429423451423645,1.02,0.456527909131
1147,-6.907904532194535,-6.429423451423645,1.02,0.456527909131
1148,-6.908581355280948,-6.429423451423645,1.02,0.456527909131
1149,-6.909258402663898,-6.429423451423645,1.02,0.456527909131
1150,-6.909935674149728,-6.429423451423645,1.02,0.456527909131
1151,-6.910613169545113,-6.429423451423645,1.02,0.456527909131
1152,-6.911290888657057,-6.429423451423645,1.02,0.456527909131
1153,-6.911968831292898,-6.429423451423645,1.02,0.456527909131
1154,-6.912646997260303,-6.429423451423645,1.02,0.456527909131
1155,-6.913325386367271,-6.429423451423645,1.02,0.456527909131
1156,-6.914003998422126,-6.429423451423645,1.02,0.456527909131
1157,-6.91468283323352,-6.429423451423645,1.02,0.456527909131
1158,-6.915361890610434,-6.429423451423645,1.02,0.456527909131
1159,-6.916041170362174,-6.429423451423645,1.02,0.456527909131
1160,-6.916720672298371,-6.429423451423645,1.02,0.456527909131
1161,-6.91740039622898,-6.429423451423645,1.02,0.456527909131
1162,-6.918080341964281,-6.429423451423645,1.02,0.456527909131
1163,-6.918760509314875,-6.429423451423645,1.02,0.456527909131
1164,-6.919440898091685,-6.429423451423645,1.02,0.456527909131
1165,-6.920121508105957,-6.429423451423645,1.02,0.456527909131
1166,-6.920802339169256,-6.429423451423645,1.02,0.456527909131
1167,-6.921483391093465,-6.429423451423645,1.02,0.456527909131
1168,-6.92216466369079,-6.429423451423645,1.02,0.456527909131
1169,-6.922846156773748,-6.429423451423645,1.02,0.456527909131
1170,-6.923527870155181,-6.429423451423645,1.02,0.456527909131
1171,-6.924209803648241,-6.429423451423645,1.02,0.456527909131
1172,-6.924891957066396,-6.429423451423645,1.02,0.456527909131
1173,-6.925574330223434,-6.429423451423645,1.02,0.456527909131
1174,-6.926256922933451,-6.429423451423645,1.02,0.456527909131
1175,-6.926939735010859,-6.429423451423645,1.02,0.456527909131
1176,-6.927622766270381,-6.429423451423645,1.02,0.456527909131
1177,-6.928306016527053,-6.429423451423645,1.02,0.456527909131
1178,-6.928989485596219,-6.429423451423645,1.02,0.456527909131
1179,-6.929673173293535,-6.429423451423645,1.02,0.456527909131
1180,-6.930357079434968,-6.429423451423645,1.02,0.456527909131
1181,-6.93104120383679,-6.429423451423645,1.02,0.456527909131
1182,-6.93172554631558,-6.429423451423645,1.02,0.456527909131
1183,-6.932410106688229,-6.429423451423645,1.02,0.456527909131
1184,-6.933094884771927,-6.429423451423645,1.02,0.456527909131
1185,-6.933779880384176,-6.429423451423645,1.02,0.456527909131
1186,-6.934465093342779,-6.429423451423645,1.02,0.456527909131
1187,-6.935150523465842,-6.429423451423645,1.02,0.456527909131
1188,-6.935836170571777,-6.429423451423645,1.02,0.456527909131
1189,-6.936522034479295,-6.429423451423645,1.02,0.456527909131
1190,-6.937208115007413,-6.429423451423645,1.02,0.456527909131
1191,-6.937894411975444,-6.429423451423645,1.02,0.456527909131
1192,-6.938580925203002,-6.429423451423645,1.02,0.456527909131
1193,-6.939267654510005,-6.429423451423645,1.02,0.456527909131
1194,-6.939954599716662,-6.429423451423645,1.02,0.456527909131
1195,-6.940641760643486,-6.429423451423645,1.02,0.456527909131
1196,-6.941329137111285,-6.429423451423645,1.02,0.456527909131
1197,-6.942016728941161,-6.429423451423645,1.02,0.456527909131
1198,-6.942704535954515,-6.429423451423645,1.02,0.456527909131
1199,-6.943392557973043,-6.429423451423645,1.02,0.456527909131
1200,-6.944080794818731,-6.429423451423645,1.02,0.456527909131
1201,-6.944769246313864,-6.429423451423645,1.02,0.456527909131
1202,-6.945457912281015,-6.429423451423645,1.02,0.456527909131
1203,-6.946146792543051,-6.429423451423645,1.02,0.456527909131
1204,-6.946835886923132,-6.429423451423645,1.02,0.456527909131
1205,-6.947525195244705,-6.429423451423645,1.02,0.456527909131
1206,-6.948214717331508,-6.429423451423645,1.02,0.456527909131
1207,-6.94890445300757,-6.429423451423645,1.02,0.456527909131
1208,-6.949594402097207,-6.429423451423645,1.02,0.456527909131
1209,-6.950284564425023,-6.429423451423645,1.02,0.456527909131
1210,-6.950974939815908,-6.429423451423645,1.02,0.456527909131
1211,-6.95166552809504,-6.429423451423645,1.02,0.456527909131
1212,-6.95235632908788,-6.429423451423645,1.02,0.456527909131
1213,-6.953047342620179,-6.429423451423645,1.02,0.456527909131
1214,-6.953738568517966,-6.429423451423645,1.02,0.456527909131
1215,-6.954430006607558,-6.429423451423645,1.02,0.456527909131
1216,-6.955121656715552,-6.429423451423645,1.02,0.456527909131
1217,-6.95581351866883,-6.429423451423645,1.02,0.456527909131
1218,-6.956505592294552,-6.429423451423645,1.02,0.456527909131
1219,-6.957197877420162,-6.429423451423645,1.02,0.456527909131
1220,-6.957890373873383,-6.429423451423645,1.02,0.456527909131
1221,-6.958583081482216,-6.429423451423645,1.02,0.456527909131
1222,-6.959276000074943,-6.429423451423645,1.02,0.456527909131
1223,-6.959969129480123,-6.429423451423645,1.02,0.456527909131
1224,-6.960662469526591,-6.429423451423645,1.02,0.456527909131
1225,-6.961356020043462,-6.429423451423645,1.02,0.456527909131
1226,-6.962049780860124,-6.429423451423645,1.02,0.456527909131
1227,-6.962743751806243,-6.429423451423645,1.02,0.456527909131
1228,-6.963437932711757,-6.429423451423645,1.02,0.456527909131
1229,-6.964132323406879,-6.429423451423645,1.02,0.456527909131
1230,-6.964826923722098,-6.429423451423645,1.02,0.456527909131
1231,-6.965521733488171,-6.429423451423645,1.02,0.456527909131
1232,-6.966216752536131,-6.429423451423645,1.02,0.456527909131
1233,-6.966911980697282,-6.429423451423645,1.02,0.456527909131
1234,-6.967607417803196,-6.429423451423645,1.02,0.456527909131
1235,-6.968303063685718,-6.429423451423645,1.02,0.456527909131
1236,-6.968998918176961,-6.429423451423645,1.02,0.456527909131
1237,-6.969694981109308,-6.429423451423645,1.02,0.456527909131
1238,-6.97039125231541,-6.429423451423645,1.02,0.456527909131
1239,-6.971087731628184,-6.429423451423645,1.02,0.456527909131
1240,-6.971784418880816,-6.429423451423645,1.02,0.456527909131
1241,-6.972481313906756,-6.429423451423645,1.02,0.456527909131
1242,-6.973178416539723,-6.429423451423645,1.02,0.456527909131
1243,-6.973875726613698,-6.429423451423645,1.02,0.456527909131
1244,-6.974573243962928,-6.429423451423645,1.02,0.456527909131
1245,-6.975270968421921,-6.429423451423645,1.02,0.456527909131
1246,-6.975968899825453,-6.429423451423645,1.02,0.456527909131
1247,-6.97666703800856,-6.429423451423645,1.02,0.456527909131
1248,-6.977365382806537,-6.429423451423645,1.02,0.456527909131
1249,-6.978063934054947,-6.429423451423645,1.02,0.456527909131
1250,-6.978762691589606,-6.429423451423645,1.02,0.456527909131
1251,-6.979461655246594,-6.429423451423645,1.02,0.456527909131
1252,-6.980160824862253,-6.429423451423645,1.02,0.456527909131
1253,-6.980860200273178,-6.429423451423645,1.02,0.456527909131
1254,-6.981559781316227,-6.429423451423645,1.02,0.456527909131
1255,-6.982259567828513,-6.429423451423645,1.02,0.456527909131
1256,-6.982959559647406,-6.429423451423645,1.02,0.456527909131
1257,-6.983659756610535,-6.429423451423645,1.02,0.456527909131
1258,-6.98436015855578,-6.429423451423645,1.02,0.456527909131
1259,-6.985060765321281,-6.429423451423645,1.02,0.456527909131
1260,-6.985761576745429,-6.429423451423645,1.02,0.456527909131
1261,-6.986462592666872,-6.429423451423645,1.02,0.456527909131
1262,-6.98716381292451,-6.429423451423645,1.02,0.456527909131
1263,-6.987865237357495,-6.429423451423645,1.02,0.456527909131
1264,-6.98856686580523,-6.429423451423645,1.02,0.456527909131
1265,-6.989268698107375,-6.429423451423645,1.02,0.456527909131
1266,-6.989970734103834,-6.429423451423645,1.02,0.456527909131
1267,-6.990672973634767,-6.429423451423645,1.02,0.456527909131
1268,-6.991375416540582,-6.429423451423645,1.02,0.456527909131
1269,-6.992078062661935,-6.429423451423645,1.02,0.456527909131
1270,-6.992780911839731,-6.429423451423645,1.02,0.456527909131
1271,-6.993483963915124,-6.429423451423645,1.02,0.456527909131
1272,-6.994187218729517,-6.429423451423645,1.02,0.456527909131
1273,-6.994890676124555,-6.429423451423645,1.02,0.456527909131
1274,-6.995594335942135,-6.429423451423645,1.02,0.456527909131
1275,-6.996298198024396,-6.429423451423645,1.02,0.456527909131
1276,-6.997002262213725,-6.429423451423645,1.02,0.456527909131
1277,-6.99770652835275,-6.429423451423645,1.02,0.456527909131
1278,-6.998410996284345,-6.429423451423645,1.02,0.456527909131
1279,-6.99911566585163,-6.429423451423645,1.02,0.456527909131
1280,-6.999820536897965,-6.429423451423645,1.02,0.456527909131
1281,-7.000525609266953,-6.429423451423645,1.02,0.456527909131
1282,-7.001230882802437,-6.429423451423645,1.02,0.456527909131
1283,-7.001936357348506,-6.429423451423645,1.02,0.456527909131
1284,-7.002642032749485,-6.429423451423645,1.02,0.456527909131
1285,-7.003347908849942,-6.429423451423645,1.02,0.456527909131
1286,-7.004053985494683,-6.429423451423645,1.02,0.456527909131
1287,-7.004760262528754,-6.429423451423645,1.02,0.456527909131
1288,-7.005466739797439,-6.429423451423645,1.02,0.456527909131
1289,-7.006173417146259,-6.429423451423645,1.02,0.456527909131
1290,-7.006880294420977,-6.429423451423645,1.02,0.456527909131
1291,-7.007587371467586,-6.429423451423645,1.02,0.456527909131
1292,-7.008294648132321,-6.429423451423645,1.02,0.456527909131
1293,-7.009002124261648,-6.429423451423645,1.02,0.456527909131
1294,-7.009709799702273,-6.429423451423645,1.02,0.456527909131
1295,-7.010417674301133,-6.429423451423645,1.02,0.456527909131
1296,-7.011125747905401,-6.429423451423645,1.02,0.456527909131
1297,-7.011834020362485,-6.429423451423645,1.02,0.456527909131
1298,-7.012542491520022,-6.429423451423645,1.02,0.456527909131
1299,-7.013251161225884,-6.429423451423645,1.02,0.456527909131
1300,-7.013960029328176,-6.429423451423645,1.02,0.456527909131
1301,-7.014669095675233,-6.429423451423645,1.02,0.456527909131
1302,-7.015378360115622,-6.429423451423645,1.02,0.456527909131
1303,-7.016087822498138,-6.429423451423645,1.02,0.456527909131
1304,-7.01679748267181,-6.429423451423645,1.02,0.456527909131
1305,-7.017507340485892,-6.429423451423645,1.02,0.456527909131
1306,-7.01821739578987,-6.429423451423645,1.02,0.456527909131
1307,-7.018927648433459,-6.429423451423645,1.02,0.456527909131
1308,-7.019638098266598,-6.429423451423645,1.02,0.456527909131
1309,-7.020348745139456,-6.429423451423645,1.02,0.456527909131
1310,-7.021059588902429,-6.429423451423645,1.02,0.456527909131
1311,-7.021770629406139,-6.429423451423645,1.02,0.456527909131
1312,-7.022481866501433,-6.429423451423645,1.02,0.456527909131
1313,-7.023193300039383,-6.429423451423645,1.02,0.456527909131
1314,-7.023904929871287,-6.429423451423645,1.02,0.456527909131
1315,-7.024616755848667,-6.429423451423645,1.02,0.456527909131
1316,-7.02532877782327,-6.429423451423645,1.02,0.456527909131
1317,-7.026040995647063,-6.429423451423645,1.02,0.456527909131
1318,-7.026753409172236,-6.429423451423645,1.02,0.456527909131
1319,-7.027466018251206,-6.429423451423645,1.02,0.456527909131
1320,-7.028178822736607,-6.429423451423645,1.02,0.456527909131
1321,-7.028891822481298,-6.429423451423645,1.02,0.456527909131
1322,-7.029605017338353,-6.429423451423645,1.02,0.456527909131
1323,-7.030318407161072,-6.429423451423645,1.02,0.456527909131
1324,-7.031031991802972,-6.429423451423645,1.02,0.456527909131
1325,-7.03174577111779,-6.429423451423645,1.02,0.456527909131
1326,-7.032459744959482,-6.429423451423645,1.02,0.456527909131
1327,-7.033173913182222,-6.429423451423645,1.02,0.456527909131
1328,-7.0338882756404,-6.429423451423645,1.02,0.456527909131
1329,-7.034602832188628,-6.429423451423645,1.02,0.456527909131
1330,-7.035317582681731,-6.429423451423645,1.02,0.456527909131
1331,-7.036032526974751,-6.429423451423645,1.02,0.456527909131
1332,-7.036747664922944,-6.429423451423645,1.02,0.456527909131
1333,-7.037462996381787,-6.429423451423645,1.02,0.456527909131
1334,-7.038178521206968,-6.429423451423645,1.02,0.456527909131
1335,-7.038894239254388,-6.429423451423645,1.02,0.456527909131
1336,-7.039610150380165,-6.429423451423645,1.02,0.456527909131
1337,-7.040326254440631,-6.429423451423645,1.02,0.456527909131
1338,-7.041042551292326,-6.429423451423645,1.02,0.456527909131
1339,-7.041759040792008,-6.429423451423645,1.02,0.456527909131
1340,-7.042475722796645,-6.429423451423645,1.02,0.456527909131
1341,-7.043192597163416,-6.429423451423645,1.02,0.456527909131
1342,-7.043909663749712,-6.429423451423645,1.02,0.456527909131
1343,-7.044626922413134,-6.429423451423645,1.02,0.456527909131
1344,-7.045344373011496,-6.429423451423645,1.02,0.456527909131
1345,-7.046062015402816,-6.429423451423645,1.02,0.456527909131
1346,-7.046779849445327,-6.429423451423645,1.02,0.456527909131
1347,-7.047497874997467,-6.429423451423645,1.02,0.456527909131
1348,-7.048216091917884,-6.429423451423645,1.02,0.456527909131
1349,-7.048934500065434,-6.429423451423645,1.02,0.456527909131
1350,-7.049653099299181,-6.429423451423645,1.02,0.456527909131
1351,-7.050371889478394,-6.429423451423645,1.02,0.456527909131
1352,-7.05109087046255,-6.429423451423645,1.02,0.456527909131
1353,-7.051810042111332,-6.429423451423645,1.02,0.456527909131
1354,-7.052529404284628,-6.429423451423645,1.02,0.456527909131
1355,-7.053248956842531,-6.429423451423645,1.02,0.456527909131
1356,-7.05396869964534,-6.429423451423645,1.02,0.456527909131
1357,-7.054688632553558,-6.429423451423645,1.02,0.456527909131
1358,-7.055408755427891,-6.429423451423645,1.02,0.456527909131
1359,-7.056129068129247,-6.429423451423645,1.02,0.456527909131
1360,-7.056849570518743,-6.429423451423645,1.02,0.456527909131
1361,-7.057570262457689,-6.429423451423645,1.02,0.456527909131
1362,-7.058291143807606,-6.429423451423645,1.02,0.456527909131
1363,-7.059012214430212,-6.429423451423645,1.02,0.456527909131
1364,-7.059733474187426,-6.429423451423645,1.02,0.456527909131
1365,-7.06045492294137,-6.429423451423645,1.02,0.456527909131
1366,-7.061176560554364,-6.429423451423645,1.02,0.456527909131
1367,-7.06189838688893,-6.429423451423645,1.02,0.456527909131
1368,-7.062620401807789,-6.429423451423645,1.02,0.456527909131
1369,-7.063342605173858,-6.429423451423645,1.02,0.456527909131
1370,-7.064064996850258,-6.429423451423645,1.02,0.456527909131
1371,-7.064787576700303,-6.429423451423645,1.02,0.456527909131
1372,-7.065510344587508,-6.429423451423645,1.02,0.456527909131
1373,-7.066233300375584,-6.429423451423645,1.02,0.456527909131
1374,-7.066956443928439,-6.429423451423645,1.02,0.456527909131
1375,-7.067679775110177,-6.429423451423645,1.02,0.456527909131
1376,-7.068403293785098,-6.429423451423645,1.02,0.456527909131
1377,-7.069126999817701,-6.429423451423645,1.02,0.456527909131
1378,-7.069850893072673,-6.429423451423645,1.02,0.456527909131
1379,-7.070574973414903,-6.429423451423645,1.02,0.456527909131
1380,-7.071299240709471,-6.429423451423645,1.02,0.456527909131
1381,-7.07202369482165,-6.429423451423645,1.02,0.456527909131
1382,-7.072748335616908,-6.429423451423645,1.02,0.456527909131
1383,-7.073473162960908,-6.429423451423645,1.02,0.456527909131
1384,-7.0741981767195,-6.429423451423645,1.02,0.456527909131
1385,-7.074923376758733,-6.429423451423645,1.02,0.456527909131
1386,-7.075648762944842,-6.429423451423645,1.02,0.456527909131
1387,-7.076374335144257,-6.429423451423645,1.02,0.456527909131
1388,-7.0771000932236,-6.429423451423645,1.02,0.456527909131
1389,-7.077826037049678,-6.429423451423645,1.02,0.456527909131
1390,-7.078552166489493,-6.429423451423645,1.02,0.456527909131
1391,-7.079278481410238,-6.429423451423645,1.02,0.456527909131
1392,-7.080004981679291,-6.429423451423645,1.02,0.456527909131
1393,-7.080731667164223,-6.429423451423645,1.02,0.456527909131
1394,-7.081458537732789,-6.429423451423645,1.02,0.456527909131
1395,-7.082185593252936,-6.429423451423645,1.02,0.456527909131
1396,-7.082912833592797,-6.429423451423645,1.02,0.456527909131
1397,-7.083640258620693,-6.429423451423645,1.02,0.456527909131
1398,-7.084367868205133,-6.429423451423645,1.02,0.456527909131
1399,-7.085095662214813,-6.429423451423645,1.02,0.456527909131
1400,-7.08582364051861,-6.429423451423645,1.02,0.456527909131
1401,-7.086551802985594,-6.429423451423645,1.02,0.456527909131
1402,-7.087280149485014,-6.429423451423645,1.02,0.456527909131
1403,-7.088008679886309,-6.429423451423645,1.02,0.456527909131
1404,-7.088737394059102,-6.429423451423645,1.02,0.456527909131
1405,-7.089466291873195,-6.429423451423645,1.02,0.456527909131
1406,-7.090195373198581,-6.429423451423645,1.02,0.456527909131
1407,-7.090924637905432,-6.429423451423645,1.02,0.456527909131
1408,-7.091654085864104,-6.429423451423645,1.02,0.456527909131
1409,-7.092383716945136,-6.429423451423645,1.02,0.456527909131
1410,-7.093113531019251,-6.429423451423645,1.02,0.456527909131
1411,-7.09384352795735,-6.429423451423645,1.02,0.456527909131
1412,-7.094573707630516,-6.429423451423645,1.02,0.456527909131
1413,-7.09530406991002,-6.429423451423645,1.02,0.456527909131
1414,-7.096034614667305,-6.429423451423645,1.02,0.456527909131
1415,-7.096765341773999,-6.429423451423645,1.02,0.456527909131
1416,-7.097496251101909,-6.429423451423645,1.02,0.456527909131
1417,-7.098227342523021,-6.429423451423645,1.02,0.456527909131
1418,-7.098958615909502,-6.429423451423645,1.02,0.456527909131
1419,-7.099690071133696,-6.429423451423645,1.02,0.456527909131
1420,-7.100421708068128,-6.429423451423645,1.02,0.456527909131
1421,-7.101153526585496,-6.429423451423645,1.02,0.456527909131
1422,-7.101885526558682,-6.429423451423645,1.02,0.456527909131
1423,-7.102617707860744,-6.429423451423645,1.02,0.456527909131
1424,-7.103350070364911,-6.429423451423645,1.02,0.456527909131
1425,-7.104082613944597,-6.429423451423645,1.02,0.456527909131
1426,-7.104815338473387,-6.429423451423645,1.02,0.456527909131
1427,-7.105548243825044,-6.429423451423645,1.02,0.456527909131
1428,-7.106281329873507,-6.429423451423645,1.02,0.456527909131
1429,-7.107014596492887,-6.429423451423645,1.02,0.456527909131
1430,-7.107748043557475,-6.429423451423645,1.02,0.456527909131
1431,-7.108481670941731,-6.429423451423645,1.02,0.456527909131
1432,-7.109215478520293,-6.429423451423645,1.02,0.456527909131
1433,-7.10994946616797,-6.429423451423645,1.02,0.456527909131
1434,-7.110683633759748,-6.429423451423645,1.02,0.456527909131
1435,-7.111417981170781,-6.429423451423645,1.02,0.456527909131
1436,-7.112152508276401,-6.429423451423645,1.02,0.456527909131
1437,-7.11288721495211,-6.429423451423645,1.02,0.456527909131
1438,-7.113622101073578,-6.429423451423645,1.02,0.456527909131
1439,-7.114357166516655,-6.429423451423645,1.02,0.456527909131
1440,-7.115092411157353,-6.429423451423645,1.02,0.456527909131
1441,-7.115827834871863,-6.429423451423645,1.02,0.456527909131
1442,-7.116563437536541,-6.429423451423645,1.02,0.456527909131
1443,-7.117299219027918,-6.429423451423645,1.02,0.456527909131
1444,-7.118035179222687,-6.429423451423645,1.02,0.456527909131
1445,-7.11877131799772,-6.429423451423645,1.02,0.456527909131
1446,-7.119507635230051,-6.429423451423645,1.02,0.456527909131
1447,-7.120244130796887,-6.429423451423645,1.02,0.456527909131
1448,-7.1209808045756,-6.429423451423645,1.02,0.456527909131
1449,-7.121717656443733,-6.429423451423645,1.02,0.456527909131
1450,-7.122454686278997,-6.429423451423645,1.02,0.456527909131
1451,-7.123191893959267,-6.429423451423645,1.02,0.456527909131
1452,-7.123929279362589,-6.429423451423645,1.02,0.456527909131
1453,-7.124666842367171,-6.429423451423645,1.02,0.456527909131
1454,-7.125404582851393,-6.429423451423645,1.02,0.456527909131
1455,-7.126142500693798,-6.429423451423645,1.02,0.456527909131
1456,-7.126880595773093,-6.429423451423645,1.02,0.456527909131
1457,-7.127618867968154,-6.429423451423645,1.02,0.456527909131
1458,-7.128357317158022,-6.429423451423645,1.02,0.456527909131
1459,-7.129095943221898,-6.429423451423645,1.02,0.456527909131
1460,-7.129834746039152,-6.429423451423645,1.02,0.456527909131
1461,-7.130573725489316,-6.429423451423645,1.02,0.456527909131
1462,-7.131312881452086,-6.429423451423645,1.02,0.456527909131
1463,-7.132052213807323,-6.429423451423645,1.02,0.456527909131
1464,-7.132791722435048,-6.429423451423645,1.02,0.456527909131
1465,-7.133531407215448,-6.429423451423645,1.02,0.456527909131
1466,-7.134271268028867,-6.429423451423645,1.02,0.456527909131
1467,-7.135011304755818,-6.429423451423645,1.02,0.456527909131
1468,-7.135751517276972,-6.429423451423645,1.02,0.456527909131
1469,-7.136491905473162,-6.429423451423645,1.02,0.456527909131
1470,-7.13723246922538,-6.429423451423645,1.02,0.456527909131
1471,-7.137973208414782,-6.429423451423645,1.02,0.456527909131
1472,-7.138714122922682,-6.429423451423645,1.02,0.456527909131
1473,-7.139455212630556,-6.429423451423645,1.02,0.456527909131
1474,-7.140196477420038,-6.429423451423645,1.02,0.456527909131
1475,-7.140937917172923,-6.429423451423645,1.02,0.456527909131
1476,-7.141679531771163,-6.429423451423645,1.02,0.456527909131
1477,-7.142421321096871,-6.429423451423645,1.02,0.456527909131
1478,-7.143163285032319,-6.429423451423645,1.02,0.456527909131
1479,-7.143905423459933,-6.429423451423645,1.02,0.456527909131
1480,-7.144647736262302,-6.429423451423645,1.02,0.456527909131
1481,-7.145390223322168,-6.429423451423645,1.02,0.456527909131
1482,-7.146132884522434,-6.429423451423645,1.02,0.456527909131
1483,-7.146875719746157,-6.429423451423645,1.02,0.456527909131
1484,-7.147618728876553,-6.429423451423645,1.02,0.456527909131
1485,-7.148361911796993,-6.429423451423645,1.02,0.456527909131
1486,-7.149105268391003,-6.429423451423645,1.02,0.456527909131
1487,-7.149848798542267,-6.429423451423645,1.02,0.456527909131
1488,-7.150592502134621,-6.429423451423645,1.02,0.456527909131
1489,-7.151336379052058,-6.429423451423645,1.02,0.456527909131
1490,-7.15208042917873,-6.429423451423645,1.02,0.456527909131
1491,-7.152824652398934,-6.429423451423645,1.02,0.456527909131
1492,-7.153569048597127,-6.429423451423645,1.02,0.456527909131
1493,-7.154313617657923,-6.429423451423645,1.02,0.456527909131
1494,-7.15505835946608,-6.429423451423645,1.02,0.456527909131
1495,-7.155803273906518,-6.429423451423645,1.02,0.456527909131
1496,-7.156548360864306,-6.429423451423645,1.02,0.456527909131
1497,-7.157293620224667,-6.429423451423645,1.02,0.456527909131
1498,-7.158039051872972,-6.429423451423645,1.02,0.456527909131
1499,-7.158784655694752,-6.429423451423645,1.02,0.456527909131
1500,-7.15953043157568,-6.429423451423645,1.02,0.456527909131
1501,-7.160276379401589,-6.429423451423645,1.02,0.456527909131
1502,-7.161022499058458,-6.429423451423645,1.02,0.456527909131
1503,-7.161768790432418,-6.429423451423645,1.02,0.456527909131
1504,-7.162515253409752,-6.429423451423645,1.02,0.456527909131
1505,-7.163261887876889,-6.429423451423645,1.02,0.456527909131
1506,-7.164008693720413,-6.429423451423645,1.02,0.456527909131
1507,-7.164755670827054,-6.429423451423645,1.02,0.456527909131
1508,-7.165502819083693,-6.429423451423645,1.02,0.456527909131
1509,-7.166250138377359,-6.429423451423645,1.02,0.456527909131
1510,-7.166997628595233,-6.429423451423645,1.02,0.456527909131
1511,-7.167745289624636,-6.429423451423645,1.02,0.456527909131
1512,-7.168493121353048,-6.429423451423645,1.02,0.456527909131
1513,-7.169241123668088,-6.429423451423645,1.02,0.456527909131
1514,-7.169989296457528,-6.429423451423645,1.02,0.456527909131
1515,-7.170737639609285,-6.429423451423645,1.02,0.456527909131
1516,-7.171486153011422,-6.429423451423645,1.02,0.456527909131
1517,-7.172234836552151,-6.429423451423645,1.02,0.456527909131
1518,-7.172983690119827,-6.429423451423645,1.02,0.456527909131
1519,-7.173732713602957,-6.429423451423645,1.02,0.456527909131
1520,-7.174481906890187,-6.429423451423645,1.02,0.456527909131
1521,-7.175231269870313,-6.429423451423645,1.02,0.456527909131
1522,-7.175980802432275,-6.429423451423645,1.02,0.456527909131
1523,-7.176730504465158,-6.429423451423645,1.02,0.456527909131
1524,-7.177480375858189,-6.429423451423645,1.02,0.456527909131
1525,-7.178230416500745,-6.429423451423645,1.02,0.456527909131
1526,-7.178980626282343,-6.429423451423645,1.02,0.456527909131
1527,-7.179731005092644,-6.429423451423645,1.02,0.456527909131
