T_K,P_GPa,G_eV_per_atom,level,source
835,0.0001,-0.2765,reference,DaRUS-3582/Ti_bcc.tab
836,0.0001,-0.2771,reference,DaRUS-3582/Ti_bcc.tab
837,0.0001,-0.2778,reference,DaRUS-3582/Ti_bcc.tab
838,0.0001,-0.2785,reference,DaRUS-3582/Ti_bcc.tab
839,0.0001,-0.2792,reference,DaRUS-3582/Ti_bcc.tab
840,0.0001,-0.2799,reference,DaRUS-3582/Ti_bcc.tab
841,0.0001,-0.2806,reference,DaRUS-3582/Ti_bcc.tab
842,0.0001,-0.2812,reference,DaRUS-3582/Ti_bcc.tab
843,0.0001,-0.2819,reference,DaRUS-3582/Ti_bcc.tab
844,0.0001,-0.2826,reference,DaRUS-3582/Ti_bcc.tab
845,0.0001,-0.2833,reference,DaRUS-3582/Ti_bcc.tab
846,0.0001,-0.284,reference,DaRUS-3582/Ti_bcc.tab
847,0.0001,-0.2847,reference,DaRUS-3582/Ti_bcc.tab
848,0.0001,-0.2853,reference,DaRUS-3582/Ti_bcc.tab
849,0.0001,-0.286,reference,DaRUS-3582/Ti_bcc.tab
850,0.0001,-0.2867,reference,DaRUS-3582/Ti_bcc.tab
851,0.0001,-0.2874,reference,DaRUS-3582/Ti_bcc.tab
852,0.0001,-0.2881,reference,DaRUS-3582/Ti_bcc.tab
853,0.0001,-0.2888,reference,DaRUS-3582/Ti_bcc.tab
854,0.0001,-0.2894,reference,DaRUS-3582/Ti_bcc.tab
855,0.0001,-0.2901,reference,DaRUS-3582/Ti_bcc.tab
856,0.0001,-0.2908,reference,DaRUS-3582/Ti_bcc.tab
857,0.0001,-0.2915,reference,DaRUS-3582/Ti_bcc.tab
858,0.0001,-0.2922,reference,DaRUS-3582/Ti_bcc.tab
859,0.0001,-0.2929,reference,DaRUS-3582/Ti_bcc.tab
860,0.0001,-0.2936,reference,DaRUS-3582/Ti_bcc.tab
861,0.0001,-0.2943,reference,DaRUS-3582/Ti_bcc.tab
862,0.0001,-0.2949,reference,DaRUS-3582/Ti_bcc.tab
863,0.0001,-0.2956,reference,DaRUS-3582/Ti_bcc.tab
864,0.0001,-0.2963,reference,DaRUS-3582/Ti_bcc.tab
865,0.0001,-0.297,reference,DaRUS-3582/Ti_bcc.tab
866,0.0001,-0.2977,reference,DaRUS-3582/Ti_bcc.tab
867,0.0001,-0.2984,reference,DaRUS-3582/Ti_bcc.tab
868,0.0001,-0.2991,reference,DaRUS-3582/Ti_bcc.tab
869,0.0001,-0.2998,reference,DaRUS-3582/Ti_bcc.tab
870,0.0001,-0.3005,reference,DaRUS-3582/Ti_bcc.tab
871,0.0001,-0.3012,reference,DaRUS-3582/Ti_bcc.tab
872,0.0001,-0.3019,reference,DaRUS-3582/Ti_bcc.tab
873,0.0001,-0.3025,reference,DaRUS-3582/Ti_bcc.tab
874,0.0001,-0.3032,reference,DaRUS-3582/Ti_bcc.tab
875,0.0001,-0.3039,reference,DaRUS-3582/Ti_bcc.tab
876,0.0001,-0.3046,reference,DaRUS-3582/Ti_bcc.tab
877,0.0001,-0.3053,reference,DaRUS-3582/Ti_bcc.tab
878,0.0001,-0.306,reference,DaRUS-3582/Ti_bcc.tab
879,0.0001,-0.3067,reference,DaRUS-3582/Ti_bcc.tab
880,0.0001,-0.3074,reference,DaRUS-3582/Ti_bcc.tab
881,0.0001,-0.3081,reference,DaRUS-3582/Ti_bcc.tab
882,0.0001,-0.3088,reference,DaRUS-3582/Ti_bcc.tab
883,0.0001,-0.3095,reference,DaRUS-3582/Ti_bcc.tab
884,0.0001,-0.3102,reference,DaRUS-3582/Ti_bcc.tab
885,0.0001,-0.3109,reference,DaRUS-3582/Ti_bcc.tab
886,0.0001,-0.3116,reference,DaRUS-3582/Ti_bcc.tab
887,0.0001,-0.3123,reference,DaRUS-3582/Ti_bcc.tab
888,0.0001,-0.313,reference,DaRUS-3582/Ti_bcc.tab
889,0.0001,-0.3137,reference,DaRUS-3582/Ti_bcc.tab
890,0.0001,-0.3144,reference,DaRUS-3582/Ti_bcc.tab
891,0.0001,-0.3151,reference,DaRUS-3582/Ti_bcc.tab
892,0.0001,-0.3158,reference,DaRUS-3582/Ti_bcc.tab
893,0.0001,-0.3165,reference,DaRUS-3582/Ti_bcc.tab
894,0.0001,-0.3172,reference,DaRUS-3582/Ti_bcc.tab
895,0.0001,-0.3179,reference,DaRUS-3582/Ti_bcc.tab
896,0.0001,-0.3186,reference,DaRUS-3582/Ti_bcc.tab
897,0.0001,-0.3193,reference,DaRUS-3582/Ti_bcc.tab
898,0.0001,-0.32,reference,DaRUS-3582/Ti_bcc.tab
899,0.0001,-0.3207,reference,DaRUS-3582/Ti_bcc.tab
900,0.0001,-0.3214,reference,DaRUS-3582/Ti_bcc.tab
901,0.0001,-0.3221000000000001,reference,DaRUS-3582/Ti_bcc.tab
902,0.0001,-0.3228,reference,DaRUS-3582/Ti_bcc.tab
903,0.0001,-0.3235,reference,DaRUS-3582/Ti_bcc.tab
904,0.0001,-0.3242,reference,DaRUS-3582/Ti_bcc.tab
905,0.0001,-0.3249,reference,DaRUS-3582/Ti_bcc.tab
906,0.0001,-0.3256000000000001,reference,DaRUS-3582/Ti_bcc.tab
907,0.0001,-0.3263,reference,DaRUS-3582/Ti_bcc.tab
908,0.0001,-0.327,reference,DaRUS-3582/Ti_bcc.tab
909,0.0001,-0.3277,reference,DaRUS-3582/Ti_bcc.tab
910,0.0001,-0.3284,reference,DaRUS-3582/Ti_bcc.tab
911,0.0001,-0.3291,reference,DaRUS-3582/Ti_bcc.tab
912,0.0001,-0.3298,reference,DaRUS-3582/Ti_bcc.tab
913,0.0001,-0.3305,reference,DaRUS-3582/Ti_bcc.tab
914,0.0001,-0.3312,reference,DaRUS-3582/Ti_bcc.tab
915,0.0001,-0.3319,reference,DaRUS-3582/Ti_bcc.tab
916,0.0001,-0.3326,reference,DaRUS-3582/Ti_bcc.tab
917,0.0001,-0.3333,reference,DaRUS-3582/Ti_bcc.tab
918,0.0001,-0.334,reference,DaRUS-3582/Ti_bcc.tab
919,0.0001,-0.3347,reference,DaRUS-3582/Ti_bcc.tab
920,0.0001,-0.3354,reference,DaRUS-3582/Ti_bcc.tab
921,0.0001,-0.3362,reference,DaRUS-3582/Ti_bcc.tab
922,0.0001,-0.3369,reference,DaRUS-3582/Ti_bcc.tab
923,0.0001,-0.3376,reference,DaRUS-3582/Ti_bcc.tab
924,0.0001,-0.3383,reference,DaRUS-3582/Ti_bcc.tab
925,0.0001,-0.339,reference,DaRUS-3582/Ti_bcc.tab
926,0.0001,-0.3397,reference,DaRUS-3582/Ti_bcc.tab
927,0.0001,-0.3404,reference,DaRUS-3582/Ti_bcc.tab
928,0.0001,-0.3411,reference,DaRUS-3582/Ti_bcc.tab
929,0.0001,-0.3418,reference,DaRUS-3582/Ti_bcc.tab
930,0.0001,-0.3425,reference,DaRUS-3582/Ti_bcc.tab
931,0.0001,-0.3432,reference,DaRUS-3582/Ti_bcc.tab
932,0.0001,-0.344,reference,DaRUS-3582/Ti_bcc.tab
933,0.0001,-0.3447,reference,DaRUS-3582/Ti_bcc.tab
934,0.0001,-0.3454,reference,DaRUS-3582/Ti_bcc.tab
935,0.0001,-0.3461,reference,DaRUS-3582/Ti_bcc.tab
936,0.0001,-0.3468,reference,DaRUS-3582/Ti_bcc.tab
937,0.0001,-0.3475,reference,DaRUS-3582/Ti_bcc.tab
938,0.0001,-0.3482,reference,DaRUS-3582/Ti_bcc.tab
939,0.0001,-0.3489,reference,DaRUS-3582/Ti_bcc.tab
940,0.0001,-0.3497,reference,DaRUS-3582/Ti_bcc.tab
941,0.0001,-0.3504,reference,DaRUS-3582/Ti_bcc.tab
942,0.0001,-0.3511,reference,DaRUS-3582/Ti_bcc.tab
943,0.0001,-0.3518,reference,DaRUS-3582/Ti_bcc.tab
944,0.0001,-0.3525,reference,DaRUS-3582/Ti_bcc.tab
945,0.0001,-0.3532,reference,DaRUS-3582/Ti_bcc.tab
946,0.0001,-0.3539,reference,DaRUS-3582/Ti_bcc.tab
947,0.0001,-0.3547,reference,DaRUS-3582/Ti_bcc.tab
948,0.0001,-0.3554,reference,DaRUS-3582/Ti_bcc.tab
949,0.0001,-0.3561,reference,DaRUS-3582/Ti_bcc.tab
950,0.0001,-0.3568,reference,DaRUS-3582/Ti_bcc.tab
951,0.0001,-0.3575,reference,DaRUS-3582/Ti_bcc.tab
952,0.0001,-0.3582,reference,DaRUS-3582/Ti_bcc.tab
953,0.0001,-0.359,reference,DaRUS-3582/Ti_bcc.tab
954,0.0001,-0.3597,reference,DaRUS-3582/Ti_bcc.tab
955,0.0001,-0.3604,reference,DaRUS-3582/Ti_bcc.tab
956,0.0001,-0.3611,reference,DaRUS-3582/Ti_bcc.tab
957,0.0001,-0.3618,reference,DaRUS-3582/Ti_bcc.tab
958,0.0001,-0.3626,reference,DaRUS-3582/Ti_bcc.tab
959,0.0001,-0.3633,reference,DaRUS-3582/Ti_bcc.tab
960,0.0001,-0.364,reference,DaRUS-3582/Ti_bcc.tab
961,0.0001,-0.3647,reference,DaRUS-3582/Ti_bcc.tab
962,0.0001,-0.3654,reference,DaRUS-3582/Ti_bcc.tab
963,0.0001,-0.3662,reference,DaRUS-3582/Ti_bcc.tab
964,0.0001,-0.3669,reference,DaRUS-3582/Ti_bcc.tab
965,0.0001,-0.3676,reference,DaRUS-3582/Ti_bcc.tab
966,0.0001,-0.3683,reference,DaRUS-3582/Ti_bcc.tab
967,0.0001,-0.369,reference,DaRUS-3582/Ti_bcc.tab
968,0.0001,-0.3698,reference,DaRUS-3582/Ti_bcc.tab
969,0.0001,-0.3705,reference,DaRUS-3582/Ti_bcc.tab
970,0.0001,-0.3712,reference,DaRUS-3582/Ti_bcc.tab
971,0.0001,-0.3719,reference,DaRUS-3582/Ti_bcc.tab
972,0.0001,-0.3726,reference,DaRUS-3582/Ti_bcc.tab
973,0.0001,-0.3734,reference,DaRUS-3582/Ti_bcc.tab
974,0.0001,-0.3741,reference,DaRUS-3582/Ti_bcc.tab
975,0.0001,-0.3748,reference,DaRUS-3582/Ti_bcc.tab
976,0.0001,-0.3755,reference,DaRUS-3582/Ti_bcc.tab
977,0.0001,-0.3763,reference,DaRUS-3582/Ti_bcc.tab
978,0.0001,-0.377,reference,DaRUS-3582/Ti_bcc.tab
979,0.0001,-0.3777,reference,DaRUS-3582/Ti_bcc.tab
980,0.0001,-0.3784,reference,DaRUS-3582/Ti_bcc.tab
981,0.0001,-0.3792,reference,DaRUS-3582/Ti_bcc.tab
982,0.0001,-0.3799,reference,DaRUS-3582/Ti_bcc.tab
983,0.0001,-0.3806,reference,DaRUS-3582/Ti_bcc.tab
984,0.0001,-0.3813,reference,DaRUS-3582/Ti_bcc.tab
985,0.0001,-0.3821000000000001,reference,DaRUS-3582/Ti_bcc.tab
986,0.0001,-0.3828,reference,DaRUS-3582/Ti_bcc.tab
987,0.0001,-0.3835,reference,DaRUS-3582/Ti_bcc.tab
988,0.0001,-0.3843,reference,DaRUS-3582/Ti_bcc.tab
989,0.0001,-0.385,reference,DaRUS-3582/Ti_bcc.tab
990,0.0001,-0.3857,reference,DaRUS-3582/Ti_bcc.tab
991,0.0001,-0.3864,reference,DaRUS-3582/Ti_bcc.tab
992,0.0001,-0.3872,reference,DaRUS-3582/Ti_bcc.tab
993,0.0001,-0.3879,reference,DaRUS-3582/Ti_bcc.tab
994,0.0001,-0.3886000000000001,reference,DaRUS-3582/Ti_bcc.tab
995,0.0001,-0.3894,reference,DaRUS-3582/Ti_bcc.tab
996,0.0001,-0.3901000000000001,reference,DaRUS-3582/Ti_bcc.tab
997,0.0001,-0.3908,reference,DaRUS-3582/Ti_bcc.tab
998,0.0001,-0.3916,reference,DaRUS-3582/Ti_bcc.tab
999,0.0001,-0.3923,reference,DaRUS-3582/Ti_bcc.tab
1000,0.0001,-0.393,reference,DaRUS-3582/Ti_bcc.tab
1001,0.0001,-0.3937,reference,DaRUS-3582/Ti_bcc.tab
1002,0.0001,-0.3945,reference,DaRUS-3582/Ti_bcc.tab
1003,0.0001,-0.3952,reference,DaRUS-3582/Ti_bcc.tab
1004,0.0001,-0.3959,reference,DaRUS-3582/Ti_bcc.tab
1005,0.0001,-0.3967,reference,DaRUS-3582/Ti_bcc.tab
1006,0.0001,-0.3974,reference,DaRUS-3582/Ti_bcc.tab
1007,0.0001,-0.3981,reference,DaRUS-3582/Ti_bcc.tab
1008,0.0001,-0.3989,reference,DaRUS-3582/Ti_bcc.tab
1009,0.0001,-0.3996,reference,DaRUS-3582/Ti_bcc.tab
1010,0.0001,-0.4003,reference,DaRUS-3582/Ti_bcc.tab
1011,0.0001,-0.4011,reference,DaRUS-3582/Ti_bcc.tab
1012,0.0001,-0.4018,reference,DaRUS-3582/Ti_bcc.tab
1013,0.0001,-0.4025,reference,DaRUS-3582/Ti_bcc.tab
1014,0.0001,-0.4033,reference,DaRUS-3582/Ti_bcc.tab
1015,0.0001,-0.404,reference,DaRUS-3582/Ti_bcc.tab
1016,0.0001,-0.4048,reference,DaRUS-3582/Ti_bcc.tab
1017,0.0001,-0.4055,reference,DaRUS-3582/Ti_bcc.tab
1018,0.0001,-0.4062,reference,DaRUS-3582/Ti_bcc.tab
1019,0.0001,-0.407,reference,DaRUS-3582/Ti_bcc.tab
1020,0.0001,-0.4077,reference,DaRUS-3582/Ti_bcc.tab
1021,0.0001,-0.4084,reference,DaRUS-3582/Ti_bcc.tab
1022,0.0001,-0.4092,reference,DaRUS-3582/Ti_bcc.tab
1023,0.0001,-0.4099,reference,DaRUS-3582/Ti_bcc.tab
1024,0.0001,-0.4107,reference,DaRUS-3582/Ti_bcc.tab
1025,0.0001,-0.4114,reference,DaRUS-3582/Ti_bcc.tab
1026,0.0001,-0.4121,reference,DaRUS-3582/Ti_bcc.tab
1027,0.0001,-0.4129,reference,DaRUS-3582/Ti_bcc.tab
1028,0.0001,-0.4136,reference,DaRUS-3582/Ti_bcc.tab
1029,0.0001,-0.4143,reference,DaRUS-3582/Ti_bcc.tab
1030,0.0001,-0.4151,reference,DaRUS-3582/Ti_bcc.tab
1031,0.0001,-0.4158,reference,DaRUS-3582/Ti_bcc.tab
1032,0.0001,-0.4166,reference,DaRUS-3582/Ti_bcc.tab
1033,0.0001,-0.4173,reference,DaRUS-3582/Ti_bcc.tab
1034,0.0001,-0.418,reference,DaRUS-3582/Ti_bcc.tab
1035,0.0001,-0.4188,reference,DaRUS-3582/Ti_bcc.tab
1036,0.0001,-0.4195,reference,DaRUS-3582/Ti_bcc.tab
1037,0.0001,-0.4203,reference,DaRUS-3582/Ti_bcc.tab
1038,0.0001,-0.421,reference,DaRUS-3582/Ti_bcc.tab
1039,0.0001,-0.4218,reference,DaRUS-3582/Ti_bcc.tab
1040,0.0001,-0.4225,reference,DaRUS-3582/Ti_bcc.tab
1041,0.0001,-0.4232,reference,DaRUS-3582/Ti_bcc.tab
1042,0.0001,-0.424,reference,DaRUS-3582/Ti_bcc.tab
1043,0.0001,-0.4247,reference,DaRUS-3582/Ti_bcc.tab
1044,0.0001,-0.4255,reference,DaRUS-3582/Ti_bcc.tab
1045,0.0001,-0.4262,reference,DaRUS-3582/Ti_bcc.tab
1046,0.0001,-0.427,reference,DaRUS-3582/Ti_bcc.tab
1047,0.0001,-0.4277,reference,DaRUS-3582/Ti_bcc.tab
1048,0.0001,-0.4285,reference,DaRUS-3582/Ti_bcc.tab
1049,0.0001,-0.4292,reference,DaRUS-3582/Ti_bcc.tab
1050,0.0001,-0.4299,reference,DaRUS-3582/Ti_bcc.tab
1051,0.0001,-0.4307,reference,DaRUS-3582/Ti_bcc.tab
1052,0.0001,-0.4314,reference,DaRUS-3582/Ti_bcc.tab
1053,0.0001,-0.4322,reference,DaRUS-3582/Ti_bcc.tab
1054,0.0001,-0.4329,reference,DaRUS-3582/Ti_bcc.tab
1055,0.0001,-0.4337,reference,DaRUS-3582/Ti_bcc.tab
1056,0.0001,-0.4344,reference,DaRUS-3582/Ti_bcc.tab
1057,0.0001,-0.4352,reference,DaRUS-3582/Ti_bcc.tab
1058,0.0001,-0.4359,reference,DaRUS-3582/Ti_bcc.tab
1059,0.0001,-0.4367,reference,DaRUS-3582/Ti_bcc.tab
1060,0.0001,-0.4374,reference,DaRUS-3582/Ti_bcc.tab
1061,0.0001,-0.4382,reference,DaRUS-3582/Ti_bcc.tab
1062,0.0001,-0.4389,reference,DaRUS-3582/Ti_bcc.tab
1063,0.0001,-0.4397,reference,DaRUS-3582/Ti_bcc.tab
1064,0.0001,-0.4404,reference,DaRUS-3582/Ti_bcc.tab
1065,0.0001,-0.4412,reference,DaRUS-3582/Ti_bcc.tab
1066,0.0001,-0.4419,reference,DaRUS-3582/Ti_bcc.tab
1067,0.0001,-0.4427,reference,DaRUS-3582/Ti_bcc.tab
1068,0.0001,-0.4434,reference,DaRUS-3582/Ti_bcc.tab
1069,0.0001,-0.4442,reference,DaRUS-3582/Ti_bcc.tab
1070,0.0001,-0.4449,reference,DaRUS-3582/Ti_bcc.tab
1071,0.0001,-0.4457,reference,DaRUS-3582/Ti_bcc.tab
1072,0.0001,-0.4464,reference,DaRUS-3582/Ti_bcc.tab
1073,0.0001,-0.4472,reference,DaRUS-3582/Ti_bcc.tab
1074,0.0001,-0.4479,reference,DaRUS-3582/Ti_bcc.tab
1075,0.0001,-0.4487,reference,DaRUS-3582/Ti_bcc.tab
1076,0.0001,-0.4494,reference,DaRUS-3582/Ti_bcc.tab
1077,0.0001,-0.4502,reference,DaRUS-3582/Ti_bcc.tab
1078,0.0001,-0.4509,reference,DaRUS-3582/Ti_bcc.tab
1079,0.0001,-0.4517,reference,DaRUS-3582/Ti_bcc.tab
1080,0.0001,-0.4524,reference,DaRUS-3582/Ti_bcc.tab
1081,0.0001,-0.4532,reference,DaRUS-3582/Ti_bcc.tab
1082,0.0001,-0.4539,reference,DaRUS-3582/Ti_bcc.tab
1083,0.0001,-0.4547,reference,DaRUS-3582/Ti_bcc.tab
1084,0.0001,-0.4555,reference,DaRUS-3582/Ti_bcc.tab
1085,0.0001,-0.4562,reference,DaRUS-3582/Ti_bcc.tab
1086,0.0001,-0.457,reference,DaRUS-3582/Ti_bcc.tab
1087,0.0001,-0.4577,reference,DaRUS-3582/Ti_bcc.tab
1088,0.0001,-0.4585,reference,DaRUS-3582/Ti_bcc.tab
1089,0.0001,-0.4592,reference,DaRUS-3582/Ti_bcc.tab
1090,0.0001,-0.46,reference,DaRUS-3582/Ti_bcc.tab
1091,0.0001,-0.4607,reference,DaRUS-3582/Ti_bcc.tab
1092,0.0001,-0.4615,reference,DaRUS-3582/Ti_bcc.tab
1093,0.0001,-0.4623,reference,DaRUS-3582/Ti_bcc.tab
1094,0.0001,-0.463,reference,DaRUS-3582/Ti_bcc.tab
1095,0.0001,-0.4638,reference,DaRUS-3582/Ti_bcc.tab
1096,0.0001,-0.4645,reference,DaRUS-3582/Ti_bcc.tab
1097,0.0001,-0.4653,reference,DaRUS-3582/Ti_bcc.tab
1098,0.0001,-0.4661,reference,DaRUS-3582/Ti_bcc.tab
1099,0.0001,-0.4668,reference,DaRUS-3582/Ti_bcc.tab
1100,0.0001,-0.4676,reference,DaRUS-3582/Ti_bcc.tab
1101,0.0001,-0.4683,reference,DaRUS-3582/Ti_bcc.tab
1102,0.0001,-0.4691,reference,DaRUS-3582/Ti_bcc.tab
1103,0.0001,-0.4699,reference,DaRUS-3582/Ti_bcc.tab
1104,0.0001,-0.4706,reference,DaRUS-3582/Ti_bcc.tab
1105,0.0001,-0.4714,reference,DaRUS-3582/Ti_bcc.tab
1106,0.0001,-0.4721,reference,DaRUS-3582/Ti_bcc.tab
1107,0.0001,-0.4729,reference,DaRUS-3582/Ti_bcc.tab
1108,0.0001,-0.4737,reference,DaRUS-3582/Ti_bcc.tab
1109,0.0001,-0.4744,reference,DaRUS-3582/Ti_bcc.tab
1110,0.0001,-0.4752,reference,DaRUS-3582/Ti_bcc.tab
1111,0.0001,-0.4759,reference,DaRUS-3582/Ti_bcc.tab
1112,0.0001,-0.4767,reference,DaRUS-3582/Ti_bcc.tab
1113,0.0001,-0.4775,reference,DaRUS-3582/Ti_bcc.tab
1114,0.0001,-0.4782,reference,DaRUS-3582/Ti_bcc.tab
1115,0.0001,-0.479,reference,DaRUS-3582/Ti_bcc.tab
1116,0.0001,-0.4798,reference,DaRUS-3582/Ti_bcc.tab
1117,0.0001,-0.4805,reference,DaRUS-3582/Ti_bcc.tab
1118,0.0001,-0.4813,reference,DaRUS-3582/Ti_bcc.tab
1119,0.0001,-0.482,reference,DaRUS-3582/Ti_bcc.tab
1120,0.0001,-0.4828,reference,DaRUS-3582/Ti_bcc.tab
1121,0.0001,-0.4836,reference,DaRUS-3582/Ti_bcc.tab
1122,0.0001,-0.4843,reference,DaRUS-3582/Ti_bcc.tab
1123,0.0001,-0.4851,reference,DaRUS-3582/Ti_bcc.tab
1124,0.0001,-0.4859,reference,DaRUS-3582/Ti_bcc.tab
1125,0.0001,-0.4866,reference,DaRUS-3582/Ti_bcc.tab
1126,0.0001,-0.4874,reference,DaRUS-3582/Ti_bcc.tab
1127,0.0001,-0.4882,reference,DaRUS-3582/Ti_bcc.tab
1128,0.0001,-0.4889,reference,DaRUS-3582/Ti_bcc.tab
1129,0.0001,-0.4897,reference,DaRUS-3582/Ti_bcc.tab
1130,0.0001,-0.4905,reference,DaRUS-3582/Ti_bcc.tab
1131,0.0001,-0.4912,reference,DaRUS-3582/Ti_bcc.tab
1132,0.0001,-0.492,reference,DaRUS-3582/Ti_bcc.tab
1133,0.0001,-0.4928,reference,DaRUS-3582/Ti_bcc.tab
1134,0.0001,-0.4935,reference,DaRUS-3582/Ti_bcc.tab
1135,0.0001,-0.4943,reference,DaRUS-3582/Ti_bcc.tab
1136,0.0001,-0.4951,reference,DaRUS-3582/Ti_bcc.tab
1137,0.0001,-0.4959,reference,DaRUS-3582/Ti_bcc.tab
1138,0.0001,-0.4966,reference,DaRUS-3582/Ti_bcc.tab
1139,0.0001,-0.4974,reference,DaRUS-3582/Ti_bcc.tab
1140,0.0001,-0.4982,reference,DaRUS-3582/Ti_bcc.tab
1141,0.0001,-0.4989,reference,DaRUS-3582/Ti_bcc.tab
1142,0.0001,-0.4997,reference,DaRUS-3582/Ti_bcc.tab
1143,0.0001,-0.5005000000000001,reference,DaRUS-3582/Ti_bcc.tab
1144,0.0001,-0.5012,reference,DaRUS-3582/Ti_bcc.tab
1145,0.0001,-0.502,reference,DaRUS-3582/Ti_bcc.tab
1146,0.0001,-0.5028,reference,DaRUS-3582/Ti_bcc.tab
1147,0.0001,-0.5036,reference,DaRUS-3582/Ti_bcc.tab
1148,0.0001,-0.5043,reference,DaRUS-3582/Ti_bcc.tab
1149,0.0001,-0.5051,reference,DaRUS-3582/Ti_bcc.tab
1150,0.0001,-0.5059,reference,DaRUS-3582/Ti_bcc.tab
1151,0.0001,-0.5066000000000001,reference,DaRUS-3582/Ti_bcc.tab
1152,0.0001,-0.5074,reference,DaRUS-3582/Ti_bcc.tab
1153,0.0001,-0.5082,reference,DaRUS-3582/Ti_bcc.tab
1154,0.0001,-0.509,reference,DaRUS-3582/Ti_bcc.tab
1155,0.0001,-0.5097,reference,DaRUS-3582/Ti_bcc.tab
1156,0.0001,-0.5105000000000001,reference,DaRUS-3582/Ti_bcc.tab
1157,0.0001,-0.5113,reference,DaRUS-3582/Ti_bcc.tab
1158,0.0001,-0.5121,reference,DaRUS-3582/Ti_bcc.tab
1159,0.0001,-0.5127999999999999,reference,DaRUS-3582/Ti_bcc.tab
1160,0.0001,-0.5136000000000001,reference,DaRUS-3582/Ti_bcc.tab
1161,0.0001,-0.5144,reference,DaRUS-3582/Ti_bcc.tab
1162,0.0001,-0.5152000000000001,reference,DaRUS-3582/Ti_bcc.tab
1163,0.0001,-0.5159,reference,DaRUS-3582/Ti_bcc.tab
1164,0.0001,-0.5167,reference,DaRUS-3582/Ti_bcc.tab
1165,0.0001,-0.5175,reference,DaRUS-3582/Ti_bcc.tab
1166,0.0001,-0.5183,reference,DaRUS-3582/Ti_bcc.tab
1167,0.0001,-0.519,reference,DaRUS-3582/Ti_bcc.tab
1168,0.0001,-0.5197999999999999,reference,DaRUS-3582/Ti_bcc.tab
1169,0.0001,-0.5206000000000001,reference,DaRUS-3582/Ti_bcc.tab
1170,0.0001,-0.5214,reference,DaRUS-3582/Ti_bcc.tab
1171,0.0001,-0.5222000000000001,reference,DaRUS-3582/Ti_bcc.tab
1172,0.0001,-0.5229,reference,DaRUS-3582/Ti_bcc.tab
1173,0.0001,-0.5237000000000001,reference,DaRUS-3582/Ti_bcc.tab
1174,0.0001,-0.5245,reference,DaRUS-3582/Ti_bcc.tab
1175,0.0001,-0.5253,reference,DaRUS-3582/Ti_bcc.tab
1176,0.0001,-0.526,reference,DaRUS-3582/Ti_bcc.tab
1177,0.0001,-0.5267999999999999,reference,DaRUS-3582/Ti_bcc.tab
1178,0.0001,-0.5276000000000001,reference,DaRUS-3582/Ti_bcc.tab
1179,0.0001,-0.5284,reference,DaRUS-3582/Ti_bcc.tab
1180,0.0001,-0.5292,reference,DaRUS-3582/Ti_bcc.tab
1181,0.0001,-0.5299,reference,DaRUS-3582/Ti_bcc.tab
1182,0.0001,-0.5307000000000001,reference,DaRUS-3582/Ti_bcc.tab
1183,0.0001,-0.5315,reference,DaRUS-3582/Ti_bcc.tab
1184,0.0001,-0.5323,reference,DaRUS-3582/Ti_bcc.tab
1185,0.0001,-0.5331,reference,DaRUS-3582/Ti_bcc.tab
1186,0.0001,-0.5339,reference,DaRUS-3582/Ti_bcc.tab
1187,0.0001,-0.5346000000000001,reference,DaRUS-3582/Ti_bcc.tab
1188,0.0001,-0.5354,reference,DaRUS-3582/Ti_bcc.tab
1189,0.0001,-0.5362,reference,DaRUS-3582/Ti_bcc.tab
1190,0.0001,-0.537,reference,DaRUS-3582/Ti_bcc.tab
1191,0.0001,-0.5377999999999999,reference,DaRUS-3582/Ti_bcc.tab
1192,0.0001,-0.5386000000000001,reference,DaRUS-3582/Ti_bcc.tab
1193,0.0001,-0.5393,reference,DaRUS-3582/Ti_bcc.tab
1194,0.0001,-0.5401,reference,DaRUS-3582/Ti_bcc.tab
1195,0.0001,-0.5408999999999999,reference,DaRUS-3582/Ti_bcc.tab
1196,0.0001,-0.5417000000000001,reference,DaRUS-3582/Ti_bcc.tab
1197,0.0001,-0.5425,reference,DaRUS-3582/Ti_bcc.tab
1198,0.0001,-0.5433,reference,DaRUS-3582/Ti_bcc.tab
1199,0.0001,-0.544,reference,DaRUS-3582/Ti_bcc.tab
1200,0.0001,-0.5448,reference,DaRUS-3582/Ti_bcc.tab
1201,0.0001,-0.5456000000000001,reference,DaRUS-3582/Ti_bcc.tab
1202,0.0001,-0.5464,reference,DaRUS-3582/Ti_bcc.tab
1203,0.0001,-0.5472,reference,DaRUS-3582/Ti_bcc.tab
1204,0.0001,-0.548,reference,DaRUS-3582/Ti_bcc.tab
1205,0.0001,-0.5488,reference,DaRUS-3582/Ti_bcc.tab
1206,0.0001,-0.5495,reference,DaRUS-3582/Ti_bcc.tab
1207,0.0001,-0.5503,reference,DaRUS-3582/Ti_bcc.tab
1208,0.0001,-0.5511,reference,DaRUS-3582/Ti_bcc.tab
1209,0.0001,-0.5518999999999999,reference,DaRUS-3582/Ti_bcc.tab
1210,0.0001,-0.5527000000000001,reference,DaRUS-3582/Ti_bcc.tab
1211,0.0001,-0.5535,reference,DaRUS-3582/Ti_bcc.tab
1212,0.0001,-0.5543,reference,DaRUS-3582/Ti_bcc.tab
1213,0.0001,-0.5551,reference,DaRUS-3582/Ti_bcc.tab
1214,0.0001,-0.5558,reference,DaRUS-3582/Ti_bcc.tab
1215,0.0001,-0.5566,reference,DaRUS-3582/Ti_bcc.tab
1216,0.0001,-0.5574,reference,DaRUS-3582/Ti_bcc.tab
1217,0.0001,-0.5582,reference,DaRUS-3582/Ti_bcc.tab
1218,0.0001,-0.5590000000000001,reference,DaRUS-3582/Ti_bcc.tab
1219,0.0001,-0.5598,reference,DaRUS-3582/Ti_bcc.tab
1220,0.0001,-0.5606,reference,DaRUS-3582/Ti_bcc.tab
1221,0.0001,-0.5614,reference,DaRUS-3582/Ti_bcc.tab
1222,0.0001,-0.5622,reference,DaRUS-3582/Ti_bcc.tab
1223,0.0001,-0.5630000000000001,reference,DaRUS-3582/Ti_bcc.tab
1224,0.0001,-0.5637000000000001,reference,DaRUS-3582/Ti_bcc.tab
1225,0.0001,-0.5645,reference,DaRUS-3582/Ti_bcc.tab
1226,0.0001,-0.5652999999999999,reference,DaRUS-3582/Ti_bcc.tab
1227,0.0001,-0.5661,reference,DaRUS-3582/Ti_bcc.tab
1228,0.0001,-0.5669,reference,DaRUS-3582/Ti_bcc.tab
1229,0.0001,-0.5677000000000001,reference,DaRUS-3582/Ti_bcc.tab
1230,0.0001,-0.5685,reference,DaRUS-3582/Ti_bcc.tab
1231,0.0001,-0.5692999999999999,reference,DaRUS-3582/Ti_bcc.tab
1232,0.0001,-0.5701000000000001,reference,DaRUS-3582/Ti_bcc.tab
1233,0.0001,-0.5709,reference,DaRUS-3582/Ti_bcc.tab
1234,0.0001,-0.5717000000000001,reference,DaRUS-3582/Ti_bcc.tab
1235,0.0001,-0.5725,reference,DaRUS-3582/Ti_bcc.tab
1236,0.0001,-0.5732999999999999,reference,DaRUS-3582/Ti_bcc.tab
1237,0.0001,-0.5741000000000001,reference,DaRUS-3582/Ti_bcc.tab
1238,0.0001,-0.5749,reference,DaRUS-3582/Ti_bcc.tab
1239,0.0001,-0.5756,reference,DaRUS-3582/Ti_bcc.tab
1240,0.0001,-0.5764,reference,DaRUS-3582/Ti_bcc.tab
1241,0.0001,-0.5772,reference,DaRUS-3582/Ti_bcc.tab
1242,0.0001,-0.578,reference,DaRUS-3582/Ti_bcc.tab
1243,0.0001,-0.5788,reference,DaRUS-3582/Ti_bcc.tab
1244,0.0001,-0.5796,reference,DaRUS-3582/Ti_bcc.tab
1245,0.0001,-0.5804,reference,DaRUS-3582/Ti_bcc.tab
1246,0.0001,-0.5812,reference,DaRUS-3582/Ti_bcc.tab
1247,0.0001,-0.582,reference,DaRUS-3582/Ti_bcc.tab
1248,0.0001,-0.5828,reference,DaRUS-3582/Ti_bcc.tab
1249,0.0001,-0.5836,reference,DaRUS-3582/Ti_bcc.tab
1250,0.0001,-0.5844,reference,DaRUS-3582/Ti_bcc.tab
1251,0.0001,-0.5852000000000001,reference,DaRUS-3582/Ti_bcc.tab
1252,0.0001,-0.586,reference,DaRUS-3582/Ti_bcc.tab
1253,0.0001,-0.5868,reference,DaRUS-3582/Ti_bcc.tab
1254,0.0001,-0.5876,reference,DaRUS-3582/Ti_bcc.tab
1255,0.0001,-0.5884,reference,DaRUS-3582/Ti_bcc.tab
1256,0.0001,-0.5892000000000001,reference,DaRUS-3582/Ti_bcc.tab
1257,0.0001,-0.59,reference,DaRUS-3582/Ti_bcc.tab
1258,0.0001,-0.5908,reference,DaRUS-3582/Ti_bcc.tab
1259,0.0001,-0.5916,reference,DaRUS-3582/Ti_bcc.tab
1260,0.0001,-0.5924,reference,DaRUS-3582/Ti_bcc.tab
1261,0.0001,-0.5932000000000001,reference,DaRUS-3582/Ti_bcc.tab
1262,0.0001,-0.594,reference,DaRUS-3582/Ti_bcc.tab
1263,0.0001,-0.5948,reference,DaRUS-3582/Ti_bcc.tab
1264,0.0001,-0.5956,reference,DaRUS-3582/Ti_bcc.tab
1265,0.0001,-0.5964,reference,DaRUS-3582/Ti_bcc.tab
1266,0.0001,-0.5972000000000001,reference,DaRUS-3582/Ti_bcc.tab
1267,0.0001,-0.598,reference,DaRUS-3582/Ti_bcc.tab
1268,0.0001,-0.5988,reference,DaRUS-3582/Ti_bcc.tab
1269,0.0001,-0.5996,reference,DaRUS-3582/Ti_bcc.tab
1270,0.0001,-0.6004,reference,DaRUS-3582/Ti_bcc.tab
1271,0.0001,-0.6012000000000001,reference,DaRUS-3582/Ti_bcc.tab
1272,0.0001,-0.602,reference,DaRUS-3582/Ti_bcc.tab
1273,0.0001,-0.6028,reference,DaRUS-3582/Ti_bcc.tab
1274,0.0001,-0.6036,reference,DaRUS-3582/Ti_bcc.tab
1275,0.0001,-0.6043999999999999,reference,DaRUS-3582/Ti_bcc.tab
1276,0.0001,-0.6052000000000001,reference,DaRUS-3582/Ti_bcc.tab
1277,0.0001,-0.606,reference,DaRUS-3582/Ti_bcc.tab
1278,0.0001,-0.6068,reference,DaRUS-3582/Ti_bcc.tab
1279,0.0001,-0.6077,reference,DaRUS-3582/Ti_bcc.tab
1280,0.0001,-0.6085,reference,DaRUS-3582/Ti_bcc.tab
1281,0.0001,-0.6093,reference,DaRUS-3582/Ti_bcc.tab
1282,0.0001,-0.6101000000000001,reference,DaRUS-3582/Ti_bcc.tab
1283,0.0001,-0.6109,reference,DaRUS-3582/Ti_bcc.tab
1284,0.0001,-0.6117,reference,DaRUS-3582/Ti_bcc.tab
1285,0.0001,-0.6125,reference,DaRUS-3582/Ti_bcc.tab
1286,0.0001,-0.6133,reference,DaRUS-3582/Ti_bcc.tab
1287,0.0001,-0.6141000000000001,reference,DaRUS-3582/Ti_bcc.tab
1288,0.0001,-0.6149,reference,DaRUS-3582/Ti_bcc.tab
1289,0.0001,-0.6157,reference,DaRUS-3582/Ti_bcc.tab
1290,0.0001,-0.6165,reference,DaRUS-3582/Ti_bcc.tab
1291,0.0001,-0.6173,reference,DaRUS-3582/Ti_bcc.tab
1292,0.0001,-0.6181,reference,DaRUS-3582/Ti_bcc.tab
1293,0.0001,-0.6189,reference,DaRUS-3582/Ti_bcc.tab
1294,0.0001,-0.6198,reference,DaRUS-3582/Ti_bcc.tab
1295,0.0001,-0.6206,reference,DaRUS-3582/Ti_bcc.tab
1296,0.0001,-0.6214,reference,DaRUS-3582/Ti_bcc.tab
1297,0.0001,-0.6222000000000001,reference,DaRUS-3582/Ti_bcc.tab
1298,0.0001,-0.623,reference,DaRUS-3582/Ti_bcc.tab
1299,0.0001,-0.6238,reference,DaRUS-3582/Ti_bcc.tab
1300,0.0001,-0.6246,reference,DaRUS-3582/Ti_bcc.tab
1301,0.0001,-0.6254,reference,DaRUS-3582/Ti_bcc.tab
1302,0.0001,-0.6262000000000001,reference,DaRUS-3582/Ti_bcc.tab
1303,0.0001,-0.627,reference,DaRUS-3582/Ti_bcc.tab
1304,0.0001,-0.6279,reference,DaRUS-3582/Ti_bcc.tab
1305,0.0001,-0.6287,reference,DaRUS-3582/Ti_bcc.tab
1306,0.0001,-0.6295000000000001,reference,DaRUS-3582/Ti_bcc.tab
1307,0.0001,-0.6303,reference,DaRUS-3582/Ti_bcc.tab
1308,0.0001,-0.6311,reference,DaRUS-3582/Ti_bcc.tab
1309,0.0001,-0.6319,reference,DaRUS-3582/Ti_bcc.tab
1310,0.0001,-0.6327,reference,DaRUS-3582/Ti_bcc.tab
1311,0.0001,-0.6335000000000001,reference,DaRUS-3582/Ti_bcc.tab
1312,0.0001,-0.6343,reference,DaRUS-3582/Ti_bcc.tab
1313,0.0001,-0.6352000000000001,reference,DaRUS-3582/Ti_bcc.tab
1314,0.0001,-0.636,reference,DaRUS-3582/Ti_bcc.tab
1315,0.0001,-0.6367999999999999,reference,DaRUS-3582/Ti_bcc.tab
1316,0.0001,-0.6376000000000001,reference,DaRUS-3582/Ti_bcc.tab
1317,0.0001,-0.6384,reference,DaRUS-3582/Ti_bcc.tab
1318,0.0001,-0.6392000000000001,reference,DaRUS-3582/Ti_bcc.tab
1319,0.0001,-0.64,reference,DaRUS-3582/Ti_bcc.tab
1320,0.0001,-0.6409,reference,DaRUS-3582/Ti_bcc.tab
1321,0.0001,-0.6417,reference,DaRUS-3582/Ti_bcc.tab
1322,0.0001,-0.6425,reference,DaRUS-3582/Ti_bcc.tab
1323,0.0001,-0.6433,reference,DaRUS-3582/Ti_bcc.tab
1324,0.0001,-0.6441,reference,DaRUS-3582/Ti_bcc.tab
1325,0.0001,-0.6449,reference,DaRUS-3582/Ti_bcc.tab
1326,0.0001,-0.6457999999999999,reference,DaRUS-3582/Ti_bcc.tab
1327,0.0001,-0.6466000000000001,reference,DaRUS-3582/Ti_bcc.tab
1328,0.0001,-0.6474,reference,DaRUS-3582/Ti_bcc.tab
1329,0.0001,-0.6482000000000001,reference,DaRUS-3582/Ti_bcc.tab
1330,0.0001,-0.649,reference,DaRUS-3582/Ti_bcc.tab
1331,0.0001,-0.6497999999999999,reference,DaRUS-3582/Ti_bcc.tab
1332,0.0001,-0.6507000000000001,reference,DaRUS-3582/Ti_bcc.tab
1333,0.0001,-0.6515,reference,DaRUS-3582/Ti_bcc.tab
1334,0.0001,-0.6523,reference,DaRUS-3582/Ti_bcc.tab
1335,0.0001,-0.6531,reference,DaRUS-3582/Ti_bcc.tab
1336,0.0001,-0.6539,reference,DaRUS-3582/Ti_bcc.tab
1337,0.0001,-0.6547000000000001,reference,DaRUS-3582/Ti_bcc.tab
1338,0.0001,-0.6556000000000001,reference,DaRUS-3582/Ti_bcc.tab
1339,0.0001,-0.6564,reference,DaRUS-3582/Ti_bcc.tab
1340,0.0001,-0.6572,reference,DaRUS-3582/Ti_bcc.tab
1341,0.0001,-0.658,reference,DaRUS-3582/Ti_bcc.tab
1342,0.0001,-0.6587999999999999,reference,DaRUS-3582/Ti_bcc.tab
1343,0.0001,-0.6597000000000001,reference,DaRUS-3582/Ti_bcc.tab
1344,0.0001,-0.6605,reference,DaRUS-3582/Ti_bcc.tab
1345,0.0001,-0.6613,reference,DaRUS-3582/Ti_bcc.tab
1346,0.0001,-0.6621,reference,DaRUS-3582/Ti_bcc.tab
1347,0.0001,-0.6629,reference,DaRUS-3582/Ti_bcc.tab
1348,0.0001,-0.6637999999999999,reference,DaRUS-3582/Ti_bcc.tab
1349,0.0001,-0.6646000000000001,reference,DaRUS-3582/Ti_bcc.tab
1350,0.0001,-0.6654,reference,DaRUS-3582/Ti_bcc.tab
1351,0.0001,-0.6662,reference,DaRUS-3582/Ti_bcc.tab
1352,0.0001,-0.6671,reference,DaRUS-3582/Ti_bcc.tab
1353,0.0001,-0.6678999999999999,reference,DaRUS-3582/Ti_bcc.tab
1354,0.0001,-0.6687000000000001,reference,DaRUS-3582/Ti_bcc.tab
1355,0.0001,-0.6695,reference,DaRUS-3582/Ti_bcc.tab
1356,0.0001,-0.6703,reference,DaRUS-3582/Ti_bcc.tab
1357,0.0001,-0.6712,reference,DaRUS-3582/Ti_bcc.tab
1358,0.0001,-0.672,reference,DaRUS-3582/Ti_bcc.tab
1359,0.0001,-0.6728,reference,DaRUS-3582/Ti_bcc.tab
1360,0.0001,-0.6736000000000001,reference,DaRUS-3582/Ti_bcc.tab
1361,0.0001,-0.6745,reference,DaRUS-3582/Ti_bcc.tab
1362,0.0001,-0.6753,reference,DaRUS-3582/Ti_bcc.tab
1363,0.0001,-0.6761,reference,DaRUS-3582/Ti_bcc.tab
1364,0.0001,-0.6768999999999999,reference,DaRUS-3582/Ti_bcc.tab
1365,0.0001,-0.6778,reference,DaRUS-3582/Ti_bcc.tab
1366,0.0001,-0.6786000000000001,reference,DaRUS-3582/Ti_bcc.tab
1367,0.0001,-0.6794,reference,DaRUS-3582/Ti_bcc.tab
1368,0.0001,-0.6802,reference,DaRUS-3582/Ti_bcc.tab
1369,0.0001,-0.6811,reference,DaRUS-3582/Ti_bcc.tab
1370,0.0001,-0.6819,reference,DaRUS-3582/Ti_bcc.tab
1371,0.0001,-0.6827000000000001,reference,DaRUS-3582/Ti_bcc.tab
1372,0.0001,-0.6835,reference,DaRUS-3582/Ti_bcc.tab
1373,0.0001,-0.6844,reference,DaRUS-3582/Ti_bcc.tab
1374,0.0001,-0.6852,reference,DaRUS-3582/Ti_bcc.tab
1375,0.0001,-0.6860000000000001,reference,DaRUS-3582/Ti_bcc.tab
1376,0.0001,-0.6869,reference,DaRUS-3582/Ti_bcc.tab
1377,0.0001,-0.6877000000000001,reference,DaRUS-3582/Ti_bcc.tab
1378,0.0001,-0.6885,reference,DaRUS-3582/Ti_bcc.tab
1379,0.0001,-0.6893,reference,DaRUS-3582/Ti_bcc.tab
1380,0.0001,-0.6902,reference,DaRUS-3582/Ti_bcc.tab
1381,0.0001,-0.6910000000000001,reference,DaRUS-3582/Ti_bcc.tab
1382,0.0001,-0.6918,reference,DaRUS-3582/Ti_bcc.tab
1383,0.0001,-0.6927000000000001,reference,DaRUS-3582/Ti_bcc.tab
1384,0.0001,-0.6935,reference,DaRUS-3582/Ti_bcc.tab
1385,0.0001,-0.6942999999999999,reference,DaRUS-3582/Ti_bcc.tab
1386,0.0001,-0.6951000000000001,reference,DaRUS-3582/Ti_bcc.tab
1387,0.0001,-0.6960000000000001,reference,DaRUS-3582/Ti_bcc.tab
1388,0.0001,-0.6968,reference,DaRUS-3582/Ti_bcc.tab
1389,0.0001,-0.6976,reference,DaRUS-3582/Ti_bcc.tab
1390,0.0001,-0.6985,reference,DaRUS-3582/Ti_bcc.tab
1391,0.0001,-0.6992999999999999,reference,DaRUS-3582/Ti_bcc.tab
1392,0.0001,-0.7001000000000001,reference,DaRUS-3582/Ti_bcc.tab
1393,0.0001,-0.7010000000000001,reference,DaRUS-3582/Ti_bcc.tab
1394,0.0001,-0.7018,reference,DaRUS-3582/Ti_bcc.tab
1395,0.0001,-0.7026,reference,DaRUS-3582/Ti_bcc.tab
1396,0.0001,-0.7035,reference,DaRUS-3582/Ti_bcc.tab
1397,0.0001,-0.7042999999999999,reference,DaRUS-3582/Ti_bcc.tab
1398,0.0001,-0.7051000000000001,reference,DaRUS-3582/Ti_bcc.tab
1399,0.0001,-0.706,reference,DaRUS-3582/Ti_bcc.tab
1400,0.0001,-0.7068,reference,DaRUS-3582/Ti_bcc.tab
1401,0.0001,-0.7076,reference,DaRUS-3582/Ti_bcc.tab
1402,0.0001,-0.7085,reference,DaRUS-3582/Ti_bcc.tab
1403,0.0001,-0.7092999999999999,reference,DaRUS-3582/Ti_bcc.tab
1404,0.0001,-0.7101000000000001,reference,DaRUS-3582/Ti_bcc.tab
1405,0.0001,-0.711,reference,DaRUS-3582/Ti_bcc.tab
1406,0.0001,-0.7118,reference,DaRUS-3582/Ti_bcc.tab
1407,0.0001,-0.7126,reference,DaRUS-3582/Ti_bcc.tab
1408,0.0001,-0.7135,reference,DaRUS-3582/Ti_bcc.tab
1409,0.0001,-0.7142999999999999,reference,DaRUS-3582/Ti_bcc.tab
1410,0.0001,-0.7151000000000001,reference,DaRUS-3582/Ti_bcc.tab
1411,0.0001,-0.716,reference,DaRUS-3582/Ti_bcc.tab
1412,0.0001,-0.7168,reference,DaRUS-3582/Ti_bcc.tab
1413,0.0001,-0.7176,reference,DaRUS-3582/Ti_bcc.tab
1414,0.0001,-0.7185,reference,DaRUS-3582/Ti_bcc.tab
1415,0.0001,-0.7192999999999999,reference,DaRUS-3582/Ti_bcc.tab
1416,0.0001,-0.7202000000000001,reference,DaRUS-3582/Ti_bcc.tab
1417,0.0001,-0.721,reference,DaRUS-3582/Ti_bcc.tab
1418,0.0001,-0.7218,reference,DaRUS-3582/Ti_bcc.tab
1419,0.0001,-0.7227,reference,DaRUS-3582/Ti_bcc.tab
1420,0.0001,-0.7235,reference,DaRUS-3582/Ti_bcc.tab
1421,0.0001,-0.7242999999999999,reference,DaRUS-3582/Ti_bcc.tab
1422,0.0001,-0.7252000000000001,reference,DaRUS-3582/Ti_bcc.tab
1423,0.0001,-0.726,reference,DaRUS-3582/Ti_bcc.tab
1424,0.0001,-0.7269,reference,DaRUS-3582/Ti_bcc.tab
1425,0.0001,-0.7277,reference,DaRUS-3582/Ti_bcc.tab
1426,0.0001,-0.7285,reference,DaRUS-3582/Ti_bcc.tab
1427,0.0001,-0.7293999999999999,reference,DaRUS-3582/Ti_bcc.tab
1428,0.0001,-0.7302000000000001,reference,DaRUS-3582/Ti_bcc.tab
1429,0.0001,-0.7311000000000001,reference,DaRUS-3582/Ti_bcc.tab
1430,0.0001,-0.7319,reference,DaRUS-3582/Ti_bcc.tab
1431,0.0001,-0.7327,reference,DaRUS-3582/Ti_bcc.tab
1432,0.0001,-0.7336,reference,DaRUS-3582/Ti_bcc.tab
1433,0.0001,-0.7343999999999999,reference,DaRUS-3582/Ti_bcc.tab
1434,0.0001,-0.7353,reference,DaRUS-3582/Ti_bcc.tab
1435,0.0001,-0.7361000000000001,reference,DaRUS-3582/Ti_bcc.tab
1436,0.0001,-0.7369,reference,DaRUS-3582/Ti_bcc.tab
1437,0.0001,-0.7378,reference,DaRUS-3582/Ti_bcc.tab
1438,0.0001,-0.7386,reference,DaRUS-3582/Ti_bcc.tab
1439,0.0001,-0.7395,reference,DaRUS-3582/Ti_bcc.tab
1440,0.0001,-0.7403,reference,DaRUS-3582/Ti_bcc.tab
1441,0.0001,-0.7412000000000001,reference,DaRUS-3582/Ti_bcc.tab
1442,0.0001,-0.742,reference,DaRUS-3582/Ti_bcc.tab
1443,0.0001,-0.7428,reference,DaRUS-3582/Ti_bcc.tab
1444,0.0001,-0.7437,reference,DaRUS-3582/Ti_bcc.tab
1445,0.0001,-0.7445000000000001,reference,DaRUS-3582/Ti_bcc.tab
1446,0.0001,-0.7454,reference,DaRUS-3582/Ti_bcc.tab
1447,0.0001,-0.7462000000000001,reference,DaRUS-3582/Ti_bcc.tab
1448,0.0001,-0.7471,reference,DaRUS-3582/Ti_bcc.tab
1449,0.0001,-0.7479,reference,DaRUS-3582/Ti_bcc.tab
1450,0.0001,-0.7487,reference,DaRUS-3582/Ti_bcc.tab
1451,0.0001,-0.7496,reference,DaRUS-3582/Ti_bcc.tab
1452,0.0001,-0.7504,reference,DaRUS-3582/Ti_bcc.tab
1453,0.0001,-0.7513,reference,DaRUS-3582/Ti_bcc.tab
1454,0.0001,-0.7521,reference,DaRUS-3582/Ti_bcc.tab
1455,0.0001,-0.753,reference,DaRUS-3582/Ti_bcc.tab
1456,0.0001,-0.7538,reference,DaRUS-3582/Ti_bcc.tab
1457,0.0001,-0.7547,reference,DaRUS-3582/Ti_bcc.tab
1458,0.0001,-0.7555000000000001,reference,DaRUS-3582/Ti_bcc.tab
1459,0.0001,-0.7564,reference,DaRUS-3582/Ti_bcc.tab
1460,0.0001,-0.7572000000000001,reference,DaRUS-3582/Ti_bcc.tab
1461,0.0001,-0.7581,reference,DaRUS-3582/Ti_bcc.tab
1462,0.0001,-0.7589,reference,DaRUS-3582/Ti_bcc.tab
1463,0.0001,-0.7597,reference,DaRUS-3582/Ti_bcc.tab
1464,0.0001,-0.7606000000000001,reference,DaRUS-3582/Ti_bcc.tab
1465,0.0001,-0.7614,reference,DaRUS-3582/Ti_bcc.tab
1466,0.0001,-0.7623,reference,DaRUS-3582/Ti_bcc.tab
1467,0.0001,-0.7631,reference,DaRUS-3582/Ti_bcc.tab
1468,0.0001,-0.764,reference,DaRUS-3582/Ti_bcc.tab
1469,0.0001,-0.7647999999999999,reference,DaRUS-3582/Ti_bcc.tab
1470,0.0001,-0.7657,reference,DaRUS-3582/Ti_bcc.tab
1471,0.0001,-0.7665000000000001,reference,DaRUS-3582/Ti_bcc.tab
1472,0.0001,-0.7674,reference,DaRUS-3582/Ti_bcc.tab
1473,0.0001,-0.7682000000000001,reference,DaRUS-3582/Ti_bcc.tab
1474,0.0001,-0.7691,reference,DaRUS-3582/Ti_bcc.tab
1475,0.0001,-0.7699,reference,DaRUS-3582/Ti_bcc.tab
1476,0.0001,-0.7707999999999999,reference,DaRUS-3582/Ti_bcc.tab
1477,0.0001,-0.7716000000000001,reference,DaRUS-3582/Ti_bcc.tab
1478,0.0001,-0.7725,reference,DaRUS-3582/Ti_bcc.tab
1479,0.0001,-0.7733,reference,DaRUS-3582/Ti_bcc.tab
1480,0.0001,-0.7742000000000001,reference,DaRUS-3582/Ti_bcc.tab
1481,0.0001,-0.775,reference,DaRUS-3582/Ti_bcc.tab
1482,0.0001,-0.7759,reference,DaRUS-3582/Ti_bcc.tab
1483,0.0001,-0.7767000000000001,reference,DaRUS-3582/Ti_bcc.tab
1484,0.0001,-0.7776000000000001,reference,DaRUS-3582/Ti_bcc.tab
1485,0.0001,-0.7785,reference,DaRUS-3582/Ti_bcc.tab
1486,0.0001,-0.7793,reference,DaRUS-3582/Ti_bcc.tab
1487,0.0001,-0.7802000000000001,reference,DaRUS-3582/Ti_bcc.tab
1488,0.0001,-0.781,reference,DaRUS-3582/Ti_bcc.tab
1489,0.0001,-0.7819,reference,DaRUS-3582/Ti_bcc.tab
1490,0.0001,-0.7827000000000001,reference,DaRUS-3582/Ti_bcc.tab
1491,0.0001,-0.7836000000000001,reference,DaRUS-3582/Ti_bcc.tab
1492,0.0001,-0.7844,reference,DaRUS-3582/Ti_bcc.tab
1493,0.0001,-0.7853,reference,DaRUS-3582/Ti_bcc.tab
1494,0.0001,-0.7861,reference,DaRUS-3582/Ti_bcc.tab
1495,0.0001,-0.787,reference,DaRUS-3582/Ti_bcc.tab
1496,0.0001,-0.7877999999999999,reference,DaRUS-3582/Ti_bcc.tab
1497,0.0001,-0.7887000000000001,reference,DaRUS-3582/Ti_bcc.tab
1498,0.0001,-0.7896000000000001,reference,DaRUS-3582/Ti_bcc.tab
1499,0.0001,-0.7904,reference,DaRUS-3582/Ti_bcc.tab
1500,0.0001,-0.7913,reference,DaRUS-3582/Ti_bcc.tab
1501,0.0001,-0.7921,reference,DaRUS-3582/Ti_bcc.tab
1502,0.0001,-0.793,reference,DaRUS-3582/Ti_bcc.tab
1503,0.0001,-0.7938,reference,DaRUS-3582/Ti_bcc.tab
1504,0.0001,-0.7947000000000001,reference,DaRUS-3582/Ti_bcc.tab
1505,0.0001,-0.7955,reference,DaRUS-3582/Ti_bcc.tab
1506,0.0001,-0.7964,reference,DaRUS-3582/Ti_bcc.tab
1507,0.0001,-0.7973,reference,DaRUS-3582/Ti_bcc.tab
1508,0.0001,-0.7981,reference,DaRUS-3582/Ti_bcc.tab
1509,0.0001,-0.799,reference,DaRUS-3582/Ti_bcc.tab
1510,0.0001,-0.7998,reference,DaRUS-3582/Ti_bcc.tab
1511,0.0001,-0.8007000000000001,reference,DaRUS-3582/Ti_bcc.tab
1512,0.0001,-0.8016000000000001,reference,DaRUS-3582/Ti_bcc.tab
1513,0.0001,-0.8024,reference,DaRUS-3582/Ti_bcc.tab
1514,0.0001,-0.8033,reference,DaRUS-3582/Ti_bcc.tab
1515,0.0001,-0.8041,reference,DaRUS-3582/Ti_bcc.tab
1516,0.0001,-0.805,reference,DaRUS-3582/Ti_bcc.tab
1517,0.0001,-0.8058,reference,DaRUS-3582/Ti_bcc.tab
1518,0.0001,-0.8067000000000001,reference,DaRUS-3582/Ti_bcc.tab
1519,0.0001,-0.8076,reference,DaRUS-3582/Ti_bcc.tab
1520,0.0001,-0.8084,reference,DaRUS-3582/Ti_bcc.tab
1521,0.0001,-0.8093,reference,DaRUS-3582/Ti_bcc.tab
1522,0.0001,-0.8101,reference,DaRUS-3582/Ti_bcc.tab
1523,0.0001,-0.8110000000000001,reference,DaRUS-3582/Ti_bcc.tab
1524,0.0001,-0.8119,reference,DaRUS-3582/Ti_bcc.tab
1525,0.0001,-0.8127000000000001,reference,DaRUS-3582/Ti_bcc.tab
1526,0.0001,-0.8136,reference,DaRUS-3582/Ti_bcc.tab
1527,0.0001,-0.8145,reference,DaRUS-3582/Ti_bcc.tab
