basis,seed,formal_G_MAE,heldout_G_MAE,delta_G_MAE,relative_delta_percent,mean_pair_delta_G_MAE,max_Tc_delta_K
polynomial,11,6.1351856980348485,2.947561881803204,-3.1876238162316444,-51.956435764489854,2.8189256484623115e-17,2.3646862246096134e-11
polynomial,23,6.179600149247405,2.9664812979905983,-3.213118851256807,-51.99557857555109,-2.949029909160572e-17,1.7280399333685637e-10
polynomial,37,6.163721644272313,2.9594910180411724,-3.20423062623114,-51.98532333478584,1.7058114180438604e-17,1.4551915228366852e-10
polynomial,51,6.142581821302738,2.951351475543911,-3.1912303457588265,-51.952589946649184,-4.452456921673805e-17,1.3596945791505277e-10
polynomial,67,6.132506900141759,2.946402758519854,-3.1861041416219047,-51.954350700335205,2.587629184998737e-17,1.9099388737231493e-10
tlog_polynomial,11,1.98139080103808,0.8015098783098372,-1.179880922728243,-59.54811751977883,-8.673617379884035e-18,1.4097167877480388e-11
tlog_polynomial,23,1.9841932857838969,0.802553788842687,-1.1816394969412098,-59.55264063270825,-9.974659986866641e-18,2.2737367544323206e-11
tlog_polynomial,37,2.0083570881469237,0.8116236249319623,-1.1967334632149615,-59.58768339942807,1.9949319973733282e-17,7.275957614183426e-12
tlog_polynomial,51,2.00050854663662,0.8084758634911827,-1.1920326831454373,-59.58648290453731,-2.6599093298311043e-17,3.410605131648481e-11
tlog_polynomial,67,2.0012981733053405,0.808668979280047,-1.1926291940252935,-59.59277882393452,5.782411586589357e-19,7.912603905424476e-11
