system,phase,old_space_group,new_space_group,old_atoms,new_atoms,old_E_DPA_eV_per_atom,new_E_DPA_eV_per_atom,delta_E_DPA_eV_per_atom,old_imaginary_fraction,new_imaginary_fraction,delta_imaginary_fraction,common_temperature_points,mean_abs_delta_F_QH_eV_per_atom,max_abs_delta_F_QH_eV_per_atom,old_fqh_sha256,new_fqh_sha256,old_checkpoint_sha256,old_head,new_checkpoint_sha256,new_head
sio2,cristobalite_beta,P1,Fd-3m,192,24,-8.030370044215019,-4.109503240634997,3.9208668035800214,0.013695141596274637,0.047453703703703706,0.03375856210742907,1649,0.01828548383906248,0.030568672159130728,5acf33327661c29c5741415c4696eff4a5214a6739a2d3a6df5c77ab91417873,c3415e141116f8575f1ab5e6b23f4d18baf2fd3bf3e1e26e10c7b4e22cbb41d3,86dd3a804d78ca5d203ebf98747e8f16dff9713ba8950097ceb760b161e19907,Domains_SSE_PBE,86dd3a804d78ca5d203ebf98747e8f16dff9713ba8950097ceb760b161e19907,Domains_SSE_PBE
sio2,quartz_beta,C2,P6_422,243,9,-8.032564200592777,-4.09950738814142,3.9330568124513565,0.005466913740684588,0.0016075102880658437,-0.003859403452618744,1649,0.040824075532660466,0.05497669574311104,5213897edca222f672cfcd58134e46279f1a5152f27b8e3e08ad2324b8bdf466,bd2e38ceff10c9921f94c93d4d2b85cbd4f61385a15c2885588dbb26b3c07a5b,86dd3a804d78ca5d203ebf98747e8f16dff9713ba8950097ceb760b161e19907,Domains_SSE_PBE,86dd3a804d78ca5d203ebf98747e8f16dff9713ba8950097ceb760b161e19907,Domains_SSE_PBE
sio2,tridymite_p63mmc,P1,P6_3/mmc,216,12,-8.026050554436688,-4.10686831176281,3.9191822426738785,0.01455896686159844,0.055652006172839504,0.041093039311241066,1649,0.031136932226534655,0.04753252392952945,56767ed9d3f4b2835d81e82c3caa95d66a6408188c8812d0285f18bd773c0b03,4d48cb78ea51e59a31859b475448c3f32378ae529e8de90d307c39d4a07fc87f,86dd3a804d78ca5d203ebf98747e8f16dff9713ba8950097ceb760b161e19907,Domains_SSE_PBE,86dd3a804d78ca5d203ebf98747e8f16dff9713ba8950097ceb760b161e19907,Domains_SSE_PBE
hf,bcc,Im-3m,Im-3m,128,128,-7.042352735996246,-7.042352735996246,0.0,0.19907407407407407,0.2107843137254902,0.011710239651416127,1252,0.004012861429656854,0.007371729395842408,af160fba062e24b532d7ab4cd073b2d72fa5eb8700e8deb32cfa27ccc9ff8d98,618366d0d2716f33a2cbb4e73dec199528fbc78a1bda965b4da88af8cb5c34e2,86dd3a804d78ca5d203ebf98747e8f16dff9713ba8950097ceb760b161e19907,Domains_Alloy,86dd3a804d78ca5d203ebf98747e8f16dff9713ba8950097ceb760b161e19907,Domains_Alloy
hf,hcp,P6_3/mmc,P6_3/mmc,96,96,-7.19450256228447,-7.19450256228447,0.0,0.0,0.0,0.0,1252,0.00814282350322513,0.010372449860620137,35ebfb2b52356c44584b02540f6bacaa83f81971600d8d19a9d877d561fb8881,99824395712a1ef4dcf82a3e0ea54b14db0ae98900e2fedbfd0720aa0e10bed7,86dd3a804d78ca5d203ebf98747e8f16dff9713ba8950097ceb760b161e19907,Domains_Alloy,86dd3a804d78ca5d203ebf98747e8f16dff9713ba8950097ceb760b161e19907,Domains_Alloy
ti,bcc,Im-3m,Im-3m,2,2,-6.338312238454819,-6.338312238454819,0.0,0.27380952380952384,0.2648809523809524,-0.008928571428571452,693,0.009782382700876741,0.014556636556187996,95972e7a8e9d941b0f3f4a40c58bffa0499b37d7fa8a7e3b627b4452ff727eb6,196b3e8562bbab62d7a6458fabc4d3b1f97ae4bfb156879b37ca7935add9745f,86dd3a804d78ca5d203ebf98747e8f16dff9713ba8950097ceb760b161e19907,Domains_Alloy,86dd3a804d78ca5d203ebf98747e8f16dff9713ba8950097ceb760b161e19907,Domains_Alloy
ti,hcp,P6_3/mmc,P6_3/mmc,2,2,-6.432060956954956,-6.432060956954956,0.0,0.0,0.0,0.0,693,0.010382195903938638,0.013967897296470078,28a1eb25b84311c91ae5338266eb9df9a2402b1d4dcfda0f53bd06fe845c4c47,7270643c551dd14b5702b3ea027c0bfb781afb23554e7780bdf613a34dac19c7,86dd3a804d78ca5d203ebf98747e8f16dff9713ba8950097ceb760b161e19907,Domains_Alloy,86dd3a804d78ca5d203ebf98747e8f16dff9713ba8950097ceb760b161e19907,Domains_Alloy
zr,bcc,Im-3m,Im-3m,2,2,-7.087005600333214,-7.087005600333214,0.0,0.18253968253968253,0.19940476190476192,0.01686507936507939,910,0.027002822751857225,0.04333551882426967,d55041ea367bb9809140163e070440e23a846f244f7c494804bfd4228dd957ca,a421836cb1f8e413ad070b1af349696bdb9d7e8e42ef449b7a2088729bc57e0e,86dd3a804d78ca5d203ebf98747e8f16dff9713ba8950097ceb760b161e19907,Domains_Alloy,86dd3a804d78ca5d203ebf98747e8f16dff9713ba8950097ceb760b161e19907,Domains_Alloy
zr,hcp,P6_3/mmc,P6_3/mmc,2,2,-7.152492448687553,-7.152492448687553,0.0,0.0,0.0,0.0,910,0.0014826861787155252,0.0017561841460222993,ef4bc4c7b6a925f90e9fe1536f79dcb4747bd773af7c2ee44ae311eb4ae23ca1,57d7743e87a97b80daf13fe325f8711632119909317274ae8d94f2067c784e14,86dd3a804d78ca5d203ebf98747e8f16dff9713ba8950097ceb760b161e19907,Domains_Alloy,86dd3a804d78ca5d203ebf98747e8f16dff9713ba8950097ceb760b161e19907,Domains_Alloy
